"","year","stand","trap","species","filledseeds","emptyseeds","cones","conefilledseeds","coneemptyseeds","totconeseeds"
"1",2018,"AB08",1,"THPL",1,0,0,0,0,0
"2",2018,"AB08",1,"TSHE",5,22,11,0,0,0
"3",2018,"AB08",2,"TSHE",1,26,12,0,0,0
"4",2018,"AB08",3,"THPL",1,1,1,0,0,0
"5",2018,"AB08",3,"TSHE",7,26,0,0,0,0
"6",2018,"AB08",4,"TSHE",9,23,6,0,1,1
"7",2018,"AB08",5,"TSHE",5,22,10,0,0,0
"8",2018,"AB08",6,"PSME",1,0,0,0,0,0
"9",2018,"AB08",6,"TSHE",2,21,19,0,0,0
"10",2018,"AE10",1,"ABAM",0,1,0,0,0,0
"11",2018,"AE10",1,"ABLA",0,1,0,0,0,0
"12",2018,"AE10",1,"CANO",5,2,0,0,0,0
"13",2018,"AE10",2,"ABAM",0,1,0,0,0,0
"14",2018,"AE10",2,"ABLA",1,0,0,0,0,0
"15",2018,"AE10",2,"CANO",1,2,0,0,0,0
"16",2018,"AE10",2,"TSME",2,0,0,0,0,0
"17",2018,"AE10",3,"CANO",8,3,0,0,0,0
"18",2018,"AE10",4,"ABAM",0,1,0,0,0,0
"19",2018,"AE10",4,"CANO",0,1,0,0,0,0
"20",2018,"AE10",4,"TSME",1,0,0,0,0,0
"21",2018,"AE10",5,"ABAM",0,2,0,0,0,0
"22",2018,"AE10",5,"CANO",4,0,0,0,0,0
"23",2018,"AE10",5,"TSME",1,0,0,0,0,0
"24",2018,"AE10",6,"ABLA",0,1,0,0,0,0
"25",2018,"AE10",6,"CANO",7,1,0,0,0,0
"26",2018,"AE10",6,"TSME",1,1,0,0,0,0
"27",2018,"AG05",1,"ABAM",1,3,0,0,0,0
"28",2018,"AG05",1,"PSME",7,1,0,0,0,0
"29",2018,"AG05",1,"THPL",61,39,6,11,3,14
"30",2018,"AG05",1,"TSHE",11,0,0,0,0,0
"31",2018,"AG05",2,"ABAM",3,1,0,0,0,0
"32",2018,"AG05",2,"PSME",3,0,0,0,0,0
"33",2018,"AG05",2,"THPL",54,20,3,0,0,0
"34",2018,"AG05",2,"TSHE",1,1,0,0,0,0
"35",2018,"AG05",3,"ABAM",6,3,0,0,0,0
"36",2018,"AG05",3,"PSME",4,2,0,1,0,1
"37",2018,"AG05",3,"THPL",45,46,7,10,7,17
"38",2018,"AG05",3,"TSHE",7,3,0,0,0,0
"39",2018,"AG05",4,"ABAM",4,1,0,0,0,0
"40",2018,"AG05",4,"PSME",3,1,0,0,0,0
"41",2018,"AG05",4,"THPL",45,28,23,19,13,32
"42",2018,"AG05",4,"TSHE",4,3,0,0,0,0
"43",2018,"AG05",5,"ABAM",1,2,0,0,0,0
"44",2018,"AG05",5,"PSME",9,3,0,0,0,0
"45",2018,"AG05",5,"THPL",48,43,9,19,9,28
"46",2018,"AG05",5,"THPL",1,0,0,0,0,0
"47",2018,"AG05",5,"TSHE",3,1,0,0,0,0
"48",2018,"AG05",5,"TSHE",105,43,16,4,2,6
"49",2018,"AG05",6,"ABAM",1,1,0,0,0,0
"50",2018,"AG05",6,"PSME",5,1,1,0,0,0
"51",2018,"AG05",6,"THPL",24,25,22,59,44,103
"52",2018,"AG05",6,"TSHE",1,3,0,0,0,0
"53",2018,"AM16",1,"TSHE",0,5,1,0,0,0
"54",2018,"AM16",2,"TSHE",1,3,0,0,0,0
"55",2018,"AM16",3,"CANO",3,0,0,0,0,0
"56",2018,"AM16",3,"TSHE",2,2,1,0,0,0
"57",2018,"AM16",3,"TSME",0,0,2,0,0,0
"58",2018,"AM16",4,"CANO",1,0,0,0,0,0
"59",2018,"AM16",4,"TSHE",1,7,0,0,0,0
"60",2018,"AM16",5,"CANO",5,0,0,0,0,0
"61",2018,"AM16",5,"TSHE",2,14,0,0,0,0
"62",2018,"AM16",5,"TSME",2,2,0,0,0,0
"63",2018,"AM16",6,"CANO",4,0,2,0,0,0
"64",2018,"AM16",6,"TSHE",3,11,0,0,0,0
"65",2018,"AO03",1,"PSME",1,1,0,0,0,0
"66",2018,"AO03",1,"THPL",7,8,1,3,1,4
"67",2018,"AO03",1,"TSHE",35,13,11,0,0,0
"68",2018,"AO03",2,"PSME",1,0,0,0,0,0
"69",2018,"AO03",2,"THPL",4,4,11,9,31,40
"70",2018,"AO03",2,"TSHE",27,17,8,2,4,6
"71",2018,"AO03",3,"ABAM",1,0,0,0,0,0
"72",2018,"AO03",3,"PSME",3,1,0,0,0,0
"73",2018,"AO03",3,"THPL",2,4,8,0,6,6
"74",2018,"AO03",3,"TSHE",74,54,42,11,14,25
"75",2018,"AO03",4,"PSME",20,26,1,4,0,4
"76",2018,"AO03",4,"THPL",13,15,18,4,27,31
"77",2018,"AO03",4,"TSHE",35,39,12,1,4,5
"78",2018,"AO03",6,"PSME",24,8,11,12,4,16
"79",2018,"AO03",6,"THPL",1,2,3,3,10,13
"80",2018,"AO03",6,"TSHE",7,15,0,0,0,0
"81",2018,"AO03",5,"PSME",9,0,1,6,0,6
"82",2018,"AO03",5,"THPL",5,10,1,1,6,7
"83",2018,"AO03",5,"TSHE",18,23,4,5,1,6
"84",2018,"AR07",1,"CANO",2,0,0,0,0,0
"85",2018,"AR07",1,"TSME",3,4,1,1,0,1
"86",2018,"AR07",2,"CANO",0,0,7,5,0,5
"87",2018,"AR07",2,"TSME",2,2,1,0,1,1
"88",2018,"AR07",3,"CANO",5,1,4,2,0,2
"89",2018,"AR07",3,"TSME",0,3,0,0,0,0
"90",2018,"AR07",4,"CANO",4,1,2,0,2,2
"91",2018,"AR07",4,"TSME",1,2,0,0,0,0
"92",2018,"AR07",5,"CANO",2,0,0,0,0,0
"93",2018,"AR07",5,"TSME",0,1,0,0,0,0
"94",2018,"AR07",6,"CANO",7,1,2,0,0,0
"95",2018,"AR07",6,"TSME",1,2,0,0,0,0
"96",2018,"AV02",1,"PSME",2,2,0,0,0,0
"97",2018,"AV02",1,"THPL",2,0,0,0,0,0
"98",2018,"AV02",1,"TSHE",69,29,17,0,7,7
"99",2018,"AV02",2,"PSME",4,0,0,0,0,0
"100",2018,"AV02",2,"TSHE",63,27,26,31,6,37
"101",2018,"AV02",3,"ABAM",0,0,0,1,0,1
"102",2018,"AV02",3,"PSME",0,3,0,0,0,0
"103",2018,"AV02",3,"TSHE",71,41,13,8,1,9
"104",2018,"AV02",4,"ABAM",1,0,0,0,0,0
"105",2018,"AV02",4,"PSME",1,0,0,0,0,0
"106",2018,"AV02",4,"TSHE",76,39,27,13,13,26
"107",2018,"AV02",5,"ABAM",2,0,0,0,0,0
"108",2018,"AV02",5,"PSME",1,0,0,0,0,0
"109",2018,"AV02",6,"ABAM",8,1,0,0,0,0
"110",2018,"AV02",6,"PSME",1,1,0,0,0,0
"111",2018,"AV02",6,"TSHE",70,31,7,3,1,4
"112",2018,"AV06",1,"ABAM",2,0,0,0,0,0
"113",2018,"AV06",1,"THPL",2,2,0,0,0,0
"114",2018,"AV06",1,"TSHE",2,8,1,0,0,0
"115",2018,"AV06",2,"ABAM",1,0,0,0,0,0
"116",2018,"AV06",2,"THPL",2,2,0,0,0,0
"117",2018,"AV06",2,"TSHE",15,3,24,10,0,10
"118",2018,"AV06",3,"PSME",0,1,0,0,0,0
"119",2018,"AV06",3,"THPL",3,0,0,0,0,0
"120",2018,"AV06",3,"TSHE",20,2,27,0,14,14
"121",2018,"AV06",4,"ABAM",0,2,0,0,0,0
"122",2018,"AV06",4,"PSME",1,1,0,0,0,0
"123",2018,"AV06",4,"TSHE",3,5,10,0,0,0
"124",2018,"AV06",5,"ABAM",7,0,0,0,0,0
"125",2018,"AV06",5,"PSME",0,2,0,0,0,0
"126",2018,"AV06",5,"THPL",1,1,0,0,0,0
"127",2018,"AV06",5,"TSHE",3,12,1,0,0,0
"128",2018,"AV06",6,"ABAM",3,2,0,0,0,0
"129",2018,"AV06",6,"THPL",0,0,1,0,0,0
"130",2018,"AV06",6,"TSHE",0,5,0,0,0,0
"131",2018,"AV14",1,"ABAM",1,0,0,0,1,1
"132",2018,"AV14",1,"TSHE",31,4,2,0,0,0
"133",2018,"AV14",2,"ABAM",1,1,0,0,0,0
"134",2018,"AV14",2,"TSHE",33,2,4,0,0,0
"135",2018,"AV14",3,"ABAM",2,0,0,0,0,0
"136",2018,"AV14",3,"TSHE",21,0,86,55,1,56
"137",2018,"AV14",4,"TSHE",28,3,50,20,2,22
"138",2018,"AV14",5,"ABAM",0,1,0,0,0,0
"139",2018,"AV14",5,"TSHE",40,2,17,4,0,4
"140",2018,"AV14",6,"TSHE",39,6,21,0,0,0
"141",2018,"AX15",1,"THPL",5,2,0,0,0,0
"142",2018,"AX15",1,"TSHE",12,3,3,6,2,8
"143",2018,"AX15",2,"PSME",2,1,0,0,0,0
"144",2018,"AX15",2,"THPL",3,0,0,0,0,0
"145",2018,"AX15",2,"TSHE",16,3,2,0,0,0
"146",2018,"AX15",3,"THPL",1,1,0,0,0,0
"147",2018,"AX15",3,"TSHE",23,2,7,2,0,2
"148",2018,"AX15",4,"TSHE",12,2,0,0,0,0
"149",2018,"AX15",5,"PSME",0,1,0,0,0,0
"150",2018,"AX15",5,"THPL",1,0,5,7,0,7
"151",2018,"AX15",5,"TSHE",10,3,2,0,0,0
"152",2018,"AX15",6,"THPL",3,2,13,10,13,23
"153",2018,"AX15",6,"TSHE",11,1,5,0,0,0
"154",2018,"PARA",1,"TSME",3,0,0,0,0,0
"155",2018,"PARA",2,"ABAM",1,0,0,0,0,0
"156",2018,"PARA",2,"ABLA",2,0,0,0,0,0
"157",2018,"PARA",2,"TSME",1,0,1,4,0,4
"158",2018,"PARA",3,"ABAM",1,0,0,0,0,0
"159",2018,"PARA",3,"ABLA",2,0,0,0,0,0
"160",2018,"PARA",3,"CANO",0,1,0,0,0,0
"161",2018,"PARA",3,"TSME",5,0,0,0,0,0
"162",2018,"PARA",4,"ABLA",1,0,0,0,0,0
"163",2018,"PARA",4,"TSME",1,0,1,0,0,0
"164",2018,"PARA",5,"ABAM",0,1,0,0,0,0
"165",2018,"PARA",5,"TSME",3,0,1,0,0,0
"166",2018,"PARA",6,"CANO",1,0,0,0,0,0
"167",2018,"PARA",6,"TSME",5,0,1,0,0,0
"168",2018,"PP17",1,"PICO",6,8,0,0,0,0
"169",2018,"PP17",1,"PIEN",1,0,0,0,0,0
"170",2018,"PP17",1,"PSME",1,2,0,0,0,0
"171",2018,"PP17",1,"TSHE",0,1,0,0,0,0
"172",2018,"PP17",2,"PICO",11,9,0,0,0,0
"173",2018,"PP17",2,"PSME",1,1,0,0,0,0
"174",2018,"PP17",3,"PICO",3,13,0,0,0,0
"175",2018,"PP17",3,"TSME",1,0,0,0,0,0
"176",2018,"PP17",4,"PICO",1,0,0,0,0,0
"177",2018,"PP17",4,"PSME",3,0,0,0,0,0
"178",2018,"PP17",5,"PICO",3,0,0,0,0,0
"179",2018,"PP17",6,"PICO",2,1,0,0,0,0
"180",2018,"PP17",6,"PSME",5,5,0,0,0,0
"181",2018,"SPRY",1,"CANO",1,1,0,0,0,0
"182",2018,"SPRY",2,"TSME",0,1,0,0,0,0
"183",2018,"SPRY",3,"TSME",1,0,0,0,0,0
"184",2018,"SPRY",4,"TSME",4,0,1,9,5,14
"185",2018,"SPRY",6,"CANO",0,1,1,3,1,4
"186",2018,"SPRY",6,"TSME",1,0,0,0,0,0
"187",2018,"SUNR",1,"CANO",1,1,0,0,0,0
"188",2018,"SUNR",2,"CANO",1,1,0,0,0,0
"189",2018,"SUNR",3,"CANO",0,0,1,0,0,0
"190",2018,"SUNR",4,"CANO",0,5,0,0,0,0
"191",2018,"SUNR",5,"ABAM",0,1,0,0,0,0
"192",2018,"SUNR",5,"TSME",1,1,0,0,0,0
"193",2018,"SUNR",6,"ABAM",2,0,0,0,0,0
"194",2018,"TA01",1,"PSME",6,6,0,0,0,0
"195",2018,"TA01",1,"TSHE",22,3,1,4,0,4
"196",2018,"TA01",2,"PSME",7,6,0,0,0,0
"197",2018,"TA01",2,"TSHE",23,3,0,0,0,0
"198",2018,"TA01",3,"PSME",9,5,0,0,0,0
"199",2018,"TA01",3,"TSHE",18,1,0,0,0,0
"200",2018,"TA01",4,"PSME",5,5,0,0,0,0
"201",2018,"TA01",4,"TSHE",10,4,0,0,0,0
"202",2018,"TA01",5,"PSME",10,4,0,0,0,0
"203",2018,"TA01",5,"TSHE",7,2,0,0,0,0
"204",2018,"TA01",6,"PSME",10,3,2,9,18,27
"205",2018,"TA01",6,"TSHE",11,5,2,0,0,0
"206",2018,"TB13",1,"PSME",2,5,1,0,0,0
"207",2018,"TB13",1,"THPL",3,2,0,0,0,0
"208",2018,"TB13",1,"TSHE",10,19,9,0,0,0
"209",2018,"TB13",2,"PSME",4,3,0,0,0,0
"210",2018,"TB13",2,"THPL",4,10,2,0,0,0
"211",2018,"TB13",2,"TSHE",2,24,12,0,7,7
"212",2018,"TB13",3,"PSME",5,2,0,0,0,0
"213",2018,"TB13",3,"THPL",17,17,1,8,1,9
"214",2018,"TB13",3,"TSHE",60,13,10,3,0,3
"215",2018,"TB13",4,"PSME",7,3,1,1,12,13
"216",2018,"TB13",4,"THPL",10,9,5,4,2,6
"217",2018,"TB13",4,"TSHE",12,22,8,0,3,3
"218",2018,"TB13",5,"PSME",5,2,1,0,0,0
"219",2018,"TB13",5,"THPL",6,1,20,22,28,50
"220",2018,"TB13",5,"TSHE",4,19,11,1,3,4
"221",2018,"TB13",6,"PSME",4,0,0,0,0,0
"222",2018,"TB13",6,"THPL",11,18,27,36,17,53
"223",2018,"TB13",6,"TSHE",2,36,5,1,4,5
"224",2018,"TO04",1,"PSME",3,3,0,0,0,0
"225",2018,"TO04",1,"THPL",12,25,6,3,1,4
"226",2018,"TO04",1,"TSHE",90,39,29,55,12,67
"227",2018,"TO04",2,"PSME",1,1,0,0,0,0
"228",2018,"TO04",2,"THPL",32,29,3,2,0,2
"229",2018,"TO04",2,"TSHE",97,44,33,111,48,159
"230",2018,"TO04",3,"PSME",1,2,0,0,0,0
"231",2018,"TO04",3,"THPL",53,52,7,3,1,4
"232",2018,"TO04",3,"TSHE",93,25,2,3,2,5
"233",2018,"TO04",4,"PSME",2,2,0,0,0,0
"234",2018,"TO04",4,"THPL",46,54,14,14,13,27
"235",2018,"TO04",4,"TSHE",42,37,2,18,6,24
"236",2018,"TO04",5,"PSME",1,0,0,0,0,0
"237",2018,"TO04",5,"THPL",117,138,32,27,17,44
"238",2018,"TO04",5,"TSHE",95,30,0,0,0,0
"239",2018,"TO04",6,"PSME",1,0,0,0,0,0
"240",2018,"TO04",6,"THPL",42,65,40,31,37,68
"241",2018,"TO04",6,"TSHE",28,17,3,0,0,0
"242",2018,"TO11",1,"PSME",4,3,0,0,0,0
"243",2018,"TO11",1,"THPL",4,5,0,0,0,0
"244",2018,"TO11",1,"TSHE",82,55,13,7,10,17
"245",2018,"TO11",2,"PSME",5,5,0,0,0,0
"246",2018,"TO11",2,"THPL",1,6,0,0,0,0
"247",2018,"TO11",2,"TSHE",240,189,14,17,6,23
"248",2018,"TO11",3,"PSME",1,4,0,0,0,0
"249",2018,"TO11",3,"THPL",0,3,0,0,0,0
"250",2018,"TO11",3,"TSHE",77,66,43,23,13,36
"251",2018,"TO11",4,"PSME",2,2,0,0,0,0
"252",2018,"TO11",4,"THPL",4,2,0,0,0,0
"253",2018,"TO11",4,"TSHE",28,24,52,33,32,65
"254",2018,"TO11",5,"THPL",5,12,0,0,0,0
"255",2018,"TO11",5,"TSHE",34,51,61,42,42,84
"256",2018,"TO11",6,"PSME",1,0,1,2,0,2
"257",2018,"TO11",6,"THPL",7,4,0,0,0,0
"258",2018,"TO11",6,"TSHE",11,37,18,1,1,2
"259",2019,"AB08",1,"ABAM",2,1,0,0,0,0
"260",2019,"AB08",1,"PSME",8,2,0,0,0,0
"261",2019,"AB08",1,"THPL",9,1,0,0,0,0
"262",2019,"AB08",1,"TSHE",837,7,2,12,0,12
"263",2019,"AB08",1,"TSME",1,0,0,0,0,0
"264",2019,"AB08",2,"ABAM",0,1,0,0,0,0
"265",2019,"AB08",2,"CANO",1,0,0,0,0,0
"266",2019,"AB08",2,"PSME",2,4,0,0,0,0
"267",2019,"AB08",2,"THPL",4,0,0,0,0,0
"268",2019,"AB08",2,"TSHE",745,39,6,15,0,15
"269",2019,"AB08",3,"ABAM",1,0,0,0,0,0
"270",2019,"AB08",3,"PSME",4,3,0,0,0,0
"271",2019,"AB08",3,"THPL",9,0,0,0,0,0
"272",2019,"AB08",3,"TSHE",586,36,5,0,0,0
"273",2019,"AB08",4,"ABAM",1,0,0,0,0,0
"274",2019,"AB08",4,"ALRU",1,0,0,0,0,0
"275",2019,"AB08",4,"PSME",6,7,0,0,0,0
"276",2019,"AB08",4,"THPL",9,1,0,0,0,0
"277",2019,"AB08",4,"TSHE",588,25,9,4,0,4
"278",2019,"AB08",5,"ABAM",2,0,0,0,0,0
"279",2019,"AB08",5,"PSME",6,8,0,0,0,0
"280",2019,"AB08",5,"THPL",17,2,0,0,0,0
"281",2019,"AB08",5,"TSHE",627,72,12,3,2,5
"282",2019,"AB08",6,"PSME",4,5,0,0,0,0
"283",2019,"AB08",6,"THPL",16,0,0,0,0,0
"284",2019,"AB08",6,"TSHE",678,49,21,4,1,5
"285",2019,"AE10",1,"ABAM",34,7,0,1,0,1
"286",2019,"AE10",1,"CANO",28,2,0,0,0,0
"287",2019,"AE10",1,"TSME",2,0,0,0,0,0
"288",2019,"AE10",2,"ABAM",28,5,0,0,0,0
"289",2019,"AE10",2,"CANO",20,4,0,0,0,0
"290",2019,"AE10",2,"TSME",5,0,0,0,0,0
"291",2019,"AE10",3,"ABAM",25,7,0,0,2,2
"292",2019,"AE10",3,"CANO",54,10,0,0,0,0
"293",2019,"AE10",3,"TSME",12,1,0,0,0,0
"294",2019,"AE10",4,"ABAM",30,3,0,0,0,0
"295",2019,"AE10",4,"CANO",25,2,0,0,0,0
"296",2019,"AE10",4,"TSME",8,0,0,0,0,0
"297",2019,"AE10",5,"ABAM",45,12,0,0,1,1
"298",2019,"AE10",5,"CANO",58,1,0,0,0,0
"299",2019,"AE10",5,"TSME",15,0,0,0,0,0
"300",2019,"AE10",6,"ABAM",12,3,0,0,0,0
"301",2019,"AE10",6,"ABLA",5,4,0,0,0,0
"302",2019,"AE10",6,"ABPR",7,0,0,0,0,0
"303",2019,"AE10",6,"CANO",56,0,0,0,0,0
"304",2019,"AE10",6,"TSME",9,0,0,0,0,0
"305",2019,"AG05",1,"ABAM",10,6,0,0,0,0
"306",2019,"AG05",1,"PSME",23,16,0,0,0,0
"307",2019,"AG05",1,"THPL",232,65,1,0,0,0
"308",2019,"AG05",1,"TSHE",129,5,0,0,1,1
"309",2019,"AG05",2,"ABAM",11,4,0,0,0,0
"310",2019,"AG05",2,"PSME",19,6,0,0,0,0
"311",2019,"AG05",2,"THPL",187,52,1,0,4,4
"312",2019,"AG05",2,"TSHE",123,3,0,0,0,0
"313",2019,"AG05",3,"ABAM",19,12,0,0,2,2
"314",2019,"AG05",3,"PSME",23,7,0,0,0,0
"315",2019,"AG05",3,"THPL",171,75,5,3,1,4
"316",2019,"AG05",3,"TSHE",123,16,0,0,0,0
"317",2019,"AG05",4,"ABAM",12,8,0,1,8,9
"318",2019,"AG05",4,"PSME",12,17,0,0,0,0
"319",2019,"AG05",4,"THPL",175,116,8,27,5,32
"320",2019,"AG05",4,"TSHE",206,26,0,0,1,1
"321",2019,"AG05",5,"ABAM",10,22,0,0,0,0
"322",2019,"AG05",5,"PSME",33,16,0,0,0,0
"323",2019,"AG05",5,"THPL",510,62,23,102,34,136
"324",2019,"AG05",5,"TSHE",203,8,1,0,0,0
"325",2019,"AG05",5,"TSME",1,0,0,0,0,0
"326",2019,"AG05",6,"ABAM",9,6,0,0,0,0
"327",2019,"AG05",6,"ALRU",1,0,0,0,0,0
"328",2019,"AG05",6,"PSME",36,19,2,15,4,19
"329",2019,"AG05",6,"THPL",273,19,10,29,6,35
"330",2019,"AG05",6,"TSHE",305,21,0,0,0,0
"331",2019,"AM16",1,"ABAM",4,0,0,0,0,0
"332",2019,"AM16",1,"CANO",25,0,2,2,0,2
"333",2019,"AM16",1,"TSHE",182,6,0,0,0,0
"334",2019,"AM16",1,"TSME",27,2,0,0,0,0
"335",2019,"AM16",2,"ABAM",4,0,0,0,0,0
"336",2019,"AM16",2,"CANO",25,1,1,13,0,13
"337",2019,"AM16",2,"PSME",1,3,0,0,0,0
"338",2019,"AM16",2,"TSHE",409,9,0,0,0,0
"339",2019,"AM16",2,"TSME",33,3,0,0,0,0
"340",2019,"AM16",3,"ABAM",2,0,0,0,0,0
"341",2019,"AM16",3,"CANO",22,1,0,0,0,0
"342",2019,"AM16",3,"TSHE",214,3,0,0,0,0
"343",2019,"AM16",3,"TSME",63,2,0,0,0,0
"344",2019,"AM16",4,"ABAM",1,1,0,0,0,0
"345",2019,"AM16",4,"CANO",19,2,1,0,0,0
"346",2019,"AM16",4,"TSHE",132,10,0,0,0,0
"347",2019,"AM16",4,"TSME",48,1,0,0,0,0
"348",2019,"AM16",5,"ABAM",1,0,0,0,0,0
"349",2019,"AM16",5,"ALVI",2,0,0,0,0,0
"350",2019,"AM16",5,"CANO",66,11,5,4,1,5
"351",2019,"AM16",5,"PSME",2,2,0,0,0,0
"352",2019,"AM16",5,"THPL",0,1,0,0,0,0
"353",2019,"AM16",5,"TSHE",218,12,0,0,0,0
"354",2019,"AM16",5,"TSME",66,4,0,0,0,0
"355",2019,"AM16",6,"CANO",92,24,14,9,0,9
"356",2019,"AM16",6,"PSME",1,0,0,0,0,0
"357",2019,"AM16",6,"TSHE",250,27,0,0,0,0
"358",2019,"AM16",6,"TSME",47,2,0,0,0,0
"359",2019,"AO03",4,"ABAM",7,2,0,1,0,1
"360",2019,"AO03",4,"PSME",40,45,2,32,8,40
"361",2019,"AO03",4,"THPL",1098,55,10,69,2,71
"362",2019,"AO03",4,"TSHE",555,56,8,16,3,19
"363",2019,"AO03",5,"ABAM",9,2,0,0,0,0
"364",2019,"AO03",5,"PSME",73,28,5,37,26,63
"365",2019,"AO03",5,"THPL",832,303,1,0,2,2
"366",2019,"AO03",5,"TSHE",393,64,5,19,2,21
"367",2019,"AO03",6,"ABAM",3,2,0,0,0,0
"368",2019,"AO03",6,"PSME",18,12,9,1,3,4
"369",2019,"AO03",6,"THPL",410,313,1,2,3,5
"370",2019,"AO03",6,"TSHE",246,45,2,1,3,4
"371",2019,"AR07",1,"ABAM",5,1,0,0,0,0
"372",2019,"AR07",1,"CANO",60,1,5,17,0,17
"373",2019,"AR07",1,"TSME",111,4,1,0,0,0
"374",2019,"AR07",2,"ABAM",15,4,0,0,0,0
"375",2019,"AR07",2,"CANO",90,0,15,2,37,39
"376",2019,"AR07",2,"TSME",105,11,0,0,0,0
"377",2019,"AR07",3,"ABAM",6,4,0,0,0,0
"378",2019,"AR07",3,"CANO",52,3,9,13,0,13
"379",2019,"AR07",3,"TSME",105,4,0,0,0,0
"380",2019,"AR07",4,"ABAM",8,1,0,0,0,0
"381",2019,"AR07",4,"CANO",20,2,0,0,0,0
"382",2019,"AR07",4,"TSME",78,8,0,0,0,0
"383",2019,"AR07",5,"ABAM",11,3,0,0,0,0
"384",2019,"AR07",5,"CANO",13,1,2,3,1,4
"385",2019,"AR07",5,"TSME",56,18,1,0,5,5
"386",2019,"AR07",6,"ABAM",10,6,0,0,0,0
"387",2019,"AR07",6,"CANO",35,2,8,26,0,26
"388",2019,"AR07",6,"TSME",118,4,0,0,0,0
"389",2019,"AV02",1,"ABAM",5,2,0,0,0,0
"390",2019,"AV02",1,"PSME",2,0,0,0,0,0
"391",2019,"AV02",1,"THPL",25,6,0,0,0,0
"392",2019,"AV02",1,"TSHE",700,85,4,1,0,1
"393",2019,"AV02",2,"ABAM",11,8,0,0,0,0
"394",2019,"AV02",2,"THPL",27,0,0,0,0,0
"395",2019,"AV02",2,"TSHE",447,100,8,1,0,1
"396",2019,"AV02",3,"ABAM",14,3,0,0,0,0
"397",2019,"AV02",3,"PSME",0,3,0,0,0,0
"398",2019,"AV02",3,"THPL",24,1,0,0,0,0
"399",2019,"AV02",3,"TSHE",492,66,7,3,0,3
"400",2019,"AV02",4,"ABAM",8,6,0,0,0,0
"401",2019,"AV02",4,"PSME",0,1,0,0,0,0
"402",2019,"AV02",4,"THPL",16,0,0,0,0,0
"403",2019,"AV02",4,"TSHE",358,59,10,12,0,12
"404",2019,"AV02",5,"ABAM",22,16,0,0,1,1
"405",2019,"AV02",5,"PSME",2,0,0,0,0,0
"406",2019,"AV02",5,"THPL",21,0,0,0,0,0
"407",2019,"AV02",5,"TSHE",636,79,2,0,0,0
"408",2019,"AV02",6,"ABAM",34,27,0,1,2,3
"409",2019,"AV02",6,"THPL",14,5,0,0,0,0
"410",2019,"AV02",6,"TSHE",370,15,1,0,0,0
"411",2019,"AV06",1,"ABAM",3,1,0,0,0,0
"412",2019,"AV06",1,"PSME",7,1,0,0,0,0
"413",2019,"AV06",1,"THPL",4,1,0,0,0,0
"414",2019,"AV06",1,"TSHE",220,12,1,0,0,0
"415",2019,"AV06",2,"ABAM",3,1,0,0,0,0
"416",2019,"AV06",2,"PSME",6,5,0,0,0,0
"417",2019,"AV06",2,"THPL",5,0,0,0,0,0
"418",2019,"AV06",2,"TSHE",191,6,18,0,3,3
"419",2019,"AV06",3,"ABAM",4,4,0,0,0,0
"420",2019,"AV06",3,"PSME",4,4,0,0,0,0
"421",2019,"AV06",3,"THPL",2,1,0,0,0,0
"422",2019,"AV06",3,"TSHE",212,9,0,0,0,0
"423",2019,"AV06",4,"ABAM",10,7,0,1,1,2
"424",2019,"AV06",4,"PSME",7,1,0,0,0,0
"425",2019,"AV06",4,"THPL",6,1,0,0,0,0
"426",2019,"AV06",4,"TSHE",204,17,14,5,2,7
"427",2019,"AV06",5,"ABAM",13,10,0,0,0,0
"428",2019,"AV06",5,"CANO",1,0,0,0,0,0
"429",2019,"AV06",5,"PSME",5,0,0,0,0,0
"430",2019,"AV06",5,"THPL",8,4,0,0,0,0
"431",2019,"AV06",5,"TSHE",197,20,0,0,0,0
"432",2019,"AV06",6,"ABAM",9,7,0,0,0,0
"433",2019,"AV06",6,"PSME",8,5,0,0,0,0
"434",2019,"AV06",6,"THPL",2,4,0,0,0,0
"435",2019,"AV06",6,"TSHE",106,4,0,0,0,0
"436",2019,"AV14",1,"ABAM",3,5,0,0,1,1
"437",2019,"AV14",1,"THPL",1,0,0,0,0,0
"438",2019,"AV14",1,"TSHE",990,13,14,30,2,32
"439",2019,"AV14",2,"ABAM",1,0,0,0,0,0
"440",2019,"AV14",2,"CANO",1,1,0,0,0,0
"441",2019,"AV14",2,"PSME",1,0,0,0,0,0
"442",2019,"AV14",2,"THPL",1,0,0,0,0,0
"443",2019,"AV14",2,"TSHE",1042,53,8,50,3,53
"444",2019,"AV14",3,"ABAM",8,8,0,0,0,0
"445",2019,"AV14",3,"TSHE",1238,237,134,263,88,351
"446",2019,"AV14",4,"ABAM",6,2,0,0,0,0
"447",2019,"AV14",4,"TSHE",1256,83,62,214,0,214
"448",2019,"AV14",5,"ABAM",5,5,0,0,0,0
"449",2019,"AV14",5,"PSME",2,0,0,0,0,0
"450",2019,"AV14",5,"TSHE",596,133,39,33,13,46
"451",2019,"AV14",6,"ABAM",8,0,0,0,0,0
"452",2019,"AV14",6,"CANO",3,0,0,0,0,0
"453",2019,"AV14",6,"TSHE",830,37,8,55,6,61
"454",2019,"AX15",1,"PSME",2,0,0,0,0,0
"455",2019,"AX15",1,"THPL",74,16,4,10,0,10
"456",2019,"AX15",1,"TSHE",771,12,7,19,0,19
"457",2019,"AX15",2,"PSME",2,0,0,0,0,0
"458",2019,"AX15",2,"THPL",36,3,0,0,0,0
"459",2019,"AX15",2,"TSHE",677,109,3,0,0,0
"460",2019,"AX15",3,"PSME",1,0,0,0,0,0
"461",2019,"AX15",3,"THPL",16,2,0,0,0,0
"462",2019,"AX15",3,"TSHE",740,37,2,1,0,1
"463",2019,"AX15",4,"PSME",1,5,0,0,0,0
"464",2019,"AX15",4,"THPL",3,0,0,0,0,0
"465",2019,"AX15",4,"TSHE",649,27,2,0,0,0
"466",2019,"AX15",5,"PSME",2,1,0,0,0,0
"467",2019,"AX15",5,"THPL",6,0,0,0,0,0
"468",2019,"AX15",5,"TSHE",817,32,9,5,2,7
"469",2019,"AX15",6,"PSME",4,2,0,0,0,0
"470",2019,"AX15",6,"THPL",4,0,0,0,0,0
"471",2019,"AX15",6,"TSHE",677,31,6,3,1,4
"472",2019,"PARA",1,"ABAM",8,0,0,0,0,0
"473",2019,"PARA",1,"ABLA",5,0,0,0,0,0
"474",2019,"PARA",1,"TSME",49,0,0,0,0,0
"475",2019,"PARA",2,"ABAM",3,0,0,0,0,0
"476",2019,"PARA",2,"ABLA",5,0,0,0,0,0
"477",2019,"PARA",2,"TSME",98,0,0,0,0,0
"478",2019,"PARA",3,"ABAM",3,0,0,0,0,0
"479",2019,"PARA",3,"ABLA",27,0,0,0,0,0
"480",2019,"PARA",3,"TSME",179,16,3,10,0,10
"481",2019,"PARA",4,"ABAM",2,1,0,0,0,0
"482",2019,"PARA",4,"ABLA",3,1,0,0,0,0
"483",2019,"PARA",4,"CANO",1,0,0,0,0,0
"484",2019,"PARA",4,"TSME",81,5,0,0,0,0
"485",2019,"PARA",5,"ABAM",7,0,0,0,0,0
"486",2019,"PARA",5,"ABLA",2,0,0,0,0,0
"487",2019,"PARA",5,"CANO",3,0,0,0,0,0
"488",2019,"PARA",5,"TSME",161,10,2,32,17,49
"489",2019,"PARA",6,"ABAM",4,0,0,0,0,0
"490",2019,"PARA",6,"ABLA",6,0,0,0,0,0
"491",2019,"PARA",6,"CANO",34,1,0,0,0,0
"492",2019,"PARA",6,"TSME",129,6,0,0,0,0
"493",2019,"PP17",1,"ABLA",0,2,0,0,0,0
"494",2019,"PP17",1,"ALRU",7,2,0,0,0,0
"495",2019,"PP17",1,"PICO",6,0,0,0,0,0
"496",2019,"PP17",1,"PIEN",7,0,0,0,0,0
"497",2019,"PP17",1,"PIMO",2,0,0,0,0,0
"498",2019,"PP17",1,"PSME",47,6,2,0,2,2
"499",2019,"PP17",1,"TSHE",23,2,0,0,0,0
"500",2019,"PP17",1,"TSME",5,0,0,0,0,0
"501",2019,"PP17",2,"ABLA",3,0,0,0,0,0
"502",2019,"PP17",2,"ALRU",5,0,0,0,0,0
"503",2019,"PP17",2,"PICO",17,1,0,0,0,0
"504",2019,"PP17",2,"PIEN",5,0,0,0,0,0
"505",2019,"PP17",2,"PIMO",4,0,0,0,0,0
"506",2019,"PP17",2,"PSME",31,11,0,0,0,0
"507",2019,"PP17",2,"THPL",1,0,0,0,0,0
"508",2019,"PP17",2,"TSHE",24,0,0,0,0,0
"509",2019,"PP17",3,"ABLA",3,1,0,0,0,0
"510",2019,"PP17",3,"ABPR",0,1,0,0,0,0
"511",2019,"PP17",3,"ALRU",32,0,0,0,0,0
"512",2019,"PP17",3,"PICO",12,2,0,0,0,0
"513",2019,"PP17",3,"PIEN",20,0,0,0,0,0
"514",2019,"PP17",3,"PIMO",3,0,0,0,0,0
"515",2019,"PP17",3,"PSME",33,21,0,0,0,0
"516",2019,"PP17",3,"THPL",1,0,0,0,0,0
"517",2019,"PP17",3,"TSHE",25,3,0,0,0,0
"518",2019,"PP17",4,"ABLA",2,1,0,0,0,0
"519",2019,"PP17",4,"ALRU",16,0,0,0,0,0
"520",2019,"PP17",4,"PICO",2,0,0,0,0,0
"521",2019,"PP17",4,"PIEN",10,3,0,0,0,0
"522",2019,"PP17",4,"PSME",43,10,0,0,0,0
"523",2019,"PP17",4,"TSHE",27,1,0,0,0,0
"524",2019,"PP17",5,"ABLA",1,0,0,0,0,0
"525",2019,"PP17",5,"ALRU",5,0,0,0,0,0
"526",2019,"PP17",5,"PICO",1,0,0,0,0,0
"527",2019,"PP17",5,"PIEN",6,0,0,0,0,0
"528",2019,"PP17",5,"PIMO",1,0,0,0,0,0
"529",2019,"PP17",5,"PSME",40,31,0,0,0,0
"530",2019,"PP17",5,"TSHE",18,0,0,0,0,0
"531",2019,"PP17",5,"TSME",2,0,0,0,0,0
"532",2019,"PP17",6,"ABAM",0,2,0,0,0,0
"533",2019,"PP17",6,"ABLA",0,1,0,0,0,0
"534",2019,"PP17",6,"PICO",2,0,0,0,0,0
"535",2019,"PP17",6,"PIEN",6,0,0,0,0,0
"536",2019,"PP17",6,"PIMO",3,1,0,0,0,0
"537",2019,"PP17",6,"PSME",60,128,2,6,18,24
"538",2019,"PP17",6,"THPL",2,0,0,0,0,0
"539",2019,"PP17",6,"TSHE",21,0,0,0,0,0
"540",2019,"PP17",6,"TSME",2,0,0,0,0,0
"541",2019,"SPRY",1,"ABAM",1,1,0,0,0,0
"542",2019,"SPRY",1,"CANO",2,0,0,0,0,0
"543",2019,"SPRY",1,"THPL",1,0,0,0,0,0
"544",2019,"SPRY",1,"TSME",25,1,0,0,0,0
"545",2019,"SPRY",2,"ABLA",7,0,0,0,0,0
"546",2019,"SPRY",2,"CANO",6,0,0,0,0,0
"547",2019,"SPRY",2,"THPL",0,7,0,0,0,0
"548",2019,"SPRY",2,"TSME",34,5,7,40,15,55
"549",2019,"SPRY",3,"ABAM",1,0,0,0,0,0
"550",2019,"SPRY",3,"ABLA",0,2,0,0,0,0
"551",2019,"SPRY",3,"CANO",18,0,1,5,0,5
"552",2019,"SPRY",3,"TSME",41,1,0,0,0,0
"553",2019,"SPRY",4,"ABAM",2,0,0,0,0,0
"554",2019,"SPRY",4,"ABLA",1,0,0,0,0,0
"555",2019,"SPRY",4,"CANO",17,0,1,0,0,0
"556",2019,"SPRY",4,"TSME",48,0,0,0,0,0
"557",2019,"SPRY",5,"ABLA",1,2,0,0,0,0
"558",2019,"SPRY",5,"CANO",63,40,0,0,0,0
"559",2019,"SPRY",5,"TSME",5,36,0,0,0,0
"560",2019,"SPRY",6,"ABAM",1,0,0,0,0,0
"561",2019,"SPRY",6,"CANO",40,20,5,6,0,6
"562",2019,"SPRY",6,"TSME",37,0,1,34,19,53
"563",2019,"SUNR",1,"ABAM",5,1,0,0,0,0
"564",2019,"SUNR",1,"ABLA",2,0,0,0,0,0
"565",2019,"SUNR",1,"CANO",59,7,0,0,0,0
"566",2019,"SUNR",1,"PIMO",1,0,0,0,0,0
"567",2019,"SUNR",1,"TSME",49,1,0,0,0,0
"568",2019,"SUNR",2,"ABAM",1,0,0,0,0,0
"569",2019,"SUNR",2,"ABLA",2,0,0,0,0,0
"570",2019,"SUNR",2,"CANO",99,10,3,0,0,0
"571",2019,"SUNR",2,"TSME",29,2,0,0,0,0
"572",2019,"SUNR",3,"ABAM",2,0,0,0,0,0
"573",2019,"SUNR",3,"ABLA",2,0,0,0,0,0
"574",2019,"SUNR",3,"CANO",101,18,3,0,0,0
"575",2019,"SUNR",3,"TSME",34,6,0,0,0,0
"576",2019,"SUNR",4,"ABAM",3,0,0,0,0,0
"577",2019,"SUNR",4,"ABLA",1,1,0,0,0,0
"578",2019,"SUNR",4,"CANO",211,33,2,7,0,7
"579",2019,"SUNR",4,"TSME",43,4,0,0,0,0
"580",2019,"SUNR",5,"ABAM",6,1,0,0,0,0
"581",2019,"SUNR",5,"ABLA",5,4,0,0,0,0
"582",2019,"SUNR",5,"CANO",117,12,0,0,0,0
"583",2019,"SUNR",5,"TSME",43,11,0,0,0,0
"584",2019,"SUNR",6,"ABAM",5,2,0,0,0,0
"585",2019,"SUNR",6,"ABLA",2,0,0,0,0,0
"586",2019,"SUNR",6,"CANO",40,3,0,0,1,1
"587",2019,"SUNR",6,"TSME",28,5,0,0,0,0
"588",2019,"TA01",1,"PSME",1,2,0,0,0,0
"589",2019,"TA01",1,"THPL",3,0,0,0,0,0
"590",2019,"TA01",1,"TSHE",44,1,0,0,0,0
"591",2019,"TA01",2,"PIMO",1,0,0,0,0,0
"592",2019,"TA01",2,"PSME",3,3,3,4,11,15
"593",2019,"TA01",2,"THPL",2,0,0,0,0,0
"594",2019,"TA01",2,"TSHE",34,2,0,0,0,0
"595",2019,"TA01",3,"PSME",3,3,0,0,0,0
"596",2019,"TA01",3,"THPL",2,2,0,0,0,0
"597",2019,"TA01",3,"TSHE",52,2,0,0,0,0
"598",2019,"TA01",4,"PSME",2,1,0,0,0,0
"599",2019,"TA01",4,"THPL",5,4,0,0,0,0
"600",2019,"TA01",4,"TSHE",59,4,0,0,0,0
"601",2019,"TA01",5,"PSME",1,1,1,4,7,11
"602",2019,"TA01",5,"THPL",9,2,0,0,0,0
"603",2019,"TA01",5,"TSHE",61,11,0,0,0,0
"604",2019,"TA01",6,"PSME",1,0,0,0,0,0
"605",2019,"TA01",6,"THPL",12,2,0,0,0,0
"606",2019,"TA01",6,"TSHE",68,18,2,12,0,12
"607",2019,"TB13",1,"PSME",2,0,0,0,0,0
"608",2019,"TB13",1,"THPL",82,3,4,19,0,19
"609",2019,"TB13",1,"TSHE",416,54,3,0,0,0
"610",2019,"TB13",2,"ALRU",1,0,0,0,0,0
"611",2019,"TB13",2,"PSME",0,3,0,0,0,0
"612",2019,"TB13",2,"THPL",80,2,0,0,0,0
"613",2019,"TB13",2,"TSHE",425,33,7,1,0,1
"614",2019,"TB13",3,"PSME",1,6,0,0,0,0
"615",2019,"TB13",3,"THPL",112,4,0,0,0,0
"616",2019,"TB13",3,"TSHE",331,61,4,2,0,2
"617",2019,"TB13",4,"ABAM",0,1,0,0,0,0
"618",2019,"TB13",4,"PSME",0,2,0,0,0,0
"619",2019,"TB13",4,"THPL",90,9,2,12,1,13
"620",2019,"TB13",4,"TSHE",412,63,10,8,1,9
"621",2019,"TB13",5,"PSME",0,3,0,0,0,0
"622",2019,"TB13",5,"THPL",29,31,1,0,1,1
"623",2019,"TB13",5,"TSHE",237,297,10,11,24,35
"624",2019,"TB13",6,"PSME",3,1,0,0,0,0
"625",2019,"TB13",6,"THPL",100,3,17,60,21,81
"626",2019,"TB13",6,"TSHE",350,126,18,97,33,130
"627",2019,"TO04",1,"ABAM",0,1,0,0,0,0
"628",2019,"TO04",1,"PSME",0,2,0,0,0,0
"629",2019,"TO04",1,"THPL",534,134,2,1,2,3
"630",2019,"TO04",1,"TSHE",388,30,26,2,2,4
"631",2019,"TO04",2,"ABAM",0,1,0,0,0,0
"632",2019,"TO04",2,"PSME",2,4,0,0,0,0
"633",2019,"TO04",2,"THPL",770,154,2,0,0,0
"634",2019,"TO04",2,"TSHE",385,29,36,106,14,120
"635",2019,"TO04",3,"ABAM",2,3,0,0,0,0
"636",2019,"TO04",3,"ALVI",1,0,0,0,0,0
"637",2019,"TO04",3,"PSME",1,1,0,0,0,0
"638",2019,"TO04",3,"THPL",799,290,4,0,0,0
"639",2019,"TO04",3,"TSHE",240,22,9,31,7,38
"640",2019,"TO04",4,"ABAM",1,0,0,0,0,0
"641",2019,"TO04",4,"PSME",0,5,0,0,0,0
"642",2019,"TO04",4,"THPL",812,203,11,3,3,6
"643",2019,"TO04",4,"TSHE",281,51,10,10,9,19
"644",2019,"TO04",5,"ABAM",3,3,0,0,0,0
"645",2019,"TO04",5,"PSME",3,1,0,0,0,0
"646",2019,"TO04",5,"THPL",1126,483,10,10,4,14
"647",2019,"TO04",5,"TSHE",223,27,4,15,7,22
"648",2019,"TO04",6,"ABAM",1,3,0,0,0,0
"649",2019,"TO04",6,"PSME",0,1,0,0,0,0
"650",2019,"TO04",6,"THPL",1105,336,18,12,4,16
"651",2019,"TO04",6,"TSHE",280,87,0,2,0,2
"652",2019,"TO11",1,"ABAM",1,0,0,0,0,0
"653",2019,"TO11",1,"PSME",12,2,0,0,1,1
"654",2019,"TO11",1,"THPL",19,2,0,0,0,0
"655",2019,"TO11",1,"TSHE",399,23,8,27,5,32
"656",2019,"TO11",2,"PSME",6,7,1,0,0,0
"657",2019,"TO11",2,"THPL",12,8,0,0,0,0
"658",2019,"TO11",2,"TSHE",364,22,12,36,8,44
"659",2019,"TO11",3,"ALRU",2,0,0,0,0,0
"660",2019,"TO11",3,"PISI",8,0,0,0,0,0
"661",2019,"TO11",3,"PSME",3,4,0,0,2,2
"662",2019,"TO11",3,"THPL",21,13,0,0,0,0
"663",2019,"TO11",3,"TSHE",329,88,47,91,23,114
"664",2019,"TO11",4,"ALRU",0,1,0,0,0,0
"665",2019,"TO11",4,"PISI",4,1,0,0,0,0
"666",2019,"TO11",4,"PSME",3,4,0,0,0,0
"667",2019,"TO11",4,"THPL",10,9,0,0,0,0
"668",2019,"TO11",4,"TSHE",284,41,39,15,6,21
"669",2019,"TO11",5,"ALRU",2,0,0,0,0,0
"670",2019,"TO11",5,"PSME",5,2,1,0,0,0
"671",2019,"TO11",5,"THPL",12,18,0,0,0,0
"672",2019,"TO11",5,"TSHE",388,41,47,46,7,53
"673",2019,"TO11",6,"ALRU",2,0,0,0,0,0
"674",2019,"TO11",6,"PSME",1,2,0,0,0,0
"675",2019,"TO11",6,"THPL",15,9,0,0,0,0
"676",2019,"TO11",6,"TSHE",378,30,1,0,0,0
"677",2020,"AB08",1,"TSHE",26,4,7,2,0,2
"678",2020,"AB08",1,"THPL",3,0,0,0,0,0
"679",2020,"AB08",1,"PSME",1,0,0,0,0,0
"680",2020,"AB08",2,"THPL",2,3,0,0,0,0
"681",2020,"AB08",2,"TSHE",32,10,10,4,0,4
"682",2020,"AB08",3,"TSHE",21,1,6,1,0,1
"683",2020,"AB08",5,"TSHE",24,0,13,2,0,2
"684",2020,"AB08",6,"TSHE",16,6,31,0,0,0
"685",2020,"AB08",6,"THPL",5,0,2,11,0,11
"686",2020,"AB08",6,"TSME",1,0,0,0,0,0
"687",2020,"AE10",1,"ABPR",3,0,0,0,0,0
"688",2020,"AE10",1,"ABAM",0,2,0,0,0,0
"689",2020,"AE10",2,"CANO",6,0,0,0,0,0
"690",2020,"AE10",2,"TSME",1,1,0,0,0,0
"691",2020,"AE10",2,"ABAM",2,1,0,0,0,0
"692",2020,"AE10",3,"CANO",7,0,0,0,0,0
"693",2020,"AE10",3,"ABAM",0,2,0,0,0,0
"694",2020,"AE10",3,"ABLA",0,2,0,0,0,0
"695",2020,"AE10",4,"CANO",1,0,0,0,0,0
"696",2020,"AE10",4,"ABPR",2,0,0,0,0,0
"697",2020,"AE10",5,"TSME",3,0,0,0,0,0
"698",2020,"AE10",5,"ABAM",3,7,0,0,0,0
"699",2020,"AE10",6,"TSME",3,1,0,0,0,0
"700",2020,"AG05",1,"THPL",20,0,4,10,0,10
"701",2020,"AG05",1,"PSME",2,1,0,0,0,0
"702",2020,"AG05",1,"TSHE",2,3,0,0,0,0
"703",2020,"AG05",2,"THPL",10,12,5,9,31,40
"704",2020,"AG05",2,"TSHE",6,3,0,0,0,0
"705",2020,"AG05",2,"PSME",2,2,0,0,0,0
"706",2020,"AG05",3,"THPL",26,0,8,23,6,29
"707",2020,"AG05",3,"TSHE",1,1,3,0,0,0
"708",2020,"AG05",3,"PSME",0,2,0,0,0,0
"709",2020,"AG05",3,"ABAM",0,1,0,0,0,0
"710",2020,"AG05",4,"TSHE",6,1,1,0,8,8
"711",2020,"AG05",4,"THPL",43,6,15,23,5,28
"712",2020,"AG05",4,"PSME",4,2,0,0,0,0
"713",2020,"AG05",4,"ABAM",2,0,0,0,0,0
"714",2020,"AG05",5,"PSME",2,0,1,0,0,0
"715",2020,"AG05",5,"THPL",64,0,54,122,26,148
"716",2020,"AG05",5,"ABAM",1,2,0,0,0,0
"717",2020,"AG05",5,"TABR",1,0,0,0,0,0
"718",2020,"AG05",6,"THPL",22,0,14,61,0,61
"719",2020,"AG05",6,"PSME",4,4,3,3,1,4
"720",2020,"AG05",6,"TSHE",6,0,1,0,0,0
"721",2020,"AG05",6,"ABAM",1,2,0,0,0,0
"722",2020,"AM16",1,"TSME",34,0,0,0,0,0
"723",2020,"AM16",1,"CANO",2,3,0,0,0,0
"724",2020,"AM16",1,"TSHE",4,19,0,0,0,0
"725",2020,"AM16",2,"TSME",39,6,0,0,0,0
"726",2020,"AM16",2,"CANO",6,0,2,0,0,0
"727",2020,"AM16",3,"TSME",2,25,0,0,0,0
"728",2020,"AM16",3,"TSHE",12,4,0,0,0,0
"729",2020,"AM16",4,"TSME",26,2,4,12,1,13
"730",2020,"AM16",6,"CANO",9,0,23,2,0,2
"731",2020,"AM16",6,"TSME",30,2,0,0,0,0
"732",2020,"AM16",6,"ABAM",0,1,0,0,0,0
"733",2020,"AO03",1,"THPL",6,22,32,45,50,95
"734",2020,"AO03",1,"TSHE",10,6,12,3,2,5
"735",2020,"AO03",2,"PSME",0,6,0,0,0,0
"736",2020,"AO03",2,"TSHE",14,17,9,1,0,1
"737",2020,"AO03",2,"THPL",76,0,65,178,0,178
"738",2020,"AO03",2,"ABAM",1,1,0,0,0,0
"739",2020,"AO03",3,"THPL",84,0,85,233,31,264
"740",2020,"AO03",3,"TSHE",46,15,51,6,6,12
"741",2020,"AO03",3,"ABAM",1,0,0,0,0,0
"742",2020,"AO03",3,"PSME",3,2,0,0,0,0
"743",2020,"AO03",4,"THPL",360,249,54,76,164,240
"744",2020,"AO03",4,"TSHE",179,45,13,17,6,23
"745",2020,"AO03",4,"PSME",69,50,7,0,0,0
"746",2020,"AO03",5,"TSHE",20,4,13,0,0,0
"747",2020,"AO03",5,"PSME",3,3,5,4,4,8
"748",2020,"AO03",5,"THPL",167,0,18,17,0,17
"749",2020,"AO03",6,"THPL",28,85,7,19,10,29
"750",2020,"AO03",6,"TSHE",17,4,3,1,0,1
"751",2020,"AO03",6,"PSME",10,2,9,39,37,76
"752",2020,"AR07",1,"CANO",3,0,5,9,0,9
"753",2020,"AR07",1,"ABAM",0,1,0,0,0,0
"754",2020,"AR07",1,"TSME",18,1,19,49,29,78
"755",2020,"AR07",2,"TSME",2,1,1,2,0,2
"756",2020,"AR07",2,"CANO",2,0,18,16,0,16
"757",2020,"AR07",3,"TSME",13,3,0,0,0,0
"758",2020,"AR07",3,"CANO",6,0,9,1,0,1
"759",2020,"AR07",4,"TSME",19,0,1,1,2,3
"760",2020,"AR07",4,"CANO",1,0,0,0,0,0
"761",2020,"AR07",5,"ABPR",0,2,0,0,0,0
"762",2020,"AR07",5,"TSME",13,10,0,0,0,0
"763",2020,"AR07",5,"CANO",2,0,0,0,0,0
"764",2020,"AR07",6,"CANO",0,0,1,0,0,0
"765",2020,"AR07",6,"TSME",20,1,0,0,0,0
"766",2020,"AV02",1,"TSHE",20,16,5,0,4,4
"767",2020,"AV02",1,"THPL",3,0,0,0,0,0
"768",2020,"AV02",1,"PSME",1,0,0,0,0,0
"769",2020,"AV02",2,"TSHE",45,7,12,8,2,10
"770",2020,"AV02",2,"ABAM",2,0,0,0,0,0
"771",2020,"AV02",2,"THPL",1,0,0,0,0,0
"772",2020,"AV02",3,"TSHE",17,36,8,0,0,0
"773",2020,"AV02",3,"THPL",1,0,0,0,0,0
"774",2020,"AV02",3,"ABAM",4,3,0,0,0,0
"775",2020,"AV02",4,"TSHE",48,17,19,21,6,27
"776",2020,"AV02",4,"THPL",2,0,0,0,0,0
"777",2020,"AV02",5,"ABAM",2,1,0,0,0,0
"778",2020,"AV02",5,"THPL",2,0,0,0,0,0
"779",2020,"AV02",5,"PSME",0,2,0,0,0,0
"780",2020,"AV02",5,"TSHE",45,33,7,1,0,1
"781",2020,"AV02",6,"THPL",5,0,0,0,0,0
"782",2020,"AV02",6,"TSHE",40,50,3,0,2,2
"783",2020,"AV02",6,"ABAM",4,5,0,0,0,0
"784",2020,"AV02",6,"PSME",2,1,0,0,0,0
"785",2020,"AV06",1,"TSHE",7,4,2,0,0,0
"786",2020,"AV06",2,"PSME",1,1,0,0,0,0
"787",2020,"AV06",2,"TSHE",13,17,37,0,0,0
"788",2020,"AV06",3,"TSHE",3,11,24,0,0,0
"789",2020,"AV06",3,"ABAM",1,0,0,0,0,0
"790",2020,"AV06",4,"TSHE",7,5,8,3,0,3
"791",2020,"AV06",4,"PSME",0,2,0,0,0,0
"792",2020,"AV06",4,"ABAM",1,0,0,0,0,0
"793",2020,"AV06",5,"ABAM",1,2,0,0,0,0
"794",2020,"AV06",5,"TSHE",10,15,0,0,0,0
"795",2020,"AV06",5,"PSME",0,1,0,0,0,0
"796",2020,"AV06",6,"TSHE",5,1,0,0,0,0
"797",2020,"AV06",6,"ABAM",2,1,0,0,0,0
"798",2020,"AV14",1,"ABAM",1,0,0,0,0,0
"799",2020,"AV14",1,"TSHE",171,17,14,20,6,26
"800",2020,"AV14",2,"TSHE",199,23,20,0,0,0
"801",2020,"AV14",2,"THPL",1,0,0,0,0,0
"802",2020,"AV14",2,"CANO",0,1,0,0,0,0
"803",2020,"AV14",2,"ABAM",0,1,0,0,0,0
"804",2020,"AV14",3,"TSHE",79,7,336,27,360,387
"805",2020,"AV14",4,"TSHE",52,14,168,15,11,26
"806",2020,"AV14",4,"ABAM",1,0,0,0,0,0
"807",2020,"AV14",4,"CANO",0,1,0,0,0,0
"808",2020,"AV14",5,"TSHE",39,0,87,0,0,0
"809",2020,"AV14",6,"TSHE",85,9,69,5,0,5
"810",2020,"AX15",1,"THPL",12,4,22,46,29,75
"811",2020,"AX15",1,"TSHE",38,5,6,3,2,5
"812",2020,"AX15",2,"THPL",2,0,7,12,0,12
"813",2020,"AX15",2,"TSHE",20,6,4,0,0,0
"814",2020,"AX15",3,"TSHE",3,0,1,0,0,0
"815",2020,"AX15",3,"THPL",2,0,0,0,0,0
"816",2020,"AX15",3,"TSME",6,2,0,0,0,0
"817",2020,"AX15",4,"TSHE",15,3,3,2,3,5
"818",2020,"AX15",4,"THPL",1,0,0,0,0,0
"819",2020,"AX15",5,"TSHE",17,3,4,0,0,0
"820",2020,"AX15",6,"TSHE",27,8,3,2,0,2
"821",2020,"PARA",1,"TSME",17,3,0,0,0,0
"822",2020,"PARA",1,"ABAM",2,0,0,0,0,0
"823",2020,"PARA",2,"ABLA",0,2,0,0,0,0
"824",2020,"PARA",2,"TSME",14,2,0,0,0,0
"825",2020,"PARA",2,"PICO",1,0,0,0,0,0
"826",2020,"PARA",2,"CANO",0,1,0,0,0,0
"827",2020,"PARA",3,"TSME",21,0,3,9,7,16
"828",2020,"PARA",3,"ABAM",1,0,0,0,0,0
"829",2020,"PARA",4,"TSME",26,3,0,0,0,0
"830",2020,"PARA",4,"ABAM",1,0,0,0,0,0
"831",2020,"PARA",5,"TSME",10,3,1,0,0,0
"832",2020,"PARA",6,"TSME",9,0,5,2,1,3
"833",2020,"PP17",1,"CANO",0,3,0,0,0,0
"834",2020,"PP17",1,"PSME",8,8,0,0,0,0
"835",2020,"PP17",2,"PSME",4,1,0,0,0,0
"836",2020,"PP17",2,"CANO",0,1,0,0,0,0
"837",2020,"PP17",2,"TSHE",1,0,0,0,0,0
"838",2020,"PP17",2,"PICO",0,0,4,0,0,0
"839",2020,"PP17",3,"CANO",4,0,0,0,0,0
"840",2020,"PP17",3,"PSME",1,0,0,0,0,0
"841",2020,"PP17",3,"TSME",0,1,0,0,0,0
"842",2020,"PP17",4,"TSME",1,0,0,0,0,0
"843",2020,"PP17",4,"TSHE",4,0,0,0,0,0
"844",2020,"PP17",4,"PICO",3,0,0,0,0,0
"845",2020,"PP17",5,"PSME",2,1,2,0,0,0
"846",2020,"PP17",6,"TSHE",1,0,0,0,0,0
"847",2020,"PP17",6,"PSME",7,5,0,0,0,0
"848",2020,"PP17",6,"THPL",1,0,0,0,0,0
"849",2020,"SPRY",1,"CANO",1,0,0,0,0,0
"850",2020,"SPRY",1,"TSME",2,0,0,0,0,0
"851",2020,"SPRY",2,"TSME",6,0,0,0,0,0
"852",2020,"SPRY",3,"CANO",0,0,3,12,0,12
"853",2020,"SPRY",3,"PSME",2,1,0,0,0,0
"854",2020,"SPRY",3,"TSME",1,0,0,0,0,0
"855",2020,"SPRY",4,"CANO",1,0,0,0,0,0
"856",2020,"SPRY",4,"TSME",3,0,0,0,0,0
"857",2020,"SPRY",5,"CANO",1,0,1,0,0,0
"858",2020,"SPRY",5,"TSME",4,0,0,0,0,0
"859",2020,"SPRY",6,"CANO",0,3,7,0,9,9
"860",2020,"SPRY",6,"TSME",2,1,0,0,0,0
"861",2020,"SUNR",1,"CANO",1,0,0,0,0,0
"862",2020,"SUNR",1,"TSME",3,0,1,7,3,10
"863",2020,"SUNR",1,"ABAM",0,1,0,0,0,0
"864",2020,"SUNR",2,"TSME",2,0,0,0,0,0
"865",2020,"SUNR",2,"CANO",0,0,9,1,0,1
"866",2020,"SUNR",3,"CANO",2,0,9,0,0,0
"867",2020,"SUNR",3,"ABAM",1,0,0,0,0,0
"868",2020,"SUNR",3,"TSME",4,1,0,0,0,0
"869",2020,"SUNR",4,"CANO",9,0,10,2,0,2
"870",2020,"SUNR",4,"TSME",2,0,0,0,0,0
"871",2020,"SUNR",5,"CANO",6,1,6,0,0,0
"872",2020,"SUNR",5,"ABLA",0,2,0,0,0,0
"873",2020,"SUNR",5,"ABAM",0,2,0,0,0,0
"874",2020,"SUNR",5,"TSHE",3,0,0,0,0,0
"875",2020,"SUNR",6,"TSME",1,0,0,0,0,0
"876",2020,"SUNR",6,"CANO",1,0,0,0,0,0
"877",2020,"TA01",1,"PSME",0,0,3,3,0,3
"878",2020,"TA01",1,"THPL",1,0,0,0,0,0
"879",2020,"TA01",1,"TSHE",1,0,0,0,0,0
"880",2020,"TA01",2,"PSME",1,0,0,0,0,0
"881",2020,"TA01",2,"TSHE",4,0,0,0,0,0
"882",2020,"TA01",3,"THPL",3,0,0,0,0,0
"883",2020,"TA01",3,"PSME",3,0,0,0,0,0
"884",2020,"TA01",3,"CANO",1,0,0,0,0,0
"885",2020,"TA01",3,"TSHE",2,0,0,0,0,0
"886",2020,"TA01",4,"TSHE",4,2,0,0,0,0
"887",2020,"TA01",4,"PSME",3,0,0,0,0,0
"888",2020,"TA01",4,"THPL",4,0,0,0,0,0
"889",2020,"TA01",5,"TSHE",2,0,0,0,0,0
"890",2020,"TA01",5,"PSME",2,3,0,0,0,0
"891",2020,"TA01",5,"THPL",2,0,0,0,0,0
"892",2020,"TA01",6,"TSHE",2,0,1,0,0,0
"893",2020,"TA01",6,"PSME",1,0,0,0,0,0
"894",2020,"TB13",1,"TSHE",7,0,11,4,0,4
"895",2020,"TB13",1,"THPL",1,0,0,0,0,0
"896",2020,"TB13",1,"PSME",2,3,0,0,0,0
"897",2020,"TB13",1,"ABAM",1,0,0,0,0,0
"898",2020,"TB13",2,"THPL",1,0,0,0,0,0
"899",2020,"TB13",2,"TSHE",8,11,6,0,1,1
"900",2020,"TB13",2,"PSME",1,0,0,2,4,6
"901",2020,"TB13",3,"THPL",5,0,2,8,0,8
"902",2020,"TB13",3,"TSHE",13,3,9,2,0,2
"903",2020,"TB13",3,"PSME",0,3,0,0,0,0
"904",2020,"TB13",4,"THPL",2,1,1,4,5,9
"905",2020,"TB13",4,"PSME",2,1,2,76,7,83
"906",2020,"TB13",4,"TSHE",13,7,12,0,7,7
"907",2020,"TB13",5,"TSHE",16,28,9,0,25,25
"908",2020,"TB13",5,"THPL",4,0,4,20,0,20
"909",2020,"TB13",5,"PSME",0,4,0,0,0,0
"910",2020,"TB13",6,"TSHE",9,6,30,108,14,122
"911",2020,"TB13",6,"THPL",0,0,13,32,13,45
"912",2020,"TB13",6,"PSME",2,0,0,0,0,0
"913",2020,"TO04",1,"TSHE",40,32,28,2,31,33
"914",2020,"TO04",1,"THPL",46,1,4,2,0,2
"915",2020,"TO04",3,"TSHE",51,9,34,47,20,67
"916",2020,"TO04",3,"THPL",22,39,10,15,0,15
"917",2020,"TO04",3,"PSME",0,0,0,1,0,1
"918",2020,"TO04",4,"TSHE",58,8,7,27,3,30
"919",2020,"TO04",4,"THPL",67,0,22,25,0,25
"920",2020,"TO04",5,"TSHE",93,27,4,6,2,8
"921",2020,"TO04",5,"THPL",141,4,24,26,0,26
"922",2020,"TO04",5,"PSME",2,2,0,0,0,0
"923",2020,"TO04",5,"ABPR",1,0,0,0,0,0
"924",2020,"TO04",5,"PICO",6,14,0,0,0,0
"925",2020,"TO04",6,"PICO",0,1,0,0,0,0
"926",2020,"TO04",6,"TSHE",43,6,1,2,0,2
"927",2020,"TO04",6,"PSME",4,1,0,0,0,0
"928",2020,"TO04",6,"THPL",96,2,42,26,0,26
"929",2020,"TO11",1,"TSHE",44,65,9,4,11,15
"930",2020,"TO11",1,"PSME",5,2,0,0,0,0
"931",2020,"TO11",1,"THPL",4,0,0,0,0,0
"932",2020,"TO11",2,"TSHE",50,70,11,10,11,21
"933",2020,"TO11",2,"THPL",1,2,0,0,0,0
"934",2020,"TO11",2,"PSME",6,4,0,0,0,0
"935",2020,"TO11",3,"TSHE",50,48,37,51,30,81
"936",2020,"TO11",3,"PSME",9,1,0,0,0,0
"937",2020,"TO11",3,"THPL",5,0,0,0,0,0
"938",2020,"TO11",4,"TSHE",28,52,21,0,0,0
"939",2020,"TO11",4,"PSME",4,1,0,0,0,0
"940",2020,"TO11",4,"THPL",1,0,0,0,0,0
"941",2020,"TO11",5,"TSHE",122,181,32,7,9,16
"942",2020,"TO11",5,"THPL",5,0,0,0,0,0
"943",2020,"TO11",5,"PSME",8,6,0,0,0,0
"944",2020,"TO11",6,"PSME",5,2,1,9,8,17
"945",2020,"TO11",6,"TSHE",32,17,8,2,0,2
"946",2020,"TO11",6,"ABAM",1,0,0,0,0,0
"947",2021,"TO04",1,"PSME",1,0,0,0,0,0
"948",2021,"TO04",1,"THPL",23,0,3,0,0,0
"949",2021,"TO04",1,"TSHE",95,44,12,7,10,17
"950",2021,"AV06",4,"ABAM",2,0,0,0,0,0
"951",2021,"AV06",4,"ALVI",0,1,0,0,0,0
"952",2021,"AV06",4,"TSHE",4,0,13,3,0,3
"953",2021,"AV06",4,"THPL",1,0,0,0,0,0
"954",2021,"AE10",4,"CANO",7,1,0,0,0,0
"955",2021,"AO03",6,"TSHE",22,1,2,0,0,0
"956",2021,"AO03",6,"ABAM",1,0,0,0,0,0
"957",2021,"AO03",6,"PSME",1,0,5,7,3,10
"958",2021,"AO03",6,"THPL",7,2,3,6,0,6
"959",2021,"AM16",2,"CANO",2,2,1,2,0,2
"960",2021,"AM16",2,"PSME",1,0,0,0,0,0
"961",2021,"TA01",6,"TSHE",63,2,0,0,0,0
"962",2021,"TA01",6,"THPL",0,1,0,0,0,0
"963",2021,"TA01",6,"ABPR",1,0,0,0,0,0
"964",2021,"TA01",6,"PSME",0,1,0,0,0,0
"965",2021,"TA01",2,"THPL",1,0,0,0,0,0
"966",2021,"TA01",2,"PSME",3,0,0,0,0,0
"967",2021,"TA01",2,"TSHE",26,3,0,0,0,0
"968",2021,"TA01",5,"TSHE",43,3,0,0,0,0
"969",2021,"TA01",5,"PSME",2,0,2,2,16,18
"970",2021,"AO03",5,"PSME",0,3,3,7,18,25
"971",2021,"AO03",5,"TSHE",27,12,6,2,2,4
"972",2021,"AO03",5,"THPL",3,4,9,55,5,60
"973",2021,"AO03",5,"ABAM",0,2,0,0,0,0
"974",2021,"AB08",4,"TSHE",20,2,7,0,0,0
"975",2021,"AB08",4,"PSME",0,1,0,0,0,0
"976",2021,"AB08",4,"CANO",1,4,0,0,0,0
"977",2021,"AB08",4,"THPL",1,0,0,0,0,0
"978",2021,"TA01",4,"TSHE",64,2,0,0,0,0
"979",2021,"AM16",5,"TSHE",3,1,0,0,0,0
"980",2021,"AM16",5,"TSME",3,0,0,0,0,0
"981",2021,"AM16",5,"CANO",14,11,4,1,0,1
"982",2021,"AM16",5,"ABAM",0,1,0,0,0,0
"983",2021,"AB08",6,"TSHE",19,0,22,0,0,0
"984",2021,"AB08",6,"THPL",2,1,1,4,6,10
"985",2021,"AB08",6,"PSME",0,2,0,0,0,0
"986",2021,"AB08",6,"ALVI",1,0,0,0,0,0
"987",2021,"PARA",4,"TSME",1,0,1,0,0,0
"988",2021,"PARA",4,"ABAM",1,0,0,0,0,0
"989",2021,"PARA",4,"ABLA",0,1,0,0,0,0
"990",2021,"AO03",2,"THPL",15,4,15,33,14,47
"991",2021,"AO03",2,"TSHE",19,6,11,0,0,0
"992",2021,"AO03",2,"ABAM",1,0,0,0,0,0
"993",2021,"SUNR",5,"TSME",0,0,1,39,0,39
"994",2021,"SUNR",5,"CANO",1,1,0,0,0,0
"995",2021,"SUNR",5,"ABLA",0,1,0,0,0,0
"996",2021,"AB08",5,"TSHE",23,5,9,4,0,4
"997",2021,"AB08",5,"THPL",2,0,0,0,0,0
"998",2021,"AB08",5,"CANO",1,0,0,0,0,0
"999",2021,"PARA",3,"THPL",2,0,0,0,0,0
"1000",2021,"PARA",3,"TSME",1,0,0,0,0,0
"1001",2021,"PARA",3,"PIEN",1,0,0,0,0,0
"1002",2021,"PARA",3,"CANO",0,1,0,0,0,0
"1003",2021,"PARA",3,"ABAM",2,0,0,0,0,0
"1004",2021,"PARA",5,"TSME",1,0,0,0,0,0
"1005",2021,"PARA",1,"TSME",2,0,0,0,0,0
"1006",2021,"PARA",1,"ABAM",2,0,0,0,0,0
"1007",2021,"PARA",6,"TSME",1,0,0,0,0,0
"1008",2021,"PARA",6,"CANO",1,0,0,0,0,0
"1009",2021,"PARA",2,"TSME",2,0,1,0,0,0
"1010",2021,"SUNR",6,"CANO",2,0,0,0,0,0
"1011",2021,"SUNR",3,"CANO",1,0,0,0,0,0
"1012",2021,"SUNR",3,"TSME",1,0,0,0,0,0
"1013",2021,"SUNR",1,"CANO",3,0,0,0,0,0
"1014",2021,"SUNR",1,"ABPR",0,1,0,0,0,0
"1015",2021,"SUNR",4,"ABAM",0,1,0,0,0,0
"1016",2021,"SUNR",4,"CANO",6,0,2,0,0,0
"1017",2021,"AB08",1,"PSME",1,0,0,0,0,0
"1018",2021,"AB08",1,"TSHE",13,0,7,0,0,0
"1019",2021,"AB08",3,"CANO",1,0,0,0,0,0
"1020",2021,"AB08",3,"THPL",1,0,0,0,0,0
"1021",2021,"AB08",3,"TSME",12,0,2,0,0,0
"1022",2021,"AG05",6,"ABAM",0,2,0,0,0,0
"1023",2021,"AG05",6,"ABLA",1,0,0,0,0,0
"1024",2021,"AG05",6,"TSHE",4,1,0,0,0,0
"1025",2021,"AG05",6,"THPL",11,0,3,3,0,3
"1026",2021,"AG05",6,"PSME",0,0,1,0,5,5
"1027",2021,"AO03",4,"THPL",9,11,20,25,23,48
"1028",2021,"AO03",4,"TSHE",16,6,27,3,2,5
"1029",2021,"AO03",4,"PSME",4,1,0,0,0,0
"1030",2021,"AE10",2,"CANO",6,4,1,0,0,0
"1031",2021,"AE10",2,"ABPR",1,0,0,0,0,0
"1032",2021,"AV06",2,"PSME",1,0,0,0,0,0
"1033",2021,"AV06",2,"TSHE",6,2,25,2,0,2
"1034",2021,"AV06",2,"ALRU",1,0,0,0,0,0
"1035",2021,"AG05",4,"ABAM",1,0,0,0,0,0
"1036",2021,"AG05",4,"PSME",1,0,0,0,0,0
"1037",2021,"AG05",4,"THPL",11,3,13,21,15,36
"1038",2021,"AG05",4,"TSHE",5,2,0,0,0,0
"1039",2021,"AG05",1,"TSHE",2,1,0,0,0,0
"1040",2021,"AG05",1,"THPL",64,62,2,0,6,6
"1041",2021,"AG05",1,"ABAM",1,1,0,0,0,0
"1042",2021,"SUNR",2,"CANO",3,2,0,0,0,0
"1043",2021,"TO04",6,"PSME",1,0,0,0,0,0
"1044",2021,"TO04",6,"TSHE",79,11,1,0,0,0
"1045",2021,"TO04",6,"THPL",35,8,11,14,6,20
"1046",2021,"AM16",4,"CANO",9,9,0,0,0,0
"1047",2021,"AM16",4,"ABAM",1,0,0,0,0,0
"1048",2021,"AM16",4,"TSHE",2,1,0,0,0,0
"1049",2021,"AM16",4,"TSHE",5,0,0,0,0,0
"1050",2021,"AO03",3,"PSME",2,0,0,0,0,0
"1051",2021,"AO03",3,"ABAM",1,0,0,0,0,0
"1052",2021,"AO03",3,"TSHE",27,10,32,17,5,22
"1053",2021,"AO03",3,"THPL",10,0,23,43,35,78
"1054",2021,"TO04",3,"PSME",2,0,0,0,0,0
"1055",2021,"TO04",3,"ABAM",1,0,0,0,0,0
"1056",2021,"TO04",3,"TSHE",72,49,49,1,33,34
"1057",2021,"TO04",3,"THPL",34,34,5,3,0,3
"1058",2021,"TA01",3,"TSHE",33,0,0,0,0,0
"1059",2021,"AB08",2,"CANO",0,1,0,0,0,0
"1060",2021,"AB08",2,"TSHE",25,2,8,1,0,1
"1061",2021,"AG05",3,"PSME",1,1,0,0,0,0
"1062",2021,"AG05",3,"PICO",0,1,0,0,0,0
"1063",2021,"AG05",3,"ABAM",0,1,0,0,0,0
"1064",2021,"AG05",3,"TSHE",4,2,4,1,0,1
"1065",2021,"AG05",3,"THPL",22,5,5,40,13,53
"1066",2021,"AM16",6,"TSHE",6,1,0,0,0,0
"1067",2021,"AM16",6,"TSME",4,0,1,0,0,0
"1068",2021,"AM16",6,"PIEN",1,0,0,0,0,0
"1069",2021,"AM16",6,"CANO",29,20,8,0,0,0
"1070",2021,"AG05",2,"ABAM",1,0,0,0,0,0
"1071",2021,"AG05",2,"PSME",1,0,0,0,0,0
"1072",2021,"AG05",2,"TSHE",3,0,0,0,0,0
"1073",2021,"AG05",2,"THPL",30,28,2,0,0,0
"1074",2021,"TA01",1,"TSHE",50,0,0,0,0,0
"1075",2021,"TO04",4,"TSHE",119,14,6,46,0,46
"1076",2021,"TO04",4,"THPL",27,8,1,0,0,0
"1077",2021,"AV06",6,"ABAM",1,0,0,0,0,0
"1078",2021,"AE10",6,"CANO",5,1,2,0,0,0
"1079",2021,"AE10",6,"TSME",1,0,0,0,0,0
"1080",2021,"AV06",5,"TSHE",1,0,1,0,0,0
"1081",2021,"AV06",5,"ABAM",1,0,0,0,0,0
"1082",2021,"AV06",5,"PSME",2,0,0,0,0,0
"1083",2021,"AG05",5,"PSME",1,0,2,2,0,2
"1084",2021,"AG05",5,"TSHE",3,1,0,0,0,0
"1085",2021,"AG05",5,"ABAM",4,1,0,0,0,0
"1086",2021,"AG05",5,"THPL",12,3,21,55,12,67
"1087",2021,"AV06",3,"ABAM",3,0,0,0,0,0
"1088",2021,"AV06",3,"TSHE",2,0,14,15,0,15
"1089",2021,"AM16",1,"TSHE",1,0,0,0,0,0
"1090",2021,"AM16",1,"TSME",1,0,0,0,0,0
"1091",2021,"AM16",1,"CANO",28,2,2,1,0,1
"1092",2021,"AM16",3,"TSHE",2,0,2,0,0,0
"1093",2021,"AM16",3,"TSME",3,0,1,14,5,19
"1094",2021,"AM16",3,"CANO",4,3,0,0,0,0
"1095",2021,"AV06",1,"TSHE",9,1,2,1,0,1
"1096",2021,"AV06",1,"THPL",1,0,0,0,0,0
"1097",2021,"TO04",2,"TSHE",91,9,18,29,0,29
"1098",2021,"TO04",2,"THPL",19,3,0,0,0,0
"1099",2021,"TO04",2,"PSME",1,0,0,0,0,0
"1100",2021,"TO04",5,"TSHE",69,6,1,4,0,4
"1101",2021,"TO04",5,"THPL",33,5,6,0,0,0
"1102",2021,"TO04",5,"PSME",2,0,0,0,0,0
"1103",2021,"AE10",1,"TSME",1,0,0,0,0,0
"1104",2021,"AE10",1,"CANO",9,10,0,0,0,0
"1105",2021,"AE10",1,"ABAM",1,1,0,0,0,0
"1106",2021,"AE10",3,"CANO",1,1,2,0,0,0
"1107",2021,"AE10",3,"ABAM",1,0,0,0,0,0
"1108",2021,"AE10",5,"CANO",3,1,1,0,0,0
"1109",2021,"AE10",5,"ABAM",1,0,0,0,0,0
"1110",2021,"AV06",4,"ALRU",0,1,0,0,0,0
"1111",2021,"TA01",6,"ABPR",1,0,0,0,0,0
"1112",2021,"AM16",5,"ABAM",0,1,0,0,0,0
"1113",2021,"AB08",6,"ALRU",1,0,0,0,0,0
"1114",2021,"PARA",4,"ABAM",1,0,0,0,0,0
"1115",2021,"PARA",4,"ABLA",0,1,0,0,0,0
"1116",2021,"PARA",3,"PIEN",1,0,0,0,0,0
"1117",2021,"SUNR",4,"ABAM",0,1,0,0,0,0
"1118",2021,"AE10",2,"ABPR",1,0,0,0,0,0
"1119",2021,"AG05",4,"THPL",11,3,13,21,15,36
"1120",2021,"AG05",1,"THPL",64,62,2,0,6,6
"1121",2021,"TO04",6,"PSME",1,0,0,0,0,0
"1122",2022,"AG05",1,"THPL",95,131,0,0,0,0
"1123",2022,"AG05",1,"PSME",58,8,0,0,0,0
"1124",2022,"AG05",1,"ABAM",0,3,0,0,0,0
"1125",2022,"AG05",1,"TSHE",19,0,0,0,0,0
"1126",2022,"AB08",1,"ABAM",2,0,0,0,0,0
"1127",2022,"AB08",1,"TSHE",12,73,5,0,1,1
"1128",2022,"AB08",1,"THPL",7,22,1,0,0,0
"1129",2022,"AB08",1,"PSME",13,1,0,0,0,0
"1130",2022,"PARA",1,"ABAM",19,7.5,0,0,0,0
"1131",2022,"PARA",1,"ABLA",5,1,0,0,0,0
"1132",2022,"PARA",1,"TSME",1,1.5,0,0,0,0
"1133",2022,"SUNR",1,"ABLA",23,1,0,0,0,0
"1134",2022,"SUNR",1,"CANO",3,0,0,0,0,0
"1135",2022,"SUNR",1,"ABAM",184,5,0,0,0,0
"1136",2022,"SUNR",1,"TSME",16,0,0,0,0,0
"1137",2022,"TA01",1,"PSME",60,5,0,0,0,0
"1138",2022,"TA01",1,"THPL",2,0,0,0,0,0
"1139",2022,"TA01",1,"TSHE",1,0,0,0,0,0
"1140",2022,"AE10",1,"ABPR",3,5,0,0,0,0
"1141",2022,"AE10",1,"CANO",6,1,0,0,0,0
"1142",2022,"AE10",1,"PSME",0,2,0,0,0,0
"1143",2022,"AE10",1,"ABLA",2,0,0,0,0,0
"1144",2022,"AE10",1,"ABAM",14,2,0,0,0,0
"1145",2022,"TO04",1,"TSHE",6,97,11,0,35,35
"1146",2022,"TO04",1,"THPL",42,135,0,0,0,0
"1147",2022,"TO04",1,"ABGR",0,2,0,0,0,0
"1148",2022,"TO04",1,"PSME",7,27,0,0,0,0
"1149",2022,"AO03",1,"THPL",194,460,3,0,11,11
"1150",2022,"AO03",1,"TSHE",71,246,23,5,29,34
"1151",2022,"AO03",1,"ABAM",1,3,0,0,0,0
"1152",2022,"AO03",1,"PSME",0,9,0,0,0,0
"1153",2022,"AM16",1,"TSME",13,7,0,0,0,0
"1154",2022,"AM16",1,"TSHE",37,107,0,0,0,0
"1155",2022,"AM16",1,"ALVI",0,1,0,0,0,0
"1156",2022,"AM16",1,"ABAM",0,1,0,0,0,0
"1157",2022,"AM16",1,"PSME",1,1,0,0,0,0
"1158",2022,"AM16",1,"CANO",6,5,0,0,0,0
"1159",2022,"AV06",1,"TSHE",12,84,0,0,0,0
"1160",2022,"AV06",1,"THPL",2,10,0,0,0,0
"1161",2022,"AV06",1,"PSME",0,3,0,0,0,0
"1162",2022,"AV06",1,"ABAM",1,0,0,0,0,0
"1163",2022,"AV06",1,"TSHE",4,23,0,0,0,0
"1164",2022,"AV06",1,"THPL",6,13,0,0,0,0
"1165",2022,"AV06",1,"PSME",3,4,0,0,0,0
"1166",2022,"AV06",1,"ABAM",0,3,0,0,0,0
"1167",2022,"AB08",2,"THPL",19,25,0,0,0,0
"1168",2022,"AB08",2,"PSME",17,2,0,0,0,0
"1169",2022,"AB08",2,"ABAM",2,0,0,0,0,0
"1170",2022,"AB08",2,"TSHE",147,4,10,2,0,2
"1171",2022,"AB08",2,"TSME",1,0,0,0,0,0
"1172",2022,"TA01",2,"THPL",1,0,0,0,0,0
"1173",2022,"TA01",2,"PSME",45,19,0,0,0,0
"1174",2022,"AO03",2,"ABAM",10,5,0,0,0,0
"1175",2022,"AO03",2,"PSME",5,2,0,0,0,0
"1176",2022,"AO03",2,"TSHE",65,301,7,0,0,0
"1177",2022,"AO03",2,"THPL",110,731,3,0,0,0
"1178",2022,"SUNR",2,"TSME",17,5,0,0,0,0
"1179",2022,"SUNR",2,"TSHE",1,0,0,0,0,0
"1180",2022,"SUNR",2,"CANO",1,0.5,0,0,0,0
"1181",2022,"SUNR",2,"ABLA",27,9,0,0,0,0
"1182",2022,"SUNR",2,"ABAM",126,3,0,0,0,0
"1183",2022,"PARA",2,"ABAM",26,6,0,0,0,0
"1184",2022,"PARA",2,"ABLA",5,7,0,0,0,0
"1185",2022,"PARA",2,"CANO",10,5,0,0,0,0
"1186",2022,"AM16",2,"TSHE",40,63,0,0,0,0
"1187",2022,"AM16",2,"TSME",19,13,0,0,0,0
"1188",2022,"AM16",2,"ABAM",0,1,0,0,0,0
"1189",2022,"AM16",2,"CANO",7,2,0,0,0,0
"1190",2022,"AE10",2,"CANO",5,2,0,0,0,0
"1191",2022,"AE10",2,"TSME",1,2,0,0,0,0
"1192",2022,"AE10",2,"ABAM",13,8,0,0,0,0
"1193",2022,"AE10",2,"ABPR",1,0,0,0,0,0
"1194",2022,"TO04",2,"TSHE",12,226,38,2,34,36
"1195",2022,"TO04",2,"THPL",42,177,2,0,18,18
"1196",2022,"TO04",2,"ABLA",0,1,0,0,0,0
"1197",2022,"TO04",2,"PSME",6,21,0,0,0,0
"1198",2022,"AG05",2,"ABAM",1,1,0,0,0,0
"1199",2022,"AG05",2,"THPL",35,116,0,0,0,0
"1200",2022,"AG05",2,"PSME",6,56,0,0,0,0
"1201",2022,"AG05",2,"TSHE",4,34,0,0,0,0
"1202",2022,"AV06",2,"THPL",7,10,0,0,0,0
"1203",2022,"AV06",2,"PSME",3,3,0,0,0,0
"1204",2022,"AV06",2,"ABAM",0,1,0,0,0,0
"1205",2022,"AV06",2,"TSHE",16,58,7,0,4,4
"1206",2022,"PARA",3,"ABLA",3,5,0,0,0,0
"1207",2022,"PARA",3,"ABAM",17,4,0,0,0,0
"1208",2022,"PARA",3,"TSME",12,0,0,0,0,0
"1209",2022,"AO03",3,"TSHE",162,35,21,73,44,117
"1210",2022,"AO03",3,"THPL",201,392,7,2,7,9
"1211",2022,"AO03",3,"PSME",4,2,0,0,0,0
"1212",2022,"AO03",3,"ABAM",14,11,0,0,0,0
"1213",2022,"AB08",3,"PSME",15,1.5,0,0,0,0
"1214",2022,"AB08",3,"CANO",0,0.5,0,0,0,0
"1215",2022,"AB08",3,"THPL",16,29,0,0,0,0
"1216",2022,"AB08",3,"ABAM",0,1,0,0,0,0
"1217",2022,"AB08",3,"TSHE",17,82,5,0,0,0
"1218",2022,"AM16",3,"ALVI",1,3,0,0,0,0
"1219",2022,"AM16",3,"CANO",6,0,0,0,0,0
"1220",2022,"AM16",3,"PSME",1,0,0,0,0,0
"1221",2022,"AM16",3,"TSHE",46,111,1,3,2,5
"1222",2022,"AM16",3,"TSME",23,21,0,0,0,0
"1223",2022,"SUNR",3,"ABAM",68,18,0,0,0,0
"1224",2022,"SUNR",3,"ABLA",32,13,0,0,0,0
"1225",2022,"SUNR",3,"TSME",21,2,0,0,0,0
"1226",2022,"SUNR",3,"CANO",5,0,0,0,0,0
"1227",2022,"TO04",3,"THPL",127,184,14,0,1,1
"1228",2022,"TO04",3,"TSHE",16,115,2,0,18,18
"1229",2022,"TO04",3,"PSME",1,36,0,0,0,0
"1230",2022,"TO04",3,"ABGR",1,0,0,0,0,0
"1231",2022,"AE10",3,"CANO",4,2,0,0,0,0
"1232",2022,"AE10",3,"ABPR",2,0,0,0,0,0
"1233",2022,"AE10",3,"ABLA",2,2,0,0,0,0
"1234",2022,"AE10",3,"ABAM",6,6,0,0,0,0
"1235",2022,"TA01",3,"PSME",11,84,0,0,0,0
"1236",2022,"TA01",3,"THPL",0,7,0,0,0,0
"1237",2022,"TA01",3,"TSHE",0,6,0,0,0,0
"1238",2022,"AG05",3,"THPL",93,156,2,0,0,0
"1239",2022,"AG05",3,"TSHE",7,27,0,0,0,0
"1240",2022,"AG05",3,"ABAM",5,5,0,0,0,0
"1241",2022,"AG05",3,"CANO",0,1,0,0,0,0
"1242",2022,"AG05",3,"PSME",6,34,0,0,0,0
"1243",2022,"AV06",3,"TSHE",6,33,7,0,0,0
"1244",2022,"AV06",3,"THPL",6,8,0,0,0,0
"1245",2022,"AV06",3,"PSME",3,6,0,0,0,0
"1246",2022,"AV06",3,"ABAM",2,1,0,0,0,0
"1247",2022,"PARA",4,"TSME",10,2,0,0,0,0
"1248",2022,"PARA",4,"ABAM",11,7,0,0,0,0
"1249",2022,"PARA",4,"ABLA",1,0,0,0,0,0
"1250",2022,"TA01",4,"PSME",50,13,0,0,0,0
"1251",2022,"TA01",4,"THPL",2,0,0,0,0,0
"1252",2022,"TA01",4,"TSHE",6,0,0,0,0,0
"1253",2022,"AO03",4,"TSHE",244,67,12,15,9,24
"1254",2022,"AO03",4,"PSME",15,26,2,4,35,39
"1255",2022,"AO03",4,"ABAM",2,0,0,0,0,0
"1256",2022,"AO03",4,"ACCI",1,0,0,0,0,0
"1257",2022,"AO03",4,"THPL",167,446,0,0,0,0
"1258",2022,"SUNR",4,"CANO",5,0,1,8,3,11
"1259",2022,"SUNR",4,"TSME",13,39,0,0,0,0
"1260",2022,"SUNR",4,"ABAM",200,21.5,0,0,0,0
"1261",2022,"SUNR",4,"ABLA",11,5,0,0,0,0
"1262",2022,"AB08",4,"ABAM",0,2,0,0,0,0
"1263",2022,"AB08",4,"PSME",19,1,0,0,0,0
"1264",2022,"AB08",4,"TSHE",53,120,5,0,2,2
"1265",2022,"AB08",4,"CANO",1,0,0,0,0,0
"1266",2022,"AB08",4,"THPL",44,10,0,0,0,0
"1267",2022,"AM16",4,"CANO",14,0,0,0,0,0
"1268",2022,"AM16",4,"PSME",2,0,0,0,0,0
"1269",2022,"AM16",4,"TSME",52,37,0,0,0,0
"1270",2022,"AM16",4,"TSHE",108,40,0,0,0,0
"1271",2022,"TO04",4,"THPL",136,232,5,0,11,11
"1272",2022,"TO04",4,"TSHE",1,75,1,0,1,1
"1273",2022,"TO04",4,"ABGR",0,2,0,0,0,0
"1274",2022,"TO04",4,"TABR",4,0,0,0,0,0
"1275",2022,"TO04",4,"PSME",3,18,0,0,0,0
"1276",2022,"AE10",4,"CANO",5,4,0,0,0,0
"1277",2022,"AE10",4,"TSME",1,9,0,0,0,0
"1278",2022,"AE10",4,"ABPR",1,0,0,0,0,0
"1279",2022,"AE10",4,"ABAM",5,8,0,0,0,0
"1280",2022,"AG05",4,"THPL",52,171,0,0,0,0
"1281",2022,"AG05",4,"ABAM",3,5,0,0,0,0
"1282",2022,"AG05",4,"PSME",12,53,0,0,0,0
"1283",2022,"AG05",4,"TSHE",8,50,0,0,0,0
"1284",2022,"AV06",4,"TSHE",17,76,12,7,32,39
"1285",2022,"AV06",4,"PSME",4,9,0,0,0,0
"1286",2022,"AV06",4,"THPL",1,8,0,0,0,0
"1287",2022,"AV06",4,"ABAM",3,0,0,0,0,0
"1288",2022,"SUNR",5,"TSME",8,0,0,0,0,0
"1289",2022,"SUNR",5,"CANO",1,0,0,0,0,0
"1290",2022,"SUNR",5,"ABAM",175,49,0,0,0,0
"1291",2022,"SUNR",5,"ABLA",37,11,0,0,0,0
"1292",2022,"AE10",5,"ABPR",4,1,0,0,0,0
"1293",2022,"AE10",5,"ABAM",4,8,0,0,0,0
"1294",2022,"AE10",5,"CANO",8,0,0,0,0,0
"1295",2022,"AE10",5,"TSME",4,0.5,0,0,0,0
"1296",2022,"AB08",5,"PSME",19,2,0,0,0,0
"1297",2022,"AB08",5,"CANO",0,1,0,0,0,0
"1298",2022,"AB08",5,"THPL",5,59,0,0,0,0
"1299",2022,"AB08",5,"TSHE",21,134,7,0,0,0
"1300",2022,"PARA",5,"CANO",0,1,0,0,0,0
"1301",2022,"AO03",5,"TSHE",73,84,1,7,9,16
"1302",2022,"AO03",5,"PSME",16,12,3,34,22.5,56.5
"1303",2022,"TO04",5,"THPL",126,346,0,0,0,0
"1304",2022,"PARA",5,"TSME",3,0,0,0,0,0
"1305",2022,"PARA",5,"ABLA",3,0,0,0,0,0
"1306",2022,"PARA",5,"ABAM",14,0,0,0,0,0
"1307",2022,"AO03",5,"THPL",119,415,1,0,0,0
"1308",2022,"AO03",5,"ABAM",1,4,0,0,0,0
"1309",2022,"AM16",5,"CANO",10,8,0,0,0,0
"1310",2022,"AM16",5,"TSHE",112,83,0,0,0,0
"1311",2022,"AM16",5,"ABAM",1,2,0,0,0,0
"1312",2022,"AM16",5,"TSME",45,11,0,0,0,0
"1313",2022,"AM16",5,"PSME",0,1,0,0,0,0
"1314",2022,"AM16",5,"ALVI",0,1,0,0,0,0
"1315",2022,"TO04",5,"PSME",35,3,0,0,0,0
"1316",2022,"TO04",5,"TSHE",39,35,0,0,0,0
"1317",2022,"TA01",5,"PSME",2,45,0,0,0,0
"1318",2022,"TA01",5,"TSHE",1,1,0,0,0,0
"1319",2022,"TA01",5,"THPL",0,11,0,0,0,0
"1320",2022,"AG05",5,"THPL",38,152,0,0,0,0
"1321",2022,"AG05",5,"ABAM",1,2,0,0,0,0
"1322",2022,"AG05",5,"TSHE",1,43,0,0,0,0
"1323",2022,"AG05",5,"PSME",13,52,0,0,0,0
"1324",2022,"AV06",5,"TSHE",3,36,0,0,0,0
"1325",2022,"AV06",5,"THPL",5,10,0,0,0,0
"1326",2022,"AV06",5,"PSME",1,5,0,0,0,0
"1327",2022,"AV06",5,"ABAM",2,0,0,0,0,0
"1328",2022,"TA01",6,"PSME",57,42.5,0,0,0,0
"1329",2022,"TA01",6,"TSHE",12,3,0,0,0,0
"1330",2022,"TA01",6,"THPL",8,10,0,0,0,0
"1331",2022,"PARA",6,"PSME",1,0,0,0,0,0
"1332",2022,"PARA",6,"CANO",3,0,0,0,0,0
"1333",2022,"PARA",6,"ABAM",15,5,0,0,0,0
"1334",2022,"SUNR",6,"ABAM",119,31,0,0,0,0
"1335",2022,"SUNR",6,"ABLA",44,10,0,0,0,0
"1336",2022,"SUNR",6,"TSME",7,2,0,0,0,0
"1337",2022,"SUNR",6,"CANO",2,0,0,0,0,0
"1338",2022,"AM16",6,"TSHE",77,99,0,0,0,0
"1339",2022,"AM16",6,"ABAM",0,2,0,0,0,0
"1340",2022,"AM16",6,"CANO",11,5,5,2,0,2
"1341",2022,"AM16",6,"TSME",15,36,0,0,0,0
"1342",2022,"AM16",6,"PSME",1,0,0,0,0,0
"1343",2022,"AO03",6,"TSHE",78,228,1,2,0,2
"1344",2022,"AO03",6,"THPL",160,275,0,0,0,0
"1345",2022,"AO03",6,"PSME",44,127,19,151,4,155
"1346",2022,"AO03",6,"ABAM",3,3.5,0,0,0,0
"1347",2022,"AG05",6,"TSHE",16,0,0,0,0,0
"1348",2022,"AG05",6,"TABR",1,0,0,0,0,0
"1349",2022,"AG05",6,"THPL",15,100,1,0,15,15
"1350",2022,"AG05",6,"PSME",30,37,4,11,25,36
"1351",2022,"TO04",6,"THPL",210,354,6,3,5,8
"1352",2022,"TO04",6,"ABGR",2,0,0,0,0,0
"1353",2022,"TO04",6,"PSME",4,16,0,0,0,0
"1354",2022,"TO04",6,"TSHE",5,56,0,0,0,0
"1355",2022,"AE10",6,"CANO",11,1,0,0,0,0
"1356",2022,"AE10",6,"TSME",0,2,0,0,0,0
"1357",2022,"AE10",6,"ABPR",1,0,0,0,0,0
"1358",2022,"AE10",6,"ABAM",7,3,0,0,0,0
"1359",2022,"AB08",6,"TSHE",6,52,15,0,1,1
"1360",2022,"AB08",6,"ABAM",1,1,0,0,0,0
"1361",2022,"AB08",6,"PSME",3,8,0,0,0,0
"1362",2022,"AB08",6,"THPL",11,35,0,0,0,0
"1363",2022,"AE10",7,"CANO",11,3,0,0,0,0
"1364",2022,"AE10",7,"ABAM",12,3,0,0,0,0
"1365",2022,"AE10",7,"TSME",2,0,0,0,0,0
"1366",2022,"AE10",7,"ABPR",1,0,0,0,0,0
"1367",2022,"TA01",7,"TSHE",3,2,0,0,0,0
"1368",2022,"TA01",7,"PSME",49,10,0,0,0,0
"1369",2022,"TA01",7,"THPL",3,1,0,0,0,0
"1370",2022,"AB08",7,"PSME",13,0,0,0,0,0
"1371",2022,"AB08",7,"ABAM",0,1,0,0,0,0
"1372",2022,"AB08",7,"THPL",0,27,0,0,0,0
"1373",2022,"AB08",7,"TSHE",15,100,5,0,1,1
"1374",2022,"AB08",7,"ALVI",1,0,0,0,0,0
"1375",2022,"AG05",7,"PSME",61,30.5,2,2,0,2
"1376",2022,"AG05",7,"THPL",55,121,0,0,0,0
"1377",2022,"AG05",7,"ABAM",0,3,0,0,0,0
"1378",2022,"AG05",7,"TSHE",13,10,0,0,0,0
"1379",2022,"AG05",7,"TSME",0,2,0,0,0,0
"1380",2022,"AO03",7,"THPL",141,885,11,0,30,30
"1381",2022,"AO03",7,"TSHE",87,91,1,0,0,0
"1382",2022,"AO03",7,"PSME",8,2.5,0,0,0,0
"1383",2022,"TO04",7,"TSHE",51,17,3,0,0,0
"1384",2022,"TO04",7,"PSME",43,4,1,1,0,1
"1385",2022,"TO04",7,"THPL",23,62,0,0,0,0
"1386",2022,"TO04",7,"ABAM",2,0,0,0,0,0
"1387",2022,"AM16",7,"TSME",40,87,12,2,5,7
"1388",2022,"AM16",7,"CANO",2,5,0,0,0,0
"1389",2022,"AM16",7,"ABAM",0,1,0,0,0,0
"1390",2022,"AM16",7,"TSME",8,18,0,0,0,0
"1391",2022,"AV06",7,"TSHE",15,70,0,0,0,0
"1392",2022,"AV06",7,"THPL",2,7,0,0,0,0
"1393",2022,"AV06",7,"PSME",2,4,0,0,0,0
"1394",2022,"AV06",7,"ABAM",2,1,0,0,0,0
"1395",2022,"AE10",8,"CANO",45,2,0,0,0,0
"1396",2022,"AE10",8,"ABAM",7,9,0,0,0,0
"1397",2022,"AE10",8,"ABLA",0,1,0,0,0,0
"1398",2022,"AE10",8,"TSHE",2,1,0,0,0,0
"1399",2022,"AE10",8,"TSME",1,0,0,0,0,0
"1400",2022,"AV06",8,"TSHE",66,20,0,0,0,0
"1401",2022,"AV06",8,"ABAM",2,0,0,0,0,0
"1402",2022,"AV06",8,"PSME",7,4,0,0,0,0
"1403",2022,"AV06",8,"THPL",4,3,0,0,0,0
"1404",2022,"AM16",8,"ALVI",1,0,0,0,0,0
"1405",2022,"AM16",8,"ABAM",3,0,0,0,0,0
"1406",2022,"AM16",8,"TSME",16,13,0,0,0,0
"1407",2022,"AM16",8,"CANO",7,0,0,0,0,0
"1408",2022,"AM16",8,"TSHE",40,68,0,0,0,0
"1409",2022,"TA01",8,"PSME",30,8,0,0,0,0
"1410",2022,"TA01",8,"THPL",3,0,0,0,0,0
"1411",2022,"AG05",8,"PSME",11,19,0,0,0,0
"1412",2022,"AG05",8,"ABAM",2,1,0,0,0,0
"1413",2022,"AG05",8,"THPL",63,106,0,0,0,0
"1414",2022,"AG05",8,"TSHE",50,7,0,0,0,0
"1415",2022,"AO03",8,"TSHE",64,179,1,0,0,0
"1416",2022,"AO03",8,"THPL",231,356,0,0,0,0
"1417",2022,"AO03",8,"PSME",1,8,0,0,0,0
"1418",2022,"AO03",8,"ABAM",2,1,0,0,0,0
"1419",2022,"TO04",8,"TSHE",5,0,20,4,110,114
"1420",2022,"TO04",8,"THPL",44,94,6,0,6,6
"1421",2022,"TO04",8,"PSME",10,3,0,0,0,0
"1422",2022,"AB08",8,"ABAM",3,0,0,0,0,0
"1423",2022,"AB08",8,"PSME",3,12,0,0,0,0
"1424",2022,"AB08",8,"THPL",14,37,0,0,0,0
"1425",2022,"AB08",8,"TSHE",13,101,0,0,0,0
"1426",2022,"AE10",9,"TSME",1,1,0,0,0,0
"1427",2022,"AE10",9,"CANO",2,0,0,0,0,0
"1428",2022,"AE10",9,"ABAM",13,1,0,0,0,0
"1429",2022,"AE10",9,"ABLA",0,6,0,0,0,0
"1430",2022,"AE10",9,"ABPR",1,0,0,0,0,0
"1431",2022,"AB08",9,"THPL",12,110,3,0,15,15
"1432",2022,"AB08",9,"PSME",13,4,0,0,0,0
"1433",2022,"AB08",9,"ABAM",0,1,0,0,0,0
"1434",2022,"AB08",9,"TSHE",12,80,0,0,0,0
"1435",2022,"TO04",9,"THPL",205,657,18,17,7,24
"1436",2022,"TO04",9,"TSHE",30,9,11,24,6,30
"1437",2022,"TO04",9,"PSME",11,0,0,0,0,0
"1438",2022,"AM16",9,"TSHE",49,124,2,1,3,4
"1439",2022,"AM16",9,"TSME",29,13,0,0,0,0
"1440",2022,"AM16",9,"ALVI",0,1,0,0,0,0
"1441",2022,"AM16",9,"CANO",9,1,0,0,0,0
"1442",2022,"AV06",9,"THPL",1,5,0,0,0,0
"1443",2022,"AV06",9,"PSME",9,4,0,0,0,0
"1444",2022,"AV06",9,"TSHE",5,11,0,0,0,0
"1445",2022,"TA01",9,"PSME",8,36,0,0,0,0
"1446",2022,"TA01",9,"THPL",1,20,0,0,0,0
"1447",2022,"AG05",9,"TSHE",8,33,1,0,0,0
"1448",2022,"AG05",9,"PSME",12,56,0,0,0,0
"1449",2022,"AG05",9,"THPL",16,113,0,0,0,0
"1450",2022,"AG05",9,"ABAM",0,4,0,0,0,0
"1451",2022,"AG05",9,"ABLA",0,1,0,0,0,0
"1452",2022,"AG05",9,"TABR",0,1,0,0,0,0
"1453",2022,"AB08",10,"TSHE",0,0,8,0,0,0
"1454",2022,"AV06",10,"TSHE",88,13,1,1,0,1
"1455",2022,"AV06",10,"PSME",2,2,0,0,0,0
"1456",2022,"AV06",10,"THPL",11,16,0,0,0,0
"1457",2022,"AV06",10,"ABAM",0,1,0,0,0,0
"1458",2022,"AE10",10,"CANO",0,0,3,0,0,0
"1459",2022,"TA01",10,"TSHE",2,1,5,0,0,0
"1460",2022,"TA01",10,"PSME",67,12,0,0,0,0
"1461",2022,"TA01",10,"THPL",2,1,0,0,0,0
"1462",2022,"AG05",10,"PSME",39,8,0,0,0,0
"1463",2022,"AG05",10,"THPL",36,108,0,0,0,0
"1464",2022,"AG05",10,"TSHE",12,18,0,0,0,0
"1465",2022,"AG05",10,"ABAM",4,2,0,0,0,0
"1466",2022,"AO03",10,"THPL",219,147,8,15,5,20
"1467",2022,"AO03",10,"TSHE",160,9,4,15,4,19
"1468",2022,"AO03",10,"PSME",7,0,0,0,0,0
"1469",2022,"AO03",10,"ABAM",2,0,0,0,0,0
"1470",2022,"AM16",10,"TSME",6,4,0,0,0,0
"1471",2022,"AM16",10,"CANO",0,1,0,0,0,0
"1472",2022,"AM16",10,"ABAM",1,2,0,0,0,0
"1473",2022,"AM16",10,"TSHE",12,29,0,0,0,0
"1474",2022,"TO04",10,"TSHE",1,25,2,0,2,2
"1475",2022,"TO04",10,"PSME",7,37,2,0,0,0
"1476",2022,"TO04",10,"THPL",17,45,0,0,0,0
"1477",2022,"AE10",10,"CANO",39,19,3,5,5,10
"1478",2022,"AE10",10,"TSME",0,4,0,0,0,0
"1479",2022,"AE10",10,"ABPR",5,1,0,0,0,0
"1480",2022,"AE10",10,"ABLA",0,6,0,0,0,0
"1481",2022,"AE10",10,"ABAM",10,7,0,0,0,0
"1482",2022,"AB08",10,"TSHE",13,86,8,0,0,0
"1483",2022,"AB08",10,"PSME",5,6,0,0,0,0
"1484",2022,"AB08",10,"ABAM",1,1,0,0,0,0
"1485",2022,"AB08",10,"THPL",4,8,0,0,0,0
"1486",2022,"AO03",11,"THPL",173,279,5,10,5,15
"1487",2022,"AO03",11,"PSME",10,3,0,0,0,0
"1488",2022,"AO03",11,"ABAM",2,2,0,0,0,0
"1489",2022,"AO03",11,"TSHE",175,12,0,0,0,0
"1490",2022,"AV06",11,"PSME",5,0.5,0,0,0,0
"1491",2022,"AV06",11,"TSHE",86,16,0,0,0,0
"1492",2022,"AV06",11,"ABAM",2,2,0,0,0,0
"1493",2022,"AV06",11,"THPL",68,93,0,0,0,0
"1494",2022,"AE10",11,"CANO",2,0,0,0,0,0
"1495",2022,"AE10",11,"TSME",2,0,0,0,0,0
"1496",2022,"AE10",11,"ABLA",1,0,0,0,0,0
"1497",2022,"AE10",11,"ABPR",1,0,0,0,0,0
"1498",2022,"AE10",11,"ABAM",7,3,0,0,0,0
"1499",2022,"AB08",11,"PSME",5,3,0,0,0,0
"1500",2022,"AB08",11,"TSHE",17,109,4,0,0,0
"1501",2022,"AB08",11,"CANO",1,0,0,0,0,0
"1502",2022,"AB08",11,"THPL",2,34,0,0,0,0
"1503",2022,"AM16",11,"CANO",12,42,1,0,0,0
"1504",2022,"AM16",11,"ALVI",1,2,0,0,0,0
"1505",2022,"AM16",11,"TSME",20,10,0,0,0,0
"1506",2022,"AM16",11,"PSME",1,0,0,0,0,0
"1507",2022,"AM16",11,"ABAM",1,0,0,0,0,0
"1508",2022,"AM16",11,"TSHE",30,48,0,0,0,0
"1509",2022,"AG05",11,"PSME",33,18,0,0,0,0
"1510",2022,"AG05",11,"THPL",7,104,0,0,0,0
"1511",2022,"AG05",11,"TSHE",2,8,0,0,0,0
"1512",2022,"AG05",11,"ABAM",2,0,0,0,0,0
"1513",2022,"TO04",11,"TSHE",1,35,4,0,6,6
"1514",2022,"TO04",11,"ABGR",1,0,0,0,0,0
"1515",2022,"TO04",11,"PSME",1,12,0,0,0,0
"1516",2022,"TO04",11,"THPL",5,313,0,0,0,0
"1517",2022,"TA01",11,"PSME",7,93,0,0,0,0
"1518",2022,"TA01",11,"TSHE",0,6,0,0,0,0
"1519",2022,"AB08",12,"TSHE",0,0,15,19,5,24
"1520",2022,"AB08",12,"THPL",0,0,4,11,16,27
"1521",2022,"AB08",12,"TSHE",87,15,0,0,0,0
"1522",2022,"AB08",12,"THPL",18,22,0,0,0,0
"1523",2022,"AB08",12,"PSME",5,2,0,0,0,0
"1524",2022,"AG05",12,"THPL",34,141,1,0,1,1
"1525",2022,"AG05",12,"ABAM",2,0,0,0,0,0
"1526",2022,"AG05",12,"TSHE",33,36,0,0,0,0
"1527",2022,"AG05",12,"PSME",32,13,0,0,0,0
"1528",2022,"AG05",12,"TSME",1,1,0,0,0,0
"1529",2022,"TO04",12,"THPL",411,1119,28,29,33,62
"1530",2022,"TO04",12,"TSHE",36,15,13,8,8,16
"1531",2022,"TO04",12,"PSME",18,0,0,0,0,0
"1532",2022,"TO04",12,"ABLA",2,1,0,0,0,0
"1533",2022,"AE10",12,"TSME",2,0,1,3,0,3
"1534",2022,"AE10",12,"CANO",26,12,0,0,0,0
"1535",2022,"AE10",12,"ABAM",4,1,0,0,0,0
"1536",2022,"AO03",12,"PSME",17,27,2.5,27,16,43
"1537",2022,"AO03",12,"TSHE",55,68,0,0,0,0
"1538",2022,"AO03",12,"THPL",41,105,0,0,0,0
"1539",2022,"AO03",12,"ABAM",1,2.5,0,0,0,0
"1540",2022,"AM16",12,"CANO",12,11.5,3,2,0,2
"1541",2022,"AM16",12,"TSHE",27,66,0,0,0,0
"1542",2022,"AM16",12,"TSME",18,23,0,0,0,0
"1543",2022,"TA01",12,"THPL",7,0,0,0,0,0
"1544",2022,"TA01",12,"PSME",64,8,0,0,0,0
"1545",2022,"TA01",12,"TSHE",1,0,0,0,0,0
"1546",2022,"AV06",12,"TSHE",12,44,0,0,0,0
"1547",2022,"AV06",12,"PSME",4,7,0,0,0,0
"1548",2022,"AV06",12,"THPL",1,9,0,0,0,0
"1549",2022,"AV06",12,"ABAM",0,1,0,0,0,0
"1550",2022,"TA01",13,"PSME",75,18,0,0,0,0
"1551",2022,"TA01",13,"THPL",1,0,0,0,0,0
"1552",2022,"TA01",13,"TSHE",35,39,2,1,2,3
"1553",2022,"AB08",13,"TSHE",0,0,4,1,0,1
"1554",2022,"AB08",13,"PSME",13,0,0,0,0,0
"1555",2022,"AB08",13,"THPL",6,7,0,0,0,0
"1556",2022,"AB08",13,"CANO",2,0,0,0,0,0
"1557",2022,"AB08",13,"TSHE",50,63,0,0,0,0
"1558",2022,"AB08",13,"TSME",1,2,0,0,0,0
"1559",2022,"AG05",13,"THPL",46,73,8,8,18,26
"1560",2022,"AG05",13,"PSME",27,9.5,0,0,0,0
"1561",2022,"AG05",13,"ABAM",1,1,0,0,0,0
"1562",2022,"AG05",13,"TSHE",16,21,0,0,0,0
"1563",2022,"AG05",13,"TSME",1,0,0,0,0,0
"1564",2022,"TO04",13,"THPL",41,51,2,0,0,0
"1565",2022,"TO04",13,"PSME",18,1,0,0,0,0
"1566",2022,"TO04",13,"TSHE",28,3,0,0,0,0
"1567",2022,"TO04",13,"ABGR",3,2,0,0,0,0
"1568",2022,"AM16",13,"CANO",38,24,8,0,0,0
"1569",2022,"AM16",13,"TSME",14,7,0,0,0,0
"1570",2022,"AM16",13,"TSHE",22,27,0,0,0,0
"1571",2022,"AV06",13,"THPL",27,14,0,0,0,0
"1572",2022,"AV06",13,"TSHE",31,72,1,0,0,0
"1573",2022,"AV06",13,"ABAM",1,0,0,0,0,0
"1574",2022,"AE10",13,"TSME",10,18,0,0,0,0
"1575",2022,"AE10",13,"TSHE",1,2,0,0,0,0
"1576",2022,"AE10",13,"CANO",25,7,0,0,0,0
"1577",2022,"AE10",13,"ABLA",1,2,0,0,0,0
"1578",2022,"AE10",13,"ABPR",3,4,0,0,0,0
"1579",2022,"AE10",13,"ABAM",7,17,0,0,0,0
"1580",2022,"AG05",14,"PSME",0,0,3,4,34,38
"1581",2022,"AG05",14,"PSME",56,48,0,0,0,0
"1582",2022,"AG05",14,"THPL",39,47,0,0,0,0
"1583",2022,"AG05",14,"ABAM",1,4,0,0,0,0
"1584",2022,"AG05",14,"TSHE",25,1,0,0,0,0
"1585",2022,"AV06",14,"THPL",124,126,2,0,0,0
"1586",2022,"AV06",14,"ABAM",2,0,0,0,0,0
"1587",2022,"AV06",14,"TSHE",84,13,0,0,0,0
"1588",2022,"AV06",14,"PSME",8,2,0,0,0,0
"1589",2022,"AE10",14,"TSME",5,7,0,0,0,0
"1590",2022,"AE10",14,"CANO",10,3,0,0,0,0
"1591",2022,"AE10",14,"ABLA",2,1,0,0,0,0
"1592",2022,"AE10",14,"ABAM",5,0,0,0,0,0
"1593",2022,"AE10",14,"ABPR",1,0.5,0,0,0,0
"1594",2022,"AE10",14,"PSME",0,0.5,0,0,0,0
"1595",2022,"AB08",14,"PSME",8,4,0,0,0,0
"1596",2022,"AB08",14,"TSHE",12,79,9,0,0,0
"1597",2022,"AB08",14,"THPL",1,16,0,0,0,0
"1598",2022,"AO03",14,"TSHE",52,119,0,0,0,0
"1599",2022,"AO03",14,"PSME",1,3,0,0,0,0
"1600",2022,"AO03",14,"ABAM",2,5,0,0,0,0
"1601",2022,"AO03",14,"THPL",66,209,0,0,0,0
"1602",2022,"TA01",14,"PSME",39,12,0,0,0,0
"1603",2022,"TA01",14,"TSHE",2,0,0,0,0,0
"1604",2022,"AM16",14,"PSME",1,2,0,0,0,0
"1605",2022,"AM16",14,"CANO",1,0,0,0,0,0
"1606",2022,"AM16",14,"TSME",3,8,0,0,0,0
"1607",2022,"AM16",14,"TSHE",5,30,0,0,0,0
"1608",2022,"AM16",14,"ALVI",0,3,0,0,0,0
"1609",2022,"TO04",14,"TSHE",93,79,1,0,7,7
"1610",2022,"TO04",14,"PSME",20,3,0,0,0,0
"1611",2022,"TO04",14,"THPL",70,145,0,0,0,0
"1612",2022,"TO04",15,"THPL",98,173,5,2,2,4
"1613",2022,"TO04",15,"PSME",23,3,0,0,0,0
"1614",2022,"TO04",15,"ABAM",21,10,0,0,0,0
"1615",2022,"TO04",15,"TSHE",102,48,6,34,17,51
"1616",2022,"TA01",15,"PSME",68,24,0,0,0,0
"1617",2022,"TA01",15,"THPL",1,0,0,0,0,0
"1618",2022,"AO03",15,"PSME",5,10,0,0,0,0
"1619",2022,"AO03",15,"ABAM",10,3,0,0,0,0
"1620",2022,"AO03",15,"TSHE",25,117,0,0,0,0
"1621",2022,"AO03",15,"THPL",15,81,0,0,0,0
"1622",2022,"AM16",15,"CANO",6,3,2,4,1,5
"1623",2022,"AM16",15,"TSME",18,33,0,0,0,0
"1624",2022,"AM16",15,"TSHE",19,54,0,0,0,0
"1625",2022,"AM16",15,"ALVI",0,2,0,0,0,0
"1626",2022,"AV06",15,"ABAM",1,1,0,0,0,0
"1627",2022,"AV06",15,"TSHE",6,26,0,0,0,0
"1628",2022,"AV06",15,"PSME",8,2,0,0,0,0
"1629",2022,"AV06",15,"THPL",61,195,3,0,0,0
"1630",2022,"AE10",15,"CANO",16,7,1,3,5,8
"1631",2022,"AE10",15,"TSME",0,3,0,0,0,0
"1632",2022,"AE10",15,"ABPR",2,0,0,0,0,0
"1633",2022,"AE10",15,"ABAM",8,11,0,0,0,0
"1634",2022,"AB08",15,"TSHE",14,73,6,0,0,0
"1635",2022,"AB08",15,"PSME",1,7,0,0,0,0
"1636",2022,"AB08",15,"THPL",8,20,0,0,0,0
"1637",2022,"AG05",15,"THPL",174,508,3,0,1,1
"1638",2022,"AG05",15,"PSME",14,32.5,0,0,0,0
"1639",2022,"AG05",15,"TSHE",10,19,0,0,0,0
"1640",2023,"AM16",9,"PSME",1,0,0,0,0,0
"1641",2023,"AM16",9,"ABAM",15,5,0,0,0,0
"1642",2023,"AB08",8,"TSHE",507,93,4,1,1,2
"1643",2023,"AB08",8,"PSME",5,4,0,0,0,0
"1644",2023,"AB08",8,"ABAM",2,0,0,0,0,0
"1645",2023,"AB08",8,"THPL",3,0,0,0,0,0
"1646",2023,"AB08",13,"TSHE",638,98,7,4,0,4
"1647",2023,"AB08",13,"THPL",1,1,0,0,0,0
"1648",2023,"AB08",13,"ABAM",1,2,0,0,0,0
"1649",2023,"AB08",13,"PSME",3,3,0,0,0,0
"1650",2023,"AB08",9,"TSHE",380,102,0,0,0,0
"1651",2023,"AB08",9,"ABAM",2,1,0,0,0,0
"1652",2023,"AB08",9,"PSME",4,6,0,0,0,0
"1653",2023,"AB08",9,"THPL",2,3,13,48,82,130
"1654",2023,"AB08",7,"TSHE",386,112,2,0,0,0
"1655",2023,"AB08",7,"PSME",4,0,0,0,0,0
"1656",2023,"AB08",7,"ABAM",2,0,0,0,0,0
"1657",2023,"AB08",7,"THPL",4,1,0,0,0,0
"1658",2023,"PARA",5,"TSME",392,86,1,0,3,3
"1659",2023,"PARA",5,"ABAM",7,12,0,0,0,0
"1660",2023,"PARA",5,"ABLA",28,4,0,0,0,0
"1661",2023,"AM16",11,"TSME",90,14,2,2,0,2
"1662",2023,"AM16",11,"TSHE",132,22,0,0,0,0
"1663",2023,"AM16",11,"ABAM",4,1,0,0,0,0
"1664",2023,"AM16",11,"CANO",6,0,6,1,1,2
"1665",2023,"AG05",9,"THPL",22,27,7,12,13,25
"1666",2023,"AG05",9,"TSHE",92,24,2,0,0,0
"1667",2023,"AG05",9,"TSME",1,0,0,0,0,0
"1668",2023,"AG05",9,"PSME",6,2,0,0,0,0
"1669",2023,"AG05",9,"ABAM",65,39,0,0,0,0
"1670",2023,"AO03",8,"TSHE",288,293,33,33,44,77
"1671",2023,"AO03",8,"THPL",40,38,25,17,30,47
"1672",2023,"AO03",8,"PSME",1,2,0,0,0,0
"1673",2023,"AO03",8,"ABAM",4,1,0,0,0,0
"1674",2023,"AG05",15,"THPL",30,46,47,63,121,184
"1675",2023,"AG05",15,"TSHE",47,9,0,0,0,0
"1676",2023,"AG05",15,"PSME",6,0,0,0,0,0
"1677",2023,"AG05",15,"ABAM",7,1,0,0,0,0
"1678",2023,"AG05",11,"TSHE",74,12,0,0,0,0
"1679",2023,"AG05",11,"THPL",12,12,15,34,43,77
"1680",2023,"AG05",11,"PSME",6,7,0,0,0,0
"1681",2023,"AG05",11,"ABAM",14,6,0,0,0,0
"1682",2023,"AG05",14,"ABAM",10,3,0,0,0,0
"1683",2023,"PARA",3,"TSME",455,86,4,15,23,38
"1684",2023,"PARA",3,"ABAM",33,13,0,0,0,0
"1685",2023,"PARA",3,"ABLA",0,2,0,0,0,0
"1686",2023,"TO04",10,"TSHE",333,33,4,23,7,30
"1687",2023,"TO04",10,"THPL",21,20,1,0,0,0
"1688",2023,"TO04",10,"PSME",11,1,0,0,0,0
"1689",2023,"TA01",14,"PSME",23,6,1,1,9,10
"1690",2023,"TA01",14,"TSHE",82,11,0,0,0,0
"1691",2023,"TA01",12,"PSME",20,15,1,0,6,6
"1692",2023,"TA01",12,"TSHE",108,23,0,0,0,0
"1693",2023,"TA01",12,"THPL",1,1,0,0,0,0
"1694",2023,"TA01",10,"TSHE",124,20,2,1,0,1
"1695",2023,"TA01",10,"PSME",18,17,0,0,0,0
"1696",2023,"TA01",13,"PSME",9,4,1.5,6,22,28
"1697",2023,"TA01",13,"TSHE",119,23,2,1,0,1
"1698",2023,"AE10",13,"CANO",13,2,5,0,0,0
"1699",2023,"AE10",13,"TSME",105,15,0,0,0,0
"1700",2023,"AE10",13,"ABLA",2,4,0,0,0,0
"1701",2023,"AE10",13,"ABAM",7,7,0,0,0,0
"1702",2023,"AB08",14,"THPL",0,1,2,7,19,26
"1703",2023,"AB08",14,"TSHE",679,117,6,0,0,0
"1704",2023,"AB08",14,"PSME",6,1,0,0,0,0
"1705",2023,"AB08",14,"ABAM",1,0,0,0,0,0
"1706",2023,"AB08",15,"TSHE",472,83,16,15,12,27
"1707",2023,"AB08",15,"THPL",10,15,22,27,102,129
"1708",2023,"AB08",15,"PSME",4,0,0,0,0,0
"1709",2023,"AB08",10,"TSHE",699,125,13,0,0,0
"1710",2023,"AB08",10,"PSME",2,1,0,0,0,0
"1711",2023,"AB08",10,"THPL",0,1,0,0,0,0
"1712",2023,"AB08",10,"ABAM",0,1,0,0,0,0
"1713",2023,"PARA",4,"TSME",489,89,1,16,21,37
"1714",2023,"PARA",4,"ABLA",26,1,0,0,0,0
"1715",2023,"PARA",4,"ABAM",4,0,0,0,0,0
"1716",2023,"PARA",4,"ABAM",0,14,0,0,0,0
"1717",2023,"AG05",7,"PSME",8,2,1,0,0,0
"1718",2023,"AG05",7,"TSHE",111,24,2,0,0,0
"1719",2023,"AG05",7,"THPL",20,26,1,0,0,0
"1720",2023,"AB08",11,"TSHE",505,102,3,0,0,0
"1721",2023,"AB08",11,"PSME",2,3,0,0,0,0
"1722",2023,"AB08",11,"ABAM",0,2,0,0,0,0
"1723",2023,"AB08",11,"THPL",2,2,0,0,0,0
"1724",2023,"AM16",9,"TSHE",139,41,3,4,1,5
"1725",2023,"AM16",9,"TSME",120,19,0,0,0,0
"1726",2023,"AM16",9,"CANO",7,1,0,0,0,0
"1727",2023,"AG05",14,"PSME",1,5,2.5,1,35,36
"1728",2023,"AG05",14,"THPL",16,13,1,0,0,0
"1729",2023,"AG05",14,"TSHE",47,8,0,0,0,0
"1730",2023,"AB08",12,"TSHE",497,141,31,24,13,37
"1731",2023,"AB08",12,"THPL",7,5,9,42,38,80
"1732",2023,"AB08",12,"PSME",3,5,0,0,0,0
"1733",2023,"AB08",12,"ABAM",1,0,0,0,0,0
"1734",2023,"AV06",10,"ABAM",26,6,0,0,0,0
"1735",2023,"AV06",10,"TSHE",182,57,3,0,3,3
"1736",2023,"AV06",10,"THPL",7,2,2,3,2,5
"1737",2023,"AV06",10,"PSME",1,1,0,0,0,0
"1738",2023,"AV06",11,"THPL",6,5,6,12,8,20
"1739",2023,"AV06",11,"ABAM",17,8,0,0,0,0
"1740",2023,"AV06",11,"PSME",4,2,0,0,0,0
"1741",2023,"AV06",11,"TSHE",125,29,0,0,0,0
"1742",2023,"AV06",13,"TSHE",198,37,1,0,0,0
"1743",2023,"AV06",13,"THPL",3,2,0,0,0,0
"1744",2023,"AV06",13,"PSME",3,2,0,0,0,0
"1745",2023,"AV06",13,"ABAM",12,11,0,0,0,0
"1746",2023,"AV06",7,"TSHE",175,30,1,0,0,0
"1747",2023,"AV06",7,"THPL",2,1,0,0,0,0
"1748",2023,"AV06",7,"ABAM",56,11,0,0,0,0
"1749",2023,"AV06",7,"PSME",3,0,0,0,0,0
"1750",2023,"AV06",15,"TSHE",72,9,3,1,0,1
"1751",2023,"AV06",15,"THPL",24,19,40,35,74,109
"1752",2023,"AV06",15,"ABAM",20,9,0,0,2,2
"1753",2023,"AV06",15,"CANO",2,0,0,0,0,0
"1754",2023,"AV06",15,"PSME",2,1,0,0,0,0
"1755",2023,"AO03",10,"TSHE",236,95,13,17,4,21
"1756",2023,"AO03",10,"THPL",18,10,100,232,408,640
"1757",2023,"AO03",10,"ABAM",6,6,0,0,0,0
"1758",2023,"AO03",10,"PSME",5,19,0,0,0,0
"1759",2023,"AO03",12,"TSHE",181,129,9,43,12,55
"1760",2023,"AO03",12,"PSME",7,17,1,2,9,11
"1761",2023,"AO03",12,"THPL",23,34,1,0,0,0
"1762",2023,"AO03",12,"ABAM",18,11,0,0,0,0
"1763",2023,"AG05",13,"THPL",37,17,10,11,23,34
"1764",2023,"AG05",13,"TSHE",87,17,0,0,0,0
"1765",2023,"AG05",13,"PSME",8,2,0,0,0,0
"1766",2023,"AG05",13,"ABAM",34,9,0,0,0,0
"1767",2023,"AG05",12,"THPL",31,30,16,33,42,75
"1768",2023,"AG05",12,"TSHE",97,22,0,0,0,0
"1769",2023,"AG05",12,"ABAM",5,6,0,0,0,0
"1770",2023,"AG05",12,"PSME",7,5,0,0,0,0
"1771",2023,"AG05",12,"TSME",1,1,0,0,0,0
"1772",2023,"AV06",14,"ABAM",18,9,0,0,0,0
"1773",2023,"AV06",14,"PSME",0,2,0,0,0,0
"1774",2023,"AV06",14,"THPL",12,8,19,15,18,33
"1775",2023,"AV06",14,"TSHE",185,29,0,0,0,0
"1776",2023,"AV06",9,"TSHE",48,12,0,0,0,0
"1777",2023,"AV06",9,"ABAM",25,7,0,0,0,0
"1778",2023,"AV06",9,"PSME",6,4,0,0,0,0
"1779",2023,"AV06",9,"THPL",1,0,0,0,0,0
"1780",2023,"AV06",12,"TSHE",140,34,1,0,1,1
"1781",2023,"AV06",12,"PSME",1,0,0,0,0,0
"1782",2023,"AV06",12,"THPL",1,4,0,0,0,0
"1783",2023,"AV06",12,"ABAM",22,9,0,0,0,0
"1784",2023,"AV06",8,"TSHE",103,21,0,0,0,0
"1785",2023,"AV06",8,"PSME",2,1,0,0,0,0
"1786",2023,"AV06",8,"THPL",1,1,0,0,0,0
"1787",2023,"AV06",8,"ABAM",13,3,0,0,0,0
"1788",2023,"AG05",10,"TSHE",146,32,0,0,0,0
"1789",2023,"AG05",10,"TSME",1,0,0,0,0,0
"1790",2023,"AG05",10,"ABAM",58,8,0,0,0,0
"1791",2023,"AG05",10,"THPL",19,23,21,26,31,57
"1792",2023,"AG05",10,"PSME",2,1,0,0,0,0
"1793",2023,"AG05",8,"THPL",12,10,19,31,38,69
"1794",2023,"AG05",8,"ABAM",26,6,0,0,0,0
"1795",2023,"AG05",8,"PSME",4,2,0,0,0,0
"1796",2023,"AG05",8,"TSHE",33,7,0,0,0,0
"1797",2023,"AO03",7,"THPL",94,82,135,86,106,192
"1798",2023,"AO03",7,"ABAM",47,32,0,0,0,0
"1799",2023,"AO03",7,"TSHE",141,46,0,0,0,0
"1800",2023,"AO03",7,"PSME",1,1,0,0,0,0
"1801",2023,"AM16",7,"TSHE",141,44,9,16,10,26
"1802",2023,"AM16",7,"CANO",5,1,1,0,0,0
"1803",2023,"AM16",7,"ABAM",1,3,0,0,0,0
"1804",2023,"AM16",7,"TSME",28,0,0,0,0,0
"1805",2023,"AO03",11,"ABAM",3,14,0,0,0,0
"1806",2023,"AO03",11,"TSHE",152,77,4,0,0,0
"1807",2023,"AO03",11,"THPL",64,65,34,14,23,37
"1808",2023,"AO03",11,"PSME",3,2,0,0,0,0
"1809",2023,"AO03",13,"THPL",6,6,170,46,46,92
"1810",2023,"AO03",13,"TSME",1,0,0,0,0,0
"1811",2023,"AO03",13,"TSHE",98,14,1,25,7,32
"1812",2023,"AO03",13,"PSME",4,1,0,0,0,0
"1813",2023,"AO03",13,"ABAM",17,12,0,0,0,0
"1814",2023,"AO03",9,"TSHE",132,36,3,3,0,3
"1815",2023,"AO03",9,"THPL",13,5,1,0,0,0
"1816",2023,"AO03",9,"PSME",2,2,0,0,0,0
"1817",2023,"AO03",9,"ABAM",8,4,0,0,0,0
"1818",2023,"AM16",13,"TSHE",75,7,0,0,0,0
"1819",2023,"AM16",13,"ABAM",6,3,0,0,0,0
"1820",2023,"AM16",13,"CANO",3,0,6,2,0,2
"1821",2023,"AM16",13,"TSME",52,4,0,0,0,0
"1822",2023,"AM16",8,"TSME",63,4,1,0,0,0
"1823",2023,"AM16",8,"TSHE",68,22,1,0,0,0
"1824",2023,"AM16",8,"ABAM",8,0,0,0,0,0
"1825",2023,"AM16",8,"CANO",6,1,2,0,0,0
"1826",2023,"AM16",14,"TSME",148,16,1,71,4,75
"1827",2023,"AM16",14,"ABAM",2,1,0,0,0,0
"1828",2023,"AM16",14,"TSHE",58,32,0,0,0,0
"1829",2023,"AM16",14,"CANO",1,0,0,0,0,0
"1830",2023,"AM16",14,"ALVI",7,0,1,68,4,72
"1831",2023,"AM16",15,"CANO",6,2,3,19,0,19
"1832",2023,"AM16",15,"TSHE",57,9,0,0,0,0
"1833",2023,"AM16",15,"ABAM",10,2,0,0,0,0
"1834",2023,"AM16",15,"TSME",78,13,0,0,0,0
"1835",2023,"AO03",14,"TSHE",142,31,3,3,4,7
"1836",2023,"AO03",14,"THPL",19,5,6,1,2,3
"1837",2023,"AO03",14,"PSME",1,0,0,0,0,0
"1838",2023,"AO03",14,"ABAM",4,7,0,0,0,0
"1839",2023,"AM16",12,"CANO",27,6,4,8,1,9
"1840",2023,"AM16",12,"ABAM",4,0,0,0,0,0
"1841",2023,"AM16",12,"TSME",78,4,0,0,0,0
"1842",2023,"AM16",12,"TSHE",67,6,0,0,0,0
"1843",2023,"AO03",15,"THPL",20,9,0,0,0,0
"1844",2023,"AO03",15,"ABAM",16,18,0,0,0,0
"1845",2023,"AO03",15,"PSME",3,5,0,0,0,0
"1846",2023,"AO03",15,"TSHE",118,30,0,0,0,0
"1847",2023,"TO04",14,"ABGR",1,0,0,0,0,0
"1848",2023,"TO04",14,"PSME",7,0,0,0,0,0
"1849",2023,"TO04",14,"THPL",112,17,0,0,0,0
"1850",2023,"TO04",14,"TSHE",462,104,5,27,9,36
"1851",2023,"PARA",2,"ABLA",9,5,0,0,0,0
"1852",2023,"PARA",2,"ABAM",62,2,0,0,0,0
"1853",2023,"PARA",2,"TSME",418,40,0,0,0,0
"1854",2023,"AE10",8,"CANO",9,0,0,0,0,0
"1855",2023,"AE10",8,"ABLA",0,2,0,0,0,0
"1856",2023,"AE10",8,"ABAM",7,7,0,0,0,0
"1857",2023,"AE10",8,"TSME",15,0,0,0,0,0
"1858",2023,"TO04",15,"PSME",4,0,0,0,0,0
"1859",2023,"TO04",15,"TSHE",423,69,6,9,0,9
"1860",2023,"TO04",15,"THPL",13,0,2,0,0,0
"1861",2023,"TO04",7,"PSME",11,3,2,0,0,0
"1862",2023,"TO04",7,"THPL",20,9,0,0,0,0
"1863",2023,"TO04",7,"CANO",2,0,0,0,0,0
"1864",2023,"TO04",7,"TSHE",550,68,11,28,0,28
"1865",2023,"AE10",10,"ABAM",8,1,0,0,0,0
"1866",2023,"AE10",10,"ABPR",14,2,0,0,0,0
"1867",2023,"AE10",10,"CANO",10,0,8,4,0,4
"1868",2023,"AE10",10,"TSME",10,0,0,0,0,0
"1869",2023,"TO04",13,"TSHE",274,21,2,0,0,0
"1870",2023,"TO04",13,"PSME",4,1,0,0,0,0
"1871",2023,"TO04",13,"ABAM",1,0,0,0,0,0
"1872",2023,"TO04",13,"THPL",3,0,6,8,9,17
"1873",2023,"TO04",12,"ABGR",1,0,0,0,0,0
"1874",2023,"TO04",12,"CANO",1,0,0,0,0,0
"1875",2023,"TO04",12,"PSME",6,1,0,0,0,0
"1876",2023,"TO04",12,"THPL",43,34,105,68,169,237
"1877",2023,"TO04",12,"TSHE",454,35,8,28,13,41
"1878",2023,"TO04",11,"PSME",4,2,0,0,0,0
"1879",2023,"TO04",11,"THPL",37,41,5,2,7,9
"1880",2023,"TO04",11,"TSHE",383,40,3,5,0,5
"1881",2023,"TO04",8,"THPL",28,36,4,9,5,14
"1882",2023,"TO04",8,"PSME",7,2,0,0,0,0
"1883",2023,"TO04",8,"TSHE",317,112,16,63,14,77
"1884",2023,"TO04",9,"PSME",3,2,2,0,1,1
"1885",2023,"TO04",9,"THPL",126,125,66,137,154,291
"1886",2023,"TO04",9,"TSHE",276,37,20,19,0,19
"1887",2023,"PARA",1,"ABAM",30,5,66,0,0,0
"1888",2023,"PARA",1,"ABLA",26,4,0,0,0,0
"1889",2023,"PARA",1,"TSME",109,6,0,0,0,0
"1890",2023,"AE10",12,"CANO",16,0,6,0,0,0
"1891",2023,"AE10",12,"TSME",17,4,0,0,0,0
"1892",2023,"AE10",12,"ABPR",10,0,0,0,0,0
"1893",2023,"AE10",12,"ABLA",1,4,0,0,0,0
"1894",2023,"AE10",12,"ABAM",10,2,0,0,0,0
"1895",2023,"AM16",10,"TSHE",25,45,2,0,4,4
"1896",2023,"AM16",10,"ABAM",2,0,0,0,0,0
"1897",2023,"AM16",10,"CANO",1,2,0,0,0,0
"1898",2023,"AM16",10,"TSME",23,32,0,0,0,0
"1899",2023,"TA01",8,"PSME",18,19,0,0,0,0
"1900",2023,"TA01",8,"ABPR",1,0,0,0,0,0
"1901",2023,"TA01",8,"TSHE",26,34,0,0,0,0
"1902",2023,"TA01",15,"PSME",14,22,1,0,8,8
"1903",2023,"TA01",15,"TSHE",70,78,4,1,9,10
"1904",2023,"PARA",6,"TSME",17,22,1,0,68,68
"1905",2023,"PARA",6,"ABAM",9,3,0,0,0,0
"1906",2023,"AE10",15,"CANO",5,0,2,0,0,0
"1907",2023,"AE10",15,"TSME",26,34,0,0,0,0
"1908",2023,"AE10",15,"ABLA",1,2,0,0,0,0
"1909",2023,"AE10",15,"ABAM",2,3,0,0,0,0
"1910",2023,"AE10",15,"ABPR",5,1,0,0,0,0
"1911",2023,"AE10",14,"CANO",8,1,0,0,0,0
"1912",2023,"AE10",14,"TSME",23,18,0,0,0,0
"1913",2023,"AE10",14,"ABAM",5,10,0,0,0,0
"1914",2023,"AE10",11,"TSME",7,3,0,0,0,0
"1915",2023,"AE10",11,"ABAM",3,24,0,0,0,0
"1916",2023,"AE10",9,"CANO",2,0,0,0,0,0
"1917",2023,"AE10",9,"TSME",8,2,0,0,0,0
"1918",2023,"AE10",9,"ABAM",21,11,0,0,0,0
"1919",2023,"AE10",9,"ABLA",0,5,0,0,0,0
"1920",2023,"AE10",7,"CANO",5,0,4,0,0,0
"1921",2023,"AE10",7,"PSME",0,1,0,0,0,0
"1922",2023,"AE10",7,"TSME",5,1,0,0,0,0
"1923",2023,"AE10",7,"ABAM",9,10,0,0,0,0
"1924",2023,"TA01",11,"THPL",1,0,0,0,0,0
"1925",2023,"TA01",11,"PSME",18,22,0,0,0,0
"1926",2023,"TA01",11,"TSHE",42,56,0,0,0,0
"1927",2023,"TA01",7,"THPL",0,2,0,0,0,0
"1928",2023,"TA01",7,"PSME",10,22,0,0,0,0
"1929",2023,"TA01",7,"TSHE",55,58,0,0,0,0
"1930",2023,"TA01",9,"TSHE",9,26,1,0,0,0
"1931",2023,"TA01",9,"THPL",0,3,0,0,0,0
"1932",2023,"TA01",9,"PSME",42,117,0,0,0,0
"1933",2024,"AB08",7,"PSME",1,0,0,0,0,0
"1934",2024,"AB08",7,"THPL",0,1,0,0,0,0
"1935",2024,"AB08",7,"TSHE",21,35,2,0,9,9
"1936",2024,"AB08",7,"TSME",9,4,0,0,0,0
"1937",2024,"AB08",8,"PSME",1,1,0,0,0,0
"1938",2024,"AB08",8,"THPL",1,0,1,0,0,0
"1939",2024,"AB08",8,"TSHE",31,37,1,0,5,5
"1940",2024,"AB08",8,"TSME",15,4,0,0,0,0
"1941",2024,"AB08",9,"PSME",1,3,0,0,0,0
"1942",2024,"AB08",9,"THPL",4,7,12,7,26,33
"1943",2024,"AB08",9,"TSHE",8,22,5,0,20,20
"1944",2024,"AB08",9,"TSME",5,2,0,0,0,0
"1945",2024,"AB08",10,"PSME",1,0,0,0,0,0
"1946",2024,"AB08",10,"THPL",1,1,0,0,0,0
"1947",2024,"AB08",10,"TSHE",30,65,20,0,85,85
"1948",2024,"AB08",10,"TSME",20,5,0,0,0,0
"1949",2024,"AB08",11,"PSME",2,1,0,0,0,0
"1950",2024,"AB08",11,"THPL",0,0,1,0,0,0
"1951",2024,"AB08",11,"TSHE",33,23,3,0,9,9
"1952",2024,"AB08",11,"TSME",9,2,0,0,0,0
"1953",2024,"AB08",12,"ABAM",1,1.5,0,0,0,0
"1954",2024,"AB08",12,"THPL",1,2,13,9,30,39
"1955",2024,"AB08",12,"TSHE",39,31,13,3,29,32
"1956",2024,"AB08",12,"TSME",9,3,0,0,0,0
"1957",2024,"AB08",13,"ABAM",1,1,0,0,0,0
"1958",2024,"AB08",13,"THPL",0,3,0,0,0,0
"1959",2024,"AB08",13,"TSHE",19,20,12,2,22,24
"1960",2024,"AB08",13,"TSME",12,6,0,0,0,0
"1961",2024,"AB08",14,"THPL",0,1,0,0,0,0
"1962",2024,"AB08",14,"TSHE",9,26,3,0,8,8
"1963",2024,"AB08",14,"TSME",19,13,0,0,0,0
"1964",2024,"AB08",15,"PSME",2,0,0,0,0,0
"1965",2024,"AB08",15,"THPL",2,1,13,0,4,4
"1966",2024,"AB08",15,"TSHE",29,45,5,1,16,17
"1967",2024,"AB08",15,"TSME",15,6,0,0,0,0
"1968",2024,"AE10",7,"ABAM",1,1,0,0,0,0
"1969",2024,"AE10",7,"CANO",0,1,1,0,0,0
"1970",2024,"AE10",7,"TSME",2,1,0,0,0,0
"1971",2024,"AE10",8,"ABAM",1,1,0,0,0,0
"1972",2024,"AE10",9,"ABAM",1,3,0,0,0,0
"1973",2024,"AE10",9,"ABLA",1,0,0,0,0,0
"1974",2024,"AE10",9,"CANO",1,0,0,0,0,0
"1975",2024,"AE10",9,"TSHE",1,0,0,0,0,0
"1976",2024,"AE10",10,"ABAM",0,2,0,0,0,0
"1977",2024,"AE10",10,"CANO",0,1,1,0,0,0
"1978",2024,"AE10",10,"TSHE",1,0,0,0,0,0
"1979",2024,"AE10",10,"TSME",0,1,0,0,0,0
"1980",2024,"AE10",11,"ABAM",3,1,0,0,0,0
"1981",2024,"AE10",11,"ABPR",0,1,0,0,0,0
"1982",2024,"AE10",11,"PIEN",1,0,0,0,0,0
"1983",2024,"AE10",11,"TSHE",0,2,0,0,0,0
"1984",2024,"AE10",11,"TSME",1,0,0,0,0,0
"1985",2024,"AE10",12,"ABAM",1,3,0,0,0,0
"1986",2024,"AE10",12,"PSME",0,1,0,0,0,0
"1987",2024,"AE10",12,"TSHE",0,1,0,0,0,0
"1988",2024,"AE10",12,"TSME",2,0,0,0,0,0
"1989",2024,"AE10",13,"ABAM",2,7,0,0,0,0
"1990",2024,"AE10",13,"TSME",5,5,0,0,0,0
"1991",2024,"AE10",14,"CANO",0,1,0,0,0,0
"1992",2024,"AE10",14,"TSME",0,1,0,0,0,0
"1993",2024,"AE10",15,"ABAM",1,3,0,0,0,0
"1994",2024,"AE10",15,"CANO",0,2,0,0,0,0
"1995",2024,"AE10",15,"TSHE",1,0,0,0,0,0
"1996",2024,"AG05",7,"ABAM",1,0,0,0,0,0
"1997",2024,"AG05",7,"PSME",0,7,1,0,10,10
"1998",2024,"AG05",7,"THPL",1,6,1,0,0,0
"1999",2024,"AG05",7,"TSHE",11,18,4,0,30,30
"2000",2024,"AG05",8,"ABAM",1,0,0,0,0,0
"2001",2024,"AG05",8,"THPL",4,7,23,18,58,76
"2002",2024,"AG05",8,"TSHE",11,12,0,0,0,0
"2003",2024,"AG05",9,"ABAM",5,6,0,0,0,0
"2004",2024,"AG05",9,"PSME",3,1,0,0,0,0
"2005",2024,"AG05",9,"THPL",2,4,0,0,0,0
"2006",2024,"AG05",9,"TSHE",29,15,0,0,0,0
"2007",2024,"AG05",10,"ABAM",1,1,0,0,0,0
"2008",2024,"AG05",10,"THPL",6,11,81,98,256,354
"2009",2024,"AG05",10,"TSHE",20,9,0,0,0,0
"2010",2024,"AG05",11,"PSME",1,1,0,0,0,0
"2011",2024,"AG05",11,"THPL",0,5,6,7,25,32
"2012",2024,"AG05",11,"TSHE",31,12,0,0,0,0
"2013",2024,"AG05",12,"PSME",0,6,0,0,0,0
"2014",2024,"AG05",12,"THPL",0,1,10,6,49,55
"2015",2024,"AG05",12,"TSHE",22,11,0,0,0,0
"2016",2024,"AG05",13,"ABAM",1,0,0,0,0,0
"2017",2024,"AG05",13,"PSME",1,0,0,0,0,0
"2018",2024,"AG05",13,"THPL",4,26,50,88,273,361
"2019",2024,"AG05",13,"TSHE",13,5,0,0,0,0
"2020",2024,"AG05",14,"ABAM",0,3,0,0,0,0
"2021",2024,"AG05",14,"PSME",9,12,3,41,53,94
"2022",2024,"AG05",14,"TABR",0,1,0,0,0,0
"2023",2024,"AG05",14,"THPL",1,2,3,0,4,4
"2024",2024,"AG05",14,"TSHE",7,7,0,0,0,0
"2025",2024,"AG05",15,"THPL",4,38,73,27,488,515
"2026",2024,"AG05",15,"TSHE",20,5,0,0,0,0
"2027",2024,"AM16",7,"CANO",0,0.5,0,0,0,0
"2028",2024,"AM16",7,"TSHE",21,19,3,0,4,4
"2029",2024,"AM16",7,"TSME",7,9,0,0,0,0
"2030",2024,"AM16",8,"TSHE",11,18,0,0,0,0
"2031",2024,"AM16",8,"TSME",10,4,0,0,0,0
"2032",2024,"AM16",9,"ABAM",0,1,0,0,0,0
"2033",2024,"AM16",9,"TSHE",21,24,3,0,13,13
"2034",2024,"AM16",9,"TSME",14,16,0,0,0,0
"2035",2024,"AM16",10,"THPL",0,1,0,0,0,0
"2036",2024,"AM16",10,"TSHE",2,7,0,0,0,0
"2037",2024,"AM16",10,"TSME",2,0,0,0,0,0
"2038",2024,"AM16",11,"CANO",0,1,0,0,0,0
"2039",2024,"AM16",11,"TSHE",4,2,1,0,0,0
"2040",2024,"AM16",11,"TSME",4,7,0,0,0,0
"2041",2024,"AM16",12,"CANO",2,0,0,0,0,0
"2042",2024,"AM16",12,"PSME",1,0,0,0,0,0
"2043",2024,"AM16",12,"TSHE",4,1,0,0,0,0
"2044",2024,"AM16",12,"TSME",12,4,0,0,0,0
"2045",2024,"AM16",13,"CANO",1,0,0,0,0,0
"2046",2024,"AM16",13,"TSHE",12,6,2,0,0,0
"2047",2024,"AM16",13,"TSME",5,2,0,0,0,0
"2048",2024,"AM16",14,"TSHE",17,10,0,0,0,0
"2049",2024,"AM16",14,"TSME",3,3,0,0,0,0
"2050",2024,"AM16",15,"CANO",3,2,0,0,0,0
"2051",2024,"AM16",15,"TSHE",6,1,0,0,0,0
"2052",2024,"AM16",15,"TSME",5,3,0,0,0,0
"2053",2024,"AO03",7,"ABAM",9,8,0,0,0,0
"2054",2024,"AO03",7,"PSME",2,0,0,0,0,0
"2055",2024,"AO03",7,"THPL",17,36,55,24,200,224
"2056",2024,"AO03",7,"TSHE",53,78,0,0,0,0
"2057",2024,"AO03",8,"ABAM",0,1,0,0,0,0
"2058",2024,"AO03",8,"PSME",1,6,0,0,0,0
"2059",2024,"AO03",8,"THPL",4,12,2,0,0,0
"2060",2024,"AO03",8,"TSHE",55,104,8,5,21,26
"2061",2024,"AO03",9,"PSME",2,3,0,0,0,0
"2062",2024,"AO03",9,"THPL",0,3,0,0,0,0
"2063",2024,"AO03",9,"TSHE",56,134,3,0,17,17
"2064",2024,"AO03",9,"TSME",69,58,0,0,0,0
"2065",2024,"AO03",10,"ABAM",0,1,0,0,0,0
"2066",2024,"AO03",10,"PSME",1,0,0,0,0,0
"2067",2024,"AO03",10,"THPL",22,53,76,124,564,688
"2068",2024,"AO03",10,"TSHE",109,111,23,30,125,155
"2069",2024,"AO03",11,"ABAM",3,3,0,0,0,0
"2070",2024,"AO03",11,"ABLA",0,1,0,0,0,0
"2071",2024,"AO03",11,"PSME",10,31,1,0,17,17
"2072",2024,"AO03",11,"THPL",4,42,9,1,10,11
"2073",2024,"AO03",11,"TSHE",122,147,0,0,0,0
"2074",2024,"AO03",11,"TSME",38,25,0,0,0,0
"2075",2024,"AO03",12,"PSME",9,15,2,15,44,59
"2076",2024,"AO03",12,"THPL",1,10,0,0,0,0
"2077",2024,"AO03",12,"TSHE",69,54,3,22,12,34
"2078",2024,"AO03",12,"TSME",19,9,0,0,0,0
"2079",2024,"AO03",13,"ABAM",1,4,0,0,0,0
"2080",2024,"AO03",13,"PSME",2,1,0,0,0,0
"2081",2024,"AO03",13,"THPL",16,21,107,16,78,94
"2082",2024,"AO03",13,"TSHE",28,14,0,0,0,0
"2083",2024,"AO03",13,"TSME",5,5,0,0,0,0
"2084",2024,"AO03",14,"ABAM",0,1,0,0,0,0
"2085",2024,"AO03",14,"PSME",1,4,0,0,0,0
"2086",2024,"AO03",14,"THPL",3,9,0,0,0,0
"2087",2024,"AO03",14,"TSHE",40,39,4,1,22,23
"2088",2024,"AO03",15,"ABAM",2,3,0,0,0,0
"2089",2024,"AO03",15,"PSME",2,2,0,0,0,0
"2090",2024,"AO03",15,"THPL",3,7,0,0,0,0
"2091",2024,"AO03",15,"TSHE",26,31,0,0,0,0
"2092",2024,"AV06",7,"PSME",1,0,0,0,0,0
"2093",2024,"AV06",7,"TSHE",10,11,0,0,0,0
"2094",2024,"AV06",7,"TSME",5,6,0,0,0,0
"2095",2024,"AV06",8,"TSHE",12,6,0,0,0,0
"2096",2024,"AV06",9,"ABAM",1,0,0,0,0,0
"2097",2024,"AV06",9,"TSHE",8,2,0,0,0,0
"2098",2024,"AV06",9,"TSME",1,0,0,0,0,0
"2099",2024,"AV06",10,"ABAM",1,0,0,0,0,0
"2100",2024,"AV06",10,"PSME",1,0,0,0,0,0
"2101",2024,"AV06",10,"TSHE",25,8,3,0,14,14
"2102",2024,"AV06",10,"TSME",0,1,0,0,0,0
"2103",2024,"AV06",11,"PSME",0,1,0,0,0,0
"2104",2024,"AV06",11,"THPL",2,1,0,0,0,0
"2105",2024,"AV06",11,"TSHE",16,20,0,0,0,0
"2106",2024,"AV06",11,"TSME",0,4,0,0,0,0
"2107",2024,"AV06",12,"CANO",1,1,0,0,0,0
"2108",2024,"AV06",12,"PSME",0,1,0,0,0,0
"2109",2024,"AV06",12,"TSHE",20,12,1,0,0,0
"2110",2024,"AV06",12,"TSME",0,1,0,0,0,0
"2111",2024,"AV06",13,"PSME",1,0,0,0,0,0
"2112",2024,"AV06",13,"THPL",1,0,0,0,0,0
"2113",2024,"AV06",13,"TSHE",29,13,3,0,10,10
"2114",2024,"AV06",13,"TSME",1,0,0,0,0,0
"2115",2024,"AV06",14,"THPL",0,1,0,0,0,0
"2116",2024,"AV06",14,"TSHE",10,7,0,0,0,0
"2117",2024,"AV06",14,"TSME",0,1,0,0,0,0
"2118",2024,"AV06",15,"CANO",0,3,0,0,0,0
"2119",2024,"AV06",15,"THPL",7,7,16,4,90,94
"2120",2024,"AV06",15,"TSHE",9,5,0,0,0,0
"2121",2024,"PARA",1,"ABAM",1,3,0,0,0,0
"2122",2024,"PARA",1,"TSME",12,7,0,0,0,0
"2123",2024,"PARA",2,"ABAM",5,2,0,0,0,0
"2124",2024,"PARA",2,"ABLA",4,1,0,0,0,0
"2125",2024,"PARA",2,"TSME",39,15,1,0,0,0
"2126",2024,"PARA",3,"ABAM",3,2,0,0,0,0
"2127",2024,"PARA",3,"ABLA",1,0,0,0,0,0
"2128",2024,"PARA",3,"TSME",35,31,5,21,57,78
"2129",2024,"PARA",4,"ABLA",1,1,0,0,0,0
"2130",2024,"PARA",4,"TSME",24,18,0,0,0,0
"2131",2024,"PARA",5,"ABLA",2,0,0,0,0,0
"2132",2024,"PARA",5,"TSME",14,13,1,3,2,5
"2133",2024,"PARA",6,"ABAM",2,0,0,0,0,0
"2134",2024,"PARA",6,"ABLA",1,0,0,0,0,0
"2135",2024,"PARA",6,"TSME",20,21,15,6,12,18
"2136",2024,"PARA",7,"ABAM",5,4,0,0,0,0
"2137",2024,"PARA",7,"TSME",80,46,4,24,9,33
"2138",2024,"PARA",8,"ABAM",1,0,0,0,0,0
"2139",2024,"PARA",8,"TSME",18,20,1,1,0,1
"2140",2024,"PARA",9,"ABAM",3,0,0,0,0,0
"2141",2024,"PARA",9,"TSME",5,3,0,0,0,0
"2142",2024,"PARA",10,"ABAM",1,1,0,0,0,0
"2143",2024,"PARA",10,"ABLA",1,0,0,0,0,0
"2144",2024,"PARA",10,"TSME",13,12,0,0,0,0
"2145",2024,"PARA",11,"ABAM",3,0,0,0,0,0
"2146",2024,"PARA",11,"ABLA",0,1,0,0,0,0
"2147",2024,"PARA",11,"TSME",9,13,3,27,6,33
"2148",2024,"PARA",12,"ABAM",2,0,0,0,0,0
"2149",2024,"PARA",12,"TSME",18,10,0,0,0,0
"2150",2024,"PARA",13,"ABAM",5,3,0,0,0,0
"2151",2024,"PARA",13,"ABLA",7,3,0,0,0,0
"2152",2024,"PARA",13,"TSME",17,8,4,5,4,9
"2153",2024,"PARA",14,"ABAM",1,0,0,0,0,0
"2154",2024,"PARA",14,"TSME",8,17,2,0,0,0
"2155",2024,"PARA",15,"ABAM",1,3,0,0,0,0
"2156",2024,"PARA",15,"ABLA",0,3,0,0,0,0
"2157",2024,"PARA",15,"TSME",4,3,0,0,0,0
"2158",2024,"SUNR",1,"ABAM",1,1,0,0,0,0
"2159",2024,"SUNR",1,"PSME",0,2,0,0,0,0
"2160",2024,"SUNR",1,"TSHE",0,2,0,0,0,0
"2161",2024,"SUNR",1,"TSME",0,2,0,0,0,0
"2162",2024,"SUNR",2,"ABAM",1,2,0,0,0,0
"2163",2024,"SUNR",2,"CANO",1,0,0,0,0,0
"2164",2024,"SUNR",2,"PSME",0,2,0,0,0,0
"2165",2024,"SUNR",3,"ABAM",2,0,0,0,0,0
"2166",2024,"SUNR",3,"ABLA",2,0,0,0,0,0
"2167",2024,"SUNR",3,"CANO",1,0,0,0,0,0
"2168",2024,"SUNR",3,"PSME",0,1,0,0,0,0
"2169",2024,"SUNR",3,"TSME",5,12,2,6,15,21
"2170",2024,"SUNR",4,"ABLA",2,1,0,0,0,0
"2171",2024,"SUNR",4,"CANO",0,0,1,0,0,0
"2172",2024,"SUNR",4,"PICO",1,0,0,0,0,0
"2173",2024,"SUNR",4,"TSME",6,7,0,0,0,0
"2174",2024,"SUNR",5,"ABAM",3,2,0,0,0,0
"2175",2024,"SUNR",5,"ABLA",1,2,0,0,0,0
"2176",2024,"SUNR",5,"CANO",0,1,1,0,0,0
"2177",2024,"SUNR",5,"TSME",5,1,0,0,0,0
"2178",2024,"SUNR",6,"ABAM",4,1,0,0,0,0
"2179",2024,"SUNR",6,"ABLA",6,2,0,0,0,0
"2180",2024,"SUNR",6,"TSME",2,6,0,0,0,0
"2181",2024,"TA01",7,"PSME",4,7,1,7,5,12
"2182",2024,"TA01",7,"TSHE",6,20,0,0,0,0
"2183",2024,"TA01",8,"PSME",5,11,0,0,0,0
"2184",2024,"TA01",8,"TSHE",6,3,0,0,0,0
"2185",2024,"TA01",9,"PSME",3,2,0,0,0,0
"2186",2024,"TA01",9,"TSHE",6,14,0,0,0,0
"2187",2024,"TA01",9,"TSME",0,3,0,0,0,0
"2188",2024,"TA01",8,"ACCI",0,1,0,0,0,0
"2189",2024,"TA01",10,"TSHE",15,25,3,0,0,0
"2190",2024,"TA01",10,"PSME",5,0,0,0,0,0
"2191",2024,"TA01",11,"PSME",7,2,0,0,0,0
"2192",2024,"TA01",11,"TSHE",17,28,0,0,0,0
"2193",2024,"TA01",11,"TSME",0,2,0,0,0,0
"2194",2024,"TA01",12,"PSME",7,1,0,0,0,0
"2195",2024,"TA01",12,"TSHE",8,17,1,0,0,0
"2196",2024,"TA01",12,"TSME",0,1,0,0,0,0
"2197",2024,"TA01",13,"PSME",6,0,0,0,0,0
"2198",2024,"TA01",13,"TSHE",28,51,0,0,0,0
"2199",2024,"TA01",13,"TSME",0,2,0,0,0,0
"2200",2024,"TA01",14,"PSME",5,4,0,0,0,0
"2201",2024,"TA01",14,"TSHE",10,3,0,0,0,0
"2202",2024,"TA01",15,"PSME",8,1,0,0,0,0
"2203",2024,"TA01",15,"TSHE",12,22,9,3,5,8
"2204",2024,"TA01",15,"TSME",0,5,0,0,0,0
"2205",2024,"TO04",7,"PSME",12,21,3,49,47,96
"2206",2024,"TO04",7,"THPL",1,0,0,0,0,0
"2207",2024,"TO04",7,"TSHE",50,98,18,24,86,110
"2208",2024,"TO04",8,"THPL",13,30,41,51,157,208
"2209",2024,"TO04",8,"TSHE",56,58,23,23,138,161
"2210",2024,"TO04",9,"ABAM",0,1,0,0,0,0
"2211",2024,"TO04",9,"PSME",1,2,2,0,0,0
"2212",2024,"TA01",10,"TSME",1,1,0,0,0,0
"2213",2024,"TO04",9,"THPL",12,32,50,14,106,120
"2214",2024,"TO04",10,"PSME",0,3,0,0,0,0
"2215",2024,"TO04",10,"THPL",0,4,0,0,0,0
"2216",2024,"TO04",9,"TSHE",97,71,13,14,63,77
"2217",2024,"TO04",11,"PSME",0,3,0,0,0,0
"2218",2024,"TO04",10,"TSHE",51,28,2,0,9,9
"2219",2024,"TO04",11,"THPL",4,4,2,0,6,6
"2220",2024,"TO04",12,"PSME",0,1,0,0,0,0
"2221",2024,"TO04",12,"THPL",16,14,42,32,53,85
"2222",2024,"TO04",12,"TSHE",81,37,15,0,15,15
"2223",2024,"TO04",13,"THPL",5,12,6,16,26,42
"2224",2024,"TO04",13,"TSHE",28,34,0,0,0,0
"2225",2024,"TO04",14,"PSME",0,1,0,0,0,0
"2226",2024,"TO04",14,"THPL",3,16,1,0,0,0
"2227",2024,"TO04",14,"TSHE",91,59,3,0,11,11
"2228",2024,"TO04",15,"CANO",1,0,0,0,0,0
"2229",2024,"TO04",15,"PSME",4,0,0,0,0,0
"2230",2024,"TO04",11,"TSHE",36,28,4,2,3,5
"2231",2024,"TO04",15,"TSHE",61,69,9,6,7,13
"2232",2024,"TO04",15,"THPL",0,7,1,0,0,0
"2233",2009,"AE10",1,"ABAM",0,0,0,NA,NA,0
"2234",2009,"AE10",1,"ABGR",0,0,0,NA,NA,0
"2235",2009,"AE10",1,"ABLA",1,0,1,NA,NA,0
"2236",2009,"AE10",1,"ABPR",0,0,0,NA,NA,0
"2237",2009,"AE10",1,"ACGL",0,0,0,NA,NA,0
"2238",2009,"AE10",1,"ALRU",0,0,0,NA,NA,0
"2239",2009,"AE10",1,"CANO",0,0,0,NA,NA,0
"2240",2009,"AE10",1,"PICO",0,0,0,NA,NA,0
"2241",2009,"AE10",1,"PIEN",0,0,0,NA,NA,0
"2242",2009,"AE10",1,"PIMO",0,0,0,NA,NA,0
"2243",2009,"AE10",1,"PISI",0,0,0,NA,NA,0
"2244",2009,"AE10",1,"PSME",0,0,0,NA,NA,0
"2245",2009,"AE10",1,"TABR",0,0,0,NA,NA,0
"2246",2009,"AE10",1,"THPL",0,0,0,NA,NA,0
"2247",2009,"AE10",1,"TSHE",0,0,0,NA,NA,0
"2248",2009,"AE10",1,"TSME",0,0,0,NA,NA,0
"2249",2009,"AE10",2,"ABAM",0,1,0,NA,NA,0
"2250",2009,"AE10",2,"ABGR",0,0,0,NA,NA,0
"2251",2009,"AE10",2,"ABLA",0,0,0,NA,NA,0
"2252",2009,"AE10",2,"ABPR",2,0,0,NA,NA,0
"2253",2009,"AE10",2,"ACGL",0,0,0,NA,NA,0
"2254",2009,"AE10",2,"ALRU",0,0,0,NA,NA,0
"2255",2009,"AE10",2,"CANO",1,2,0,NA,NA,0
"2256",2009,"AE10",2,"PICO",0,0,0,NA,NA,0
"2257",2009,"AE10",2,"PIEN",0,0,0,NA,NA,0
"2258",2009,"AE10",2,"PIMO",0,0,0,NA,NA,0
"2259",2009,"AE10",2,"PISI",0,0,0,NA,NA,0
"2260",2009,"AE10",2,"PSME",0,0,0,NA,NA,0
"2261",2009,"AE10",2,"TABR",0,0,0,NA,NA,0
"2262",2009,"AE10",2,"THPL",0,0,0,NA,NA,0
"2263",2009,"AE10",2,"TSHE",0,0,0,NA,NA,0
"2264",2009,"AE10",2,"TSME",1,0,0,NA,NA,0
"2265",2009,"AE10",3,"ABAM",1,0,1,NA,NA,0
"2266",2009,"AE10",3,"ABGR",0,0,0,NA,NA,0
"2267",2009,"AE10",3,"ABLA",0,0,0,NA,NA,0
"2268",2009,"AE10",3,"ABPR",0,0,0,NA,NA,0
"2269",2009,"AE10",3,"ACGL",0,0,0,NA,NA,0
"2270",2009,"AE10",3,"ALRU",0,0,0,NA,NA,0
"2271",2009,"AE10",3,"CANO",0,0,0,NA,NA,0
"2272",2009,"AE10",3,"PICO",0,0,0,NA,NA,0
"2273",2009,"AE10",3,"PIEN",0,0,0,NA,NA,0
"2274",2009,"AE10",3,"PIMO",0,0,0,NA,NA,0
"2275",2009,"AE10",3,"PISI",0,0,0,NA,NA,0
"2276",2009,"AE10",3,"PSME",0,0,0,NA,NA,0
"2277",2009,"AE10",3,"TABR",0,0,0,NA,NA,0
"2278",2009,"AE10",3,"THPL",0,0,0,NA,NA,0
"2279",2009,"AE10",3,"TSHE",0,0,0,NA,NA,0
"2280",2009,"AE10",3,"TSME",0,0,0,NA,NA,0
"2281",2009,"AE10",4,"ABAM",3,1,0,NA,NA,0
"2282",2009,"AE10",4,"ABGR",0,0,0,NA,NA,0
"2283",2009,"AE10",4,"ABLA",0,0,0,NA,NA,0
"2284",2009,"AE10",4,"ABPR",0,0,0,NA,NA,0
"2285",2009,"AE10",4,"ACGL",0,0,0,NA,NA,0
"2286",2009,"AE10",4,"ALRU",0,0,0,NA,NA,0
"2287",2009,"AE10",4,"CANO",1,0,0,NA,NA,0
"2288",2009,"AE10",4,"PICO",0,0,0,NA,NA,0
"2289",2009,"AE10",4,"PIEN",0,0,0,NA,NA,0
"2290",2009,"AE10",4,"PIMO",0,0,0,NA,NA,0
"2291",2009,"AE10",4,"PISI",0,0,0,NA,NA,0
"2292",2009,"AE10",4,"PSME",0,0,0,NA,NA,0
"2293",2009,"AE10",4,"TABR",0,0,0,NA,NA,0
"2294",2009,"AE10",4,"THPL",0,0,0,NA,NA,0
"2295",2009,"AE10",4,"TSHE",0,0,0,NA,NA,0
"2296",2009,"AE10",4,"TSME",2,2,0,NA,NA,0
"2297",2009,"AE10",5,"ABAM",4,2,0,NA,NA,0
"2298",2009,"AE10",5,"ABGR",0,0,0,NA,NA,0
"2299",2009,"AE10",5,"ABLA",1,0,0,NA,NA,0
"2300",2009,"AE10",5,"ABPR",1,0,0,NA,NA,0
"2301",2009,"AE10",5,"ACGL",0,0,0,NA,NA,0
"2302",2009,"AE10",5,"ALRU",0,0,0,NA,NA,0
"2303",2009,"AE10",5,"CANO",6,0,0,NA,NA,0
"2304",2009,"AE10",5,"PICO",0,0,0,NA,NA,0
"2305",2009,"AE10",5,"PIEN",0,0,0,NA,NA,0
"2306",2009,"AE10",5,"PIMO",0,0,0,NA,NA,0
"2307",2009,"AE10",5,"PISI",0,0,0,NA,NA,0
"2308",2009,"AE10",5,"PSME",0,0,0,NA,NA,0
"2309",2009,"AE10",5,"TABR",0,0,0,NA,NA,0
"2310",2009,"AE10",5,"THPL",0,0,0,NA,NA,0
"2311",2009,"AE10",5,"TSHE",0,0,0,NA,NA,0
"2312",2009,"AE10",5,"TSME",1,1,0,NA,NA,0
"2313",2009,"AE10",6,"ABAM",0,0,0,NA,NA,0
"2314",2009,"AE10",6,"ABGR",0,0,0,NA,NA,0
"2315",2009,"AE10",6,"ABLA",0,0,0,NA,NA,0
"2316",2009,"AE10",6,"ABPR",0,1,0,NA,NA,0
"2317",2009,"AE10",6,"ACGL",0,0,0,NA,NA,0
"2318",2009,"AE10",6,"ALRU",0,0,0,NA,NA,0
"2319",2009,"AE10",6,"CANO",1,0,0,NA,NA,0
"2320",2009,"AE10",6,"PICO",0,0,0,NA,NA,0
"2321",2009,"AE10",6,"PIEN",0,0,0,NA,NA,0
"2322",2009,"AE10",6,"PIMO",0,0,0,NA,NA,0
"2323",2009,"AE10",6,"PISI",0,0,0,NA,NA,0
"2324",2009,"AE10",6,"PSME",0,0,0,NA,NA,0
"2325",2009,"AE10",6,"TABR",0,0,0,NA,NA,0
"2326",2009,"AE10",6,"THPL",0,0,0,NA,NA,0
"2327",2009,"AE10",6,"TSHE",0,0,0,NA,NA,0
"2328",2009,"AE10",6,"TSME",2,0,0,NA,NA,0
"2329",2009,"AG05",1,"ABAM",2,0,1,NA,NA,0
"2330",2009,"AG05",1,"ABGR",0,0,0,NA,NA,0
"2331",2009,"AG05",1,"ABLA",0,0,0,NA,NA,0
"2332",2009,"AG05",1,"ABPR",0,0,0,NA,NA,0
"2333",2009,"AG05",1,"ACGL",0,0,0,NA,NA,0
"2334",2009,"AG05",1,"ALRU",0,0,0,NA,NA,0
"2335",2009,"AG05",1,"CANO",0,0,0,NA,NA,0
"2336",2009,"AG05",1,"PICO",0,0,0,NA,NA,0
"2337",2009,"AG05",1,"PIEN",0,0,0,NA,NA,0
"2338",2009,"AG05",1,"PIMO",0,0,0,NA,NA,0
"2339",2009,"AG05",1,"PISI",0,0,0,NA,NA,0
"2340",2009,"AG05",1,"PSME",0,0,0,NA,NA,0
"2341",2009,"AG05",1,"TABR",0,0,0,NA,NA,0
"2342",2009,"AG05",1,"THPL",36,1,10,NA,NA,0
"2343",2009,"AG05",1,"TSHE",1,4,0,NA,NA,0
"2344",2009,"AG05",1,"TSME",0,0,0,NA,NA,0
"2345",2009,"AG05",2,"ABAM",0,1,0,NA,NA,0
"2346",2009,"AG05",2,"ABGR",0,0,0,NA,NA,0
"2347",2009,"AG05",2,"ABLA",0,0,0,NA,NA,0
"2348",2009,"AG05",2,"ABPR",0,0,0,NA,NA,0
"2349",2009,"AG05",2,"ACGL",0,0,0,NA,NA,0
"2350",2009,"AG05",2,"ALRU",0,0,0,NA,NA,0
"2351",2009,"AG05",2,"CANO",0,0,0,NA,NA,0
"2352",2009,"AG05",2,"PICO",0,0,0,NA,NA,0
"2353",2009,"AG05",2,"PIEN",0,0,0,NA,NA,0
"2354",2009,"AG05",2,"PIMO",0,0,0,NA,NA,0
"2355",2009,"AG05",2,"PISI",0,0,0,NA,NA,0
"2356",2009,"AG05",2,"PSME",4,2,0,NA,NA,0
"2357",2009,"AG05",2,"TABR",1,0,0,NA,NA,0
"2358",2009,"AG05",2,"THPL",27,2,9,NA,NA,5
"2359",2009,"AG05",2,"TSHE",4,1,0,NA,NA,0
"2360",2009,"AG05",2,"TSME",0,0,0,NA,NA,0
"2361",2009,"AG05",3,"ABAM",2,1,0,NA,NA,0
"2362",2009,"AG05",3,"ABGR",0,0,0,NA,NA,0
"2363",2009,"AG05",3,"ABLA",0,0,0,NA,NA,0
"2364",2009,"AG05",3,"ABPR",0,0,0,NA,NA,0
"2365",2009,"AG05",3,"ACGL",0,0,0,NA,NA,0
"2366",2009,"AG05",3,"ALRU",0,0,0,NA,NA,0
"2367",2009,"AG05",3,"CANO",0,0,0,NA,NA,0
"2368",2009,"AG05",3,"PICO",0,0,0,NA,NA,0
"2369",2009,"AG05",3,"PIEN",0,0,0,NA,NA,0
"2370",2009,"AG05",3,"PIMO",0,0,0,NA,NA,0
"2371",2009,"AG05",3,"PISI",0,0,0,NA,NA,0
"2372",2009,"AG05",3,"PSME",1,0,0,NA,NA,0
"2373",2009,"AG05",3,"TABR",0,0,0,NA,NA,0
"2374",2009,"AG05",3,"THPL",13,0,7,NA,NA,0
"2375",2009,"AG05",3,"TSHE",2,3,0,NA,NA,0
"2376",2009,"AG05",3,"TSME",0,0,0,NA,NA,0
"2377",2009,"AG05",4,"ABAM",3,2,0,NA,NA,0
"2378",2009,"AG05",4,"ABGR",0,0,0,NA,NA,0
"2379",2009,"AG05",4,"ABLA",0,0,0,NA,NA,0
"2380",2009,"AG05",4,"ABPR",1,0,0,NA,NA,0
"2381",2009,"AG05",4,"ACGL",0,0,0,NA,NA,0
"2382",2009,"AG05",4,"ALRU",0,0,0,NA,NA,0
"2383",2009,"AG05",4,"CANO",0,0,0,NA,NA,0
"2384",2009,"AG05",4,"PICO",0,0,0,NA,NA,0
"2385",2009,"AG05",4,"PIEN",0,0,0,NA,NA,0
"2386",2009,"AG05",4,"PIMO",0,0,0,NA,NA,0
"2387",2009,"AG05",4,"PISI",0,0,0,NA,NA,0
"2388",2009,"AG05",4,"PSME",0,0,0,NA,NA,0
"2389",2009,"AG05",4,"TABR",0,0,0,NA,NA,0
"2390",2009,"AG05",4,"THPL",25,0,45,NA,NA,0
"2391",2009,"AG05",4,"TSHE",3,4,1,NA,NA,0
"2392",2009,"AG05",4,"TSME",0,0,0,NA,NA,0
"2393",2009,"AG05",5,"ABAM",3,0,0,NA,NA,0
"2394",2009,"AG05",5,"ABGR",0,0,0,NA,NA,0
"2395",2009,"AG05",5,"ABLA",0,0,0,NA,NA,0
"2396",2009,"AG05",5,"ABPR",0,0,0,NA,NA,0
"2397",2009,"AG05",5,"ACGL",0,0,0,NA,NA,0
"2398",2009,"AG05",5,"ALRU",0,0,0,NA,NA,0
"2399",2009,"AG05",5,"CANO",0,0,0,NA,NA,0
"2400",2009,"AG05",5,"PICO",0,0,0,NA,NA,0
"2401",2009,"AG05",5,"PIEN",0,0,0,NA,NA,0
"2402",2009,"AG05",5,"PIMO",0,0,0,NA,NA,0
"2403",2009,"AG05",5,"PISI",0,0,0,NA,NA,0
"2404",2009,"AG05",5,"PSME",1,0,0,NA,NA,0
"2405",2009,"AG05",5,"TABR",0,0,0,NA,NA,0
"2406",2009,"AG05",5,"THPL",12,1,33,NA,NA,56
"2407",2009,"AG05",5,"TSHE",2,2,0,NA,NA,0
"2408",2009,"AG05",5,"TSME",0,0,0,NA,NA,0
"2409",2009,"AG05",6,"ABAM",7,1,0,NA,NA,0
"2410",2009,"AG05",6,"ABGR",0,0,0,NA,NA,0
"2411",2009,"AG05",6,"ABLA",0,0,0,NA,NA,0
"2412",2009,"AG05",6,"ABPR",0,0,0,NA,NA,0
"2413",2009,"AG05",6,"ACGL",0,0,0,NA,NA,0
"2414",2009,"AG05",6,"ALRU",0,0,0,NA,NA,0
"2415",2009,"AG05",6,"CANO",0,0,0,NA,NA,0
"2416",2009,"AG05",6,"PICO",0,0,0,NA,NA,0
"2417",2009,"AG05",6,"PIEN",0,0,0,NA,NA,0
"2418",2009,"AG05",6,"PIMO",0,0,0,NA,NA,0
"2419",2009,"AG05",6,"PISI",0,0,0,NA,NA,0
"2420",2009,"AG05",6,"PSME",3,1,3,NA,NA,0
"2421",2009,"AG05",6,"TABR",0,0,0,NA,NA,0
"2422",2009,"AG05",6,"THPL",13,0,6,NA,NA,0
"2423",2009,"AG05",6,"TSHE",0,2,0,NA,NA,0
"2424",2009,"AG05",6,"TSME",0,0,0,NA,NA,0
"2425",2009,"AM16",1,"ABAM",0,0,0,NA,NA,0
"2426",2009,"AM16",1,"ABGR",0,0,0,NA,NA,0
"2427",2009,"AM16",1,"ABLA",0,0,0,NA,NA,0
"2428",2009,"AM16",1,"ABPR",0,0,0,NA,NA,0
"2429",2009,"AM16",1,"ACGL",0,0,0,NA,NA,0
"2430",2009,"AM16",1,"ALRU",0,0,0,NA,NA,0
"2431",2009,"AM16",1,"CANO",0,0,0,NA,NA,0
"2432",2009,"AM16",1,"PICO",0,0,0,NA,NA,0
"2433",2009,"AM16",1,"PIEN",0,0,0,NA,NA,0
"2434",2009,"AM16",1,"PIMO",0,0,0,NA,NA,0
"2435",2009,"AM16",1,"PISI",0,0,0,NA,NA,0
"2436",2009,"AM16",1,"PSME",0,0,0,NA,NA,0
"2437",2009,"AM16",1,"TABR",0,0,0,NA,NA,0
"2438",2009,"AM16",1,"THPL",0,0,0,NA,NA,0
"2439",2009,"AM16",1,"TSHE",1,1,2,NA,NA,0
"2440",2009,"AM16",1,"TSME",0,0,0,NA,NA,0
"2441",2009,"AM16",2,"ABAM",0,0,0,NA,NA,0
"2442",2009,"AM16",2,"ABGR",0,0,0,NA,NA,0
"2443",2009,"AM16",2,"ABLA",0,0,0,NA,NA,0
"2444",2009,"AM16",2,"ABPR",0,0,0,NA,NA,0
"2445",2009,"AM16",2,"ACGL",0,0,0,NA,NA,0
"2446",2009,"AM16",2,"ALRU",0,0,0,NA,NA,0
"2447",2009,"AM16",2,"CANO",7,0,2,NA,NA,0
"2448",2009,"AM16",2,"PICO",0,0,0,NA,NA,0
"2449",2009,"AM16",2,"PIEN",0,0,0,NA,NA,0
"2450",2009,"AM16",2,"PIMO",0,0,0,NA,NA,0
"2451",2009,"AM16",2,"PISI",0,0,0,NA,NA,0
"2452",2009,"AM16",2,"PSME",0,0,0,NA,NA,0
"2453",2009,"AM16",2,"TABR",0,0,0,NA,NA,0
"2454",2009,"AM16",2,"THPL",0,0,0,NA,NA,0
"2455",2009,"AM16",2,"TSHE",3,0,0,NA,NA,0
"2456",2009,"AM16",2,"TSME",1,0,0,NA,NA,0
"2457",2009,"AM16",3,"ABAM",0,0,0,NA,NA,0
"2458",2009,"AM16",3,"ABGR",0,0,0,NA,NA,0
"2459",2009,"AM16",3,"ABLA",0,0,0,NA,NA,0
"2460",2009,"AM16",3,"ABPR",0,0,0,NA,NA,0
"2461",2009,"AM16",3,"ACGL",0,0,0,NA,NA,0
"2462",2009,"AM16",3,"ALRU",0,0,0,NA,NA,0
"2463",2009,"AM16",3,"CANO",0,0,0,NA,NA,0
"2464",2009,"AM16",3,"PICO",0,0,0,NA,NA,0
"2465",2009,"AM16",3,"PIEN",0,0,0,NA,NA,0
"2466",2009,"AM16",3,"PIMO",0,0,0,NA,NA,0
"2467",2009,"AM16",3,"PISI",0,0,0,NA,NA,0
"2468",2009,"AM16",3,"PSME",0,0,0,NA,NA,0
"2469",2009,"AM16",3,"TABR",0,0,0,NA,NA,0
"2470",2009,"AM16",3,"THPL",0,0,0,NA,NA,0
"2471",2009,"AM16",3,"TSHE",6,0,0,NA,NA,0
"2472",2009,"AM16",3,"TSME",5,0,0,NA,NA,0
"2473",2009,"AM16",4,"ABAM",0,0,0,NA,NA,0
"2474",2009,"AM16",4,"ABGR",0,0,0,NA,NA,0
"2475",2009,"AM16",4,"ABLA",0,0,0,NA,NA,0
"2476",2009,"AM16",4,"ABPR",0,0,0,NA,NA,0
"2477",2009,"AM16",4,"ACGL",0,0,0,NA,NA,0
"2478",2009,"AM16",4,"ALRU",0,0,0,NA,NA,0
"2479",2009,"AM16",4,"CANO",0,0,0,NA,NA,0
"2480",2009,"AM16",4,"PICO",0,0,0,NA,NA,0
"2481",2009,"AM16",4,"PIEN",0,0,0,NA,NA,0
"2482",2009,"AM16",4,"PIMO",0,0,0,NA,NA,0
"2483",2009,"AM16",4,"PISI",0,0,0,NA,NA,0
"2484",2009,"AM16",4,"PSME",0,0,0,NA,NA,0
"2485",2009,"AM16",4,"TABR",0,0,0,NA,NA,0
"2486",2009,"AM16",4,"THPL",0,0,0,NA,NA,0
"2487",2009,"AM16",4,"TSHE",5,1,0,NA,NA,0
"2488",2009,"AM16",4,"TSME",0,0,0,NA,NA,0
"2489",2009,"AM16",5,"ABAM",0,0,0,NA,NA,0
"2490",2009,"AM16",5,"ABGR",0,0,0,NA,NA,0
"2491",2009,"AM16",5,"ABLA",0,0,0,NA,NA,0
"2492",2009,"AM16",5,"ABPR",0,0,0,NA,NA,0
"2493",2009,"AM16",5,"ACGL",0,0,0,NA,NA,0
"2494",2009,"AM16",5,"ALRU",0,0,0,NA,NA,0
"2495",2009,"AM16",5,"CANO",1,1,0,NA,NA,0
"2496",2009,"AM16",5,"PICO",0,0,0,NA,NA,0
"2497",2009,"AM16",5,"PIEN",0,0,0,NA,NA,0
"2498",2009,"AM16",5,"PIMO",0,0,0,NA,NA,0
"2499",2009,"AM16",5,"PISI",0,0,0,NA,NA,0
"2500",2009,"AM16",5,"PSME",0,0,0,NA,NA,0
"2501",2009,"AM16",5,"TABR",0,0,0,NA,NA,0
"2502",2009,"AM16",5,"THPL",0,0,0,NA,NA,0
"2503",2009,"AM16",5,"TSHE",9,4,0,NA,NA,0
"2504",2009,"AM16",5,"TSME",2,0,0,NA,NA,0
"2505",2009,"AM16",6,"ABAM",0,0,0,NA,NA,0
"2506",2009,"AM16",6,"ABGR",0,0,0,NA,NA,0
"2507",2009,"AM16",6,"ABLA",0,0,0,NA,NA,0
"2508",2009,"AM16",6,"ABPR",0,0,0,NA,NA,0
"2509",2009,"AM16",6,"ACGL",0,0,0,NA,NA,0
"2510",2009,"AM16",6,"ALRU",0,0,0,NA,NA,0
"2511",2009,"AM16",6,"CANO",0,1,5,NA,NA,0
"2512",2009,"AM16",6,"PICO",0,0,0,NA,NA,0
"2513",2009,"AM16",6,"PIEN",0,0,0,NA,NA,0
"2514",2009,"AM16",6,"PIMO",0,0,0,NA,NA,0
"2515",2009,"AM16",6,"PISI",0,0,0,NA,NA,0
"2516",2009,"AM16",6,"PSME",0,0,0,NA,NA,0
"2517",2009,"AM16",6,"TABR",0,0,0,NA,NA,0
"2518",2009,"AM16",6,"THPL",0,0,0,NA,NA,0
"2519",2009,"AM16",6,"TSHE",6,2,1,NA,NA,0
"2520",2009,"AM16",6,"TSME",1,0,1,NA,NA,0
"2521",2009,"AR07",1,"ABAM",1,0,0,NA,NA,0
"2522",2009,"AR07",1,"ABGR",0,0,0,NA,NA,0
"2523",2009,"AR07",1,"ABLA",0,0,0,NA,NA,0
"2524",2009,"AR07",1,"ABPR",0,0,0,NA,NA,0
"2525",2009,"AR07",1,"ACGL",0,0,0,NA,NA,0
"2526",2009,"AR07",1,"ALRU",0,0,0,NA,NA,0
"2527",2009,"AR07",1,"CANO",2,0,0,NA,NA,0
"2528",2009,"AR07",1,"PICO",0,0,0,NA,NA,0
"2529",2009,"AR07",1,"PIEN",0,0,0,NA,NA,0
"2530",2009,"AR07",1,"PIMO",0,0,0,NA,NA,0
"2531",2009,"AR07",1,"PISI",0,0,0,NA,NA,0
"2532",2009,"AR07",1,"PSME",0,0,0,NA,NA,0
"2533",2009,"AR07",1,"TABR",0,0,0,NA,NA,0
"2534",2009,"AR07",1,"THPL",0,0,0,NA,NA,0
"2535",2009,"AR07",1,"TSHE",0,0,0,NA,NA,0
"2536",2009,"AR07",1,"TSME",5,0,0,NA,NA,0
"2537",2009,"AR07",2,"ABAM",0,0,0,NA,NA,0
"2538",2009,"AR07",2,"ABGR",0,0,0,NA,NA,0
"2539",2009,"AR07",2,"ABLA",0,0,0,NA,NA,0
"2540",2009,"AR07",2,"ABPR",0,0,0,NA,NA,0
"2541",2009,"AR07",2,"ACGL",0,0,0,NA,NA,0
"2542",2009,"AR07",2,"ALRU",0,0,0,NA,NA,0
"2543",2009,"AR07",2,"CANO",6,0,6,NA,NA,0
"2544",2009,"AR07",2,"PICO",0,0,0,NA,NA,0
"2545",2009,"AR07",2,"PIEN",0,0,0,NA,NA,0
"2546",2009,"AR07",2,"PIMO",0,0,0,NA,NA,0
"2547",2009,"AR07",2,"PISI",0,0,0,NA,NA,0
"2548",2009,"AR07",2,"PSME",0,0,0,NA,NA,0
"2549",2009,"AR07",2,"TABR",0,0,0,NA,NA,0
"2550",2009,"AR07",2,"THPL",0,0,0,NA,NA,0
"2551",2009,"AR07",2,"TSHE",0,0,0,NA,NA,0
"2552",2009,"AR07",2,"TSME",3,0,0,NA,NA,0
"2553",2009,"AR07",3,"ABAM",0,0,0,NA,NA,0
"2554",2009,"AR07",3,"ABGR",0,0,0,NA,NA,0
"2555",2009,"AR07",3,"ABLA",0,0,0,NA,NA,0
"2556",2009,"AR07",3,"ABPR",0,0,0,NA,NA,0
"2557",2009,"AR07",3,"ACGL",0,0,0,NA,NA,0
"2558",2009,"AR07",3,"ALRU",0,0,0,NA,NA,0
"2559",2009,"AR07",3,"CANO",0,0,3,NA,NA,0
"2560",2009,"AR07",3,"PICO",0,0,0,NA,NA,0
"2561",2009,"AR07",3,"PIEN",0,0,0,NA,NA,0
"2562",2009,"AR07",3,"PIMO",0,0,0,NA,NA,0
"2563",2009,"AR07",3,"PISI",0,0,0,NA,NA,0
"2564",2009,"AR07",3,"PSME",0,0,0,NA,NA,0
"2565",2009,"AR07",3,"TABR",0,0,0,NA,NA,0
"2566",2009,"AR07",3,"THPL",0,0,0,NA,NA,0
"2567",2009,"AR07",3,"TSHE",0,0,0,NA,NA,0
"2568",2009,"AR07",3,"TSME",1,1,0,NA,NA,0
"2569",2009,"AR07",4,"ABAM",0,0,0,NA,NA,0
"2570",2009,"AR07",4,"ABGR",0,0,0,NA,NA,0
"2571",2009,"AR07",4,"ABLA",0,0,0,NA,NA,0
"2572",2009,"AR07",4,"ABPR",0,0,0,NA,NA,0
"2573",2009,"AR07",4,"ACGL",0,0,0,NA,NA,0
"2574",2009,"AR07",4,"ALRU",0,0,0,NA,NA,0
"2575",2009,"AR07",4,"CANO",1,0,0,NA,NA,0
"2576",2009,"AR07",4,"PICO",0,0,0,NA,NA,0
"2577",2009,"AR07",4,"PIEN",0,0,0,NA,NA,0
"2578",2009,"AR07",4,"PIMO",0,0,0,NA,NA,0
"2579",2009,"AR07",4,"PISI",0,0,0,NA,NA,0
"2580",2009,"AR07",4,"PSME",0,0,0,NA,NA,0
"2581",2009,"AR07",4,"TABR",0,0,0,NA,NA,0
"2582",2009,"AR07",4,"THPL",0,0,0,NA,NA,0
"2583",2009,"AR07",4,"TSHE",0,0,0,NA,NA,0
"2584",2009,"AR07",4,"TSME",4,0,2,NA,NA,0
"2585",2009,"AR07",5,"ABAM",2,2,0,NA,NA,0
"2586",2009,"AR07",5,"ABGR",0,0,0,NA,NA,0
"2587",2009,"AR07",5,"ABLA",0,0,0,NA,NA,0
"2588",2009,"AR07",5,"ABPR",0,0,0,NA,NA,0
"2589",2009,"AR07",5,"ACGL",0,0,0,NA,NA,0
"2590",2009,"AR07",5,"ALRU",0,0,0,NA,NA,0
"2591",2009,"AR07",5,"CANO",0,1,1,NA,NA,0
"2592",2009,"AR07",5,"PICO",0,0,0,NA,NA,0
"2593",2009,"AR07",5,"PIEN",0,0,0,NA,NA,0
"2594",2009,"AR07",5,"PIMO",0,0,0,NA,NA,0
"2595",2009,"AR07",5,"PISI",0,0,0,NA,NA,0
"2596",2009,"AR07",5,"PSME",0,0,0,NA,NA,0
"2597",2009,"AR07",5,"TABR",0,0,0,NA,NA,0
"2598",2009,"AR07",5,"THPL",0,0,0,NA,NA,0
"2599",2009,"AR07",5,"TSHE",1,1,0,NA,NA,0
"2600",2009,"AR07",5,"TSME",13,5,0,NA,NA,0
"2601",2009,"AR07",6,"ABAM",0,0,0,NA,NA,0
"2602",2009,"AR07",6,"ABGR",0,0,0,NA,NA,0
"2603",2009,"AR07",6,"ABLA",0,0,0,NA,NA,0
"2604",2009,"AR07",6,"ABPR",0,0,0,NA,NA,0
"2605",2009,"AR07",6,"ACGL",0,0,0,NA,NA,0
"2606",2009,"AR07",6,"ALRU",0,0,0,NA,NA,0
"2607",2009,"AR07",6,"CANO",1,0,0,NA,NA,0
"2608",2009,"AR07",6,"PICO",0,0,0,NA,NA,0
"2609",2009,"AR07",6,"PIEN",0,0,0,NA,NA,0
"2610",2009,"AR07",6,"PIMO",0,0,0,NA,NA,0
"2611",2009,"AR07",6,"PISI",0,0,0,NA,NA,0
"2612",2009,"AR07",6,"PSME",0,0,0,NA,NA,0
"2613",2009,"AR07",6,"TABR",0,0,0,NA,NA,0
"2614",2009,"AR07",6,"THPL",0,0,0,NA,NA,0
"2615",2009,"AR07",6,"TSHE",0,0,0,NA,NA,0
"2616",2009,"AR07",6,"TSME",1,2,0,NA,NA,0
"2617",2009,"AV06",1,"ABAM",1,1,0,NA,NA,0
"2618",2009,"AV06",1,"ABGR",0,0,0,NA,NA,0
"2619",2009,"AV06",1,"ABLA",0,0,0,NA,NA,0
"2620",2009,"AV06",1,"ABPR",0,0,0,NA,NA,0
"2621",2009,"AV06",1,"ACGL",0,0,0,NA,NA,0
"2622",2009,"AV06",1,"ALRU",0,0,0,NA,NA,0
"2623",2009,"AV06",1,"CANO",0,0,0,NA,NA,0
"2624",2009,"AV06",1,"PICO",0,0,0,NA,NA,0
"2625",2009,"AV06",1,"PIEN",0,0,0,NA,NA,0
"2626",2009,"AV06",1,"PIMO",0,0,0,NA,NA,0
"2627",2009,"AV06",1,"PISI",0,0,0,NA,NA,0
"2628",2009,"AV06",1,"PSME",0,0,0,NA,NA,0
"2629",2009,"AV06",1,"TABR",0,0,0,NA,NA,0
"2630",2009,"AV06",1,"THPL",0,0,0,NA,NA,0
"2631",2009,"AV06",1,"TSHE",10,5,4,NA,NA,0
"2632",2009,"AV06",1,"TSME",0,0,0,NA,NA,0
"2633",2009,"AV06",2,"ABAM",0,0,0,NA,NA,0
"2634",2009,"AV06",2,"ABGR",0,0,0,NA,NA,0
"2635",2009,"AV06",2,"ABLA",0,0,0,NA,NA,0
"2636",2009,"AV06",2,"ABPR",0,0,0,NA,NA,0
"2637",2009,"AV06",2,"ACGL",0,0,0,NA,NA,0
"2638",2009,"AV06",2,"ALRU",0,0,0,NA,NA,0
"2639",2009,"AV06",2,"CANO",0,0,0,NA,NA,0
"2640",2009,"AV06",2,"PICO",0,0,0,NA,NA,0
"2641",2009,"AV06",2,"PIEN",0,0,0,NA,NA,0
"2642",2009,"AV06",2,"PIMO",0,0,0,NA,NA,0
"2643",2009,"AV06",2,"PISI",0,0,0,NA,NA,0
"2644",2009,"AV06",2,"PSME",2,0,0,NA,NA,0
"2645",2009,"AV06",2,"TABR",0,0,0,NA,NA,0
"2646",2009,"AV06",2,"THPL",0,0,0,NA,NA,0
"2647",2009,"AV06",2,"TSHE",9,4,12,NA,NA,0
"2648",2009,"AV06",2,"TSME",0,0,0,NA,NA,0
"2649",2009,"AV06",3,"ABAM",0,0,0,NA,NA,0
"2650",2009,"AV06",3,"ABGR",0,0,0,NA,NA,0
"2651",2009,"AV06",3,"ABLA",0,0,0,NA,NA,0
"2652",2009,"AV06",3,"ABPR",0,0,0,NA,NA,0
"2653",2009,"AV06",3,"ACGL",0,0,0,NA,NA,0
"2654",2009,"AV06",3,"ALRU",0,0,0,NA,NA,0
"2655",2009,"AV06",3,"CANO",0,0,0,NA,NA,0
"2656",2009,"AV06",3,"PICO",0,0,0,NA,NA,0
"2657",2009,"AV06",3,"PIEN",0,0,0,NA,NA,0
"2658",2009,"AV06",3,"PIMO",0,0,0,NA,NA,0
"2659",2009,"AV06",3,"PISI",0,0,0,NA,NA,0
"2660",2009,"AV06",3,"PSME",0,0,0,NA,NA,0
"2661",2009,"AV06",3,"TABR",0,0,0,NA,NA,0
"2662",2009,"AV06",3,"THPL",0,0,0,NA,NA,0
"2663",2009,"AV06",3,"TSHE",7,2,12,NA,NA,0
"2664",2009,"AV06",3,"TSME",0,0,0,NA,NA,0
"2665",2009,"AV06",4,"ABAM",1,1,0,NA,NA,0
"2666",2009,"AV06",4,"ABGR",0,0,0,NA,NA,0
"2667",2009,"AV06",4,"ABLA",0,0,0,NA,NA,0
"2668",2009,"AV06",4,"ABPR",0,0,0,NA,NA,0
"2669",2009,"AV06",4,"ACGL",0,0,0,NA,NA,0
"2670",2009,"AV06",4,"ALRU",0,0,0,NA,NA,0
"2671",2009,"AV06",4,"CANO",0,0,0,NA,NA,0
"2672",2009,"AV06",4,"PICO",0,0,0,NA,NA,0
"2673",2009,"AV06",4,"PIEN",0,0,0,NA,NA,0
"2674",2009,"AV06",4,"PIMO",0,0,0,NA,NA,0
"2675",2009,"AV06",4,"PISI",0,0,0,NA,NA,0
"2676",2009,"AV06",4,"PSME",0,0,0,NA,NA,0
"2677",2009,"AV06",4,"TABR",0,0,0,NA,NA,0
"2678",2009,"AV06",4,"THPL",0,0,0,NA,NA,0
"2679",2009,"AV06",4,"TSHE",2,1,2,NA,NA,0
"2680",2009,"AV06",4,"TSME",0,0,0,NA,NA,0
"2681",2009,"AV06",5,"ABAM",1,1,0,NA,NA,0
"2682",2009,"AV06",5,"ABGR",0,0,0,NA,NA,0
"2683",2009,"AV06",5,"ABLA",0,0,0,NA,NA,0
"2684",2009,"AV06",5,"ABPR",0,1,0,NA,NA,0
"2685",2009,"AV06",5,"ACGL",0,0,0,NA,NA,0
"2686",2009,"AV06",5,"ALRU",0,0,0,NA,NA,0
"2687",2009,"AV06",5,"CANO",0,0,0,NA,NA,0
"2688",2009,"AV06",5,"PICO",0,0,0,NA,NA,0
"2689",2009,"AV06",5,"PIEN",0,0,0,NA,NA,0
"2690",2009,"AV06",5,"PIMO",0,0,0,NA,NA,0
"2691",2009,"AV06",5,"PISI",0,0,0,NA,NA,0
"2692",2009,"AV06",5,"PSME",2,2,0,NA,NA,0
"2693",2009,"AV06",5,"TABR",0,0,0,NA,NA,0
"2694",2009,"AV06",5,"THPL",1,0,0,NA,NA,0
"2695",2009,"AV06",5,"TSHE",3,3,0,NA,NA,0
"2696",2009,"AV06",5,"TSME",0,0,0,NA,NA,0
"2697",2009,"AV06",6,"ABAM",3,0,0,NA,NA,0
"2698",2009,"AV06",6,"ABGR",0,0,0,NA,NA,0
"2699",2009,"AV06",6,"ABLA",0,0,0,NA,NA,0
"2700",2009,"AV06",6,"ABPR",2,0,0,NA,NA,0
"2701",2009,"AV06",6,"ACGL",0,0,0,NA,NA,0
"2702",2009,"AV06",6,"ALRU",0,0,0,NA,NA,0
"2703",2009,"AV06",6,"CANO",0,0,0,NA,NA,0
"2704",2009,"AV06",6,"PICO",0,0,0,NA,NA,0
"2705",2009,"AV06",6,"PIEN",0,0,0,NA,NA,0
"2706",2009,"AV06",6,"PIMO",0,0,0,NA,NA,0
"2707",2009,"AV06",6,"PISI",0,0,0,NA,NA,0
"2708",2009,"AV06",6,"PSME",0,1,0,NA,NA,0
"2709",2009,"AV06",6,"TABR",0,0,0,NA,NA,0
"2710",2009,"AV06",6,"THPL",1,0,0,NA,NA,0
"2711",2009,"AV06",6,"TSHE",0,2,0,NA,NA,0
"2712",2009,"AV06",6,"TSME",0,0,0,NA,NA,0
"2713",2009,"AX15",1,"ABAM",0,0,0,NA,NA,0
"2714",2009,"AX15",1,"ABGR",0,0,0,NA,NA,0
"2715",2009,"AX15",1,"ABLA",0,0,0,NA,NA,0
"2716",2009,"AX15",1,"ABPR",0,0,0,NA,NA,0
"2717",2009,"AX15",1,"ACGL",0,0,0,NA,NA,0
"2718",2009,"AX15",1,"ALRU",0,0,0,NA,NA,0
"2719",2009,"AX15",1,"CANO",0,0,0,NA,NA,0
"2720",2009,"AX15",1,"PICO",0,0,0,NA,NA,0
"2721",2009,"AX15",1,"PIEN",0,0,0,NA,NA,0
"2722",2009,"AX15",1,"PIMO",0,0,0,NA,NA,0
"2723",2009,"AX15",1,"PISI",0,0,0,NA,NA,0
"2724",2009,"AX15",1,"PSME",0,0,0,NA,NA,0
"2725",2009,"AX15",1,"TABR",0,0,0,NA,NA,0
"2726",2009,"AX15",1,"THPL",1,0,12,NA,NA,18
"2727",2009,"AX15",1,"TSHE",5,9,5,NA,NA,2
"2728",2009,"AX15",1,"TSME",0,0,0,NA,NA,0
"2729",2009,"AX15",2,"ABAM",0,0,0,NA,NA,0
"2730",2009,"AX15",2,"ABGR",0,0,0,NA,NA,0
"2731",2009,"AX15",2,"ABLA",0,0,0,NA,NA,0
"2732",2009,"AX15",2,"ABPR",0,0,0,NA,NA,0
"2733",2009,"AX15",2,"ACGL",0,0,0,NA,NA,0
"2734",2009,"AX15",2,"ALRU",0,0,0,NA,NA,0
"2735",2009,"AX15",2,"CANO",0,0,0,NA,NA,0
"2736",2009,"AX15",2,"PICO",0,0,0,NA,NA,0
"2737",2009,"AX15",2,"PIEN",0,0,0,NA,NA,0
"2738",2009,"AX15",2,"PIMO",0,0,0,NA,NA,0
"2739",2009,"AX15",2,"PISI",0,0,0,NA,NA,0
"2740",2009,"AX15",2,"PSME",0,0,0,NA,NA,0
"2741",2009,"AX15",2,"TABR",0,0,0,NA,NA,0
"2742",2009,"AX15",2,"THPL",1,1,2,NA,NA,1
"2743",2009,"AX15",2,"TSHE",1,2,3,NA,NA,0
"2744",2009,"AX15",2,"TSME",0,0,0,NA,NA,0
"2745",2009,"AX15",3,"ABAM",0,0,0,NA,NA,0
"2746",2009,"AX15",3,"ABGR",0,0,0,NA,NA,0
"2747",2009,"AX15",3,"ABLA",0,0,0,NA,NA,0
"2748",2009,"AX15",3,"ABPR",0,0,0,NA,NA,0
"2749",2009,"AX15",3,"ACGL",0,0,0,NA,NA,0
"2750",2009,"AX15",3,"ALRU",0,0,0,NA,NA,0
"2751",2009,"AX15",3,"CANO",0,0,0,NA,NA,0
"2752",2009,"AX15",3,"PICO",0,0,0,NA,NA,0
"2753",2009,"AX15",3,"PIEN",0,0,0,NA,NA,0
"2754",2009,"AX15",3,"PIMO",0,0,0,NA,NA,0
"2755",2009,"AX15",3,"PISI",0,0,0,NA,NA,0
"2756",2009,"AX15",3,"PSME",0,0,0,NA,NA,0
"2757",2009,"AX15",3,"TABR",0,0,0,NA,NA,0
"2758",2009,"AX15",3,"THPL",1,0,0,NA,NA,0
"2759",2009,"AX15",3,"TSHE",13,25,2,NA,NA,0
"2760",2009,"AX15",3,"TSME",0,0,0,NA,NA,0
"2761",2009,"AX15",4,"ABAM",0,0,0,NA,NA,0
"2762",2009,"AX15",4,"ABGR",0,0,0,NA,NA,0
"2763",2009,"AX15",4,"ABLA",0,0,0,NA,NA,0
"2764",2009,"AX15",4,"ABPR",0,0,0,NA,NA,0
"2765",2009,"AX15",4,"ACGL",0,0,0,NA,NA,0
"2766",2009,"AX15",4,"ALRU",0,0,0,NA,NA,0
"2767",2009,"AX15",4,"CANO",0,0,0,NA,NA,0
"2768",2009,"AX15",4,"PICO",0,0,0,NA,NA,0
"2769",2009,"AX15",4,"PIEN",0,0,0,NA,NA,0
"2770",2009,"AX15",4,"PIMO",0,0,0,NA,NA,0
"2771",2009,"AX15",4,"PISI",0,0,0,NA,NA,0
"2772",2009,"AX15",4,"PSME",0,0,0,NA,NA,0
"2773",2009,"AX15",4,"TABR",0,0,0,NA,NA,0
"2774",2009,"AX15",4,"THPL",1,0,0,NA,NA,0
"2775",2009,"AX15",4,"TSHE",18,12,17,NA,NA,0
"2776",2009,"AX15",4,"TSME",0,0,0,NA,NA,0
"2777",2009,"AX15",5,"ABAM",0,0,0,NA,NA,0
"2778",2009,"AX15",5,"ABGR",0,0,0,NA,NA,0
"2779",2009,"AX15",5,"ABLA",0,0,0,NA,NA,0
"2780",2009,"AX15",5,"ABPR",0,0,0,NA,NA,0
"2781",2009,"AX15",5,"ACGL",0,0,0,NA,NA,0
"2782",2009,"AX15",5,"ALRU",0,0,0,NA,NA,0
"2783",2009,"AX15",5,"CANO",0,0,0,NA,NA,0
"2784",2009,"AX15",5,"PICO",0,0,0,NA,NA,0
"2785",2009,"AX15",5,"PIEN",0,0,0,NA,NA,0
"2786",2009,"AX15",5,"PIMO",0,0,0,NA,NA,0
"2787",2009,"AX15",5,"PISI",0,0,0,NA,NA,0
"2788",2009,"AX15",5,"PSME",0,0,0,NA,NA,0
"2789",2009,"AX15",5,"TABR",0,0,0,NA,NA,0
"2790",2009,"AX15",5,"THPL",0,0,0,NA,NA,0
"2791",2009,"AX15",5,"TSHE",2,16,10,NA,NA,6
"2792",2009,"AX15",5,"TSME",0,0,0,NA,NA,0
"2793",2009,"AX15",6,"ABAM",0,0,0,NA,NA,0
"2794",2009,"AX15",6,"ABGR",0,0,0,NA,NA,0
"2795",2009,"AX15",6,"ABLA",0,0,0,NA,NA,0
"2796",2009,"AX15",6,"ABPR",0,0,0,NA,NA,0
"2797",2009,"AX15",6,"ACGL",0,0,0,NA,NA,0
"2798",2009,"AX15",6,"ALRU",0,0,0,NA,NA,0
"2799",2009,"AX15",6,"CANO",0,0,0,NA,NA,0
"2800",2009,"AX15",6,"PICO",0,0,0,NA,NA,0
"2801",2009,"AX15",6,"PIEN",0,0,0,NA,NA,0
"2802",2009,"AX15",6,"PIMO",0,0,0,NA,NA,0
"2803",2009,"AX15",6,"PISI",0,0,0,NA,NA,0
"2804",2009,"AX15",6,"PSME",0,1,0,NA,NA,0
"2805",2009,"AX15",6,"TABR",0,0,0,NA,NA,0
"2806",2009,"AX15",6,"THPL",0,0,0,NA,NA,0
"2807",2009,"AX15",6,"TSHE",2,4,10,NA,NA,8
"2808",2009,"AX15",6,"TSME",0,0,0,NA,NA,0
"2809",2009,"TB13",1,"ABAM",0,0,0,NA,NA,0
"2810",2009,"TB13",1,"ABGR",0,0,0,NA,NA,0
"2811",2009,"TB13",1,"ABLA",0,0,0,NA,NA,0
"2812",2009,"TB13",1,"ABPR",0,0,0,NA,NA,0
"2813",2009,"TB13",1,"ACGL",0,0,0,NA,NA,0
"2814",2009,"TB13",1,"ALRU",0,0,0,NA,NA,0
"2815",2009,"TB13",1,"CANO",0,0,0,NA,NA,0
"2816",2009,"TB13",1,"PICO",0,0,0,NA,NA,0
"2817",2009,"TB13",1,"PIEN",0,0,0,NA,NA,0
"2818",2009,"TB13",1,"PIMO",0,0,0,NA,NA,0
"2819",2009,"TB13",1,"PISI",0,0,0,NA,NA,0
"2820",2009,"TB13",1,"PSME",2,0,1,NA,NA,0
"2821",2009,"TB13",1,"TABR",0,0,0,NA,NA,0
"2822",2009,"TB13",1,"THPL",1,0,2,NA,NA,0
"2823",2009,"TB13",1,"TSHE",14,19,1,NA,NA,0
"2824",2009,"TB13",1,"TSME",0,0,0,NA,NA,0
"2825",2009,"TB13",2,"ABAM",0,0,0,NA,NA,0
"2826",2009,"TB13",2,"ABGR",0,0,0,NA,NA,0
"2827",2009,"TB13",2,"ABLA",0,0,0,NA,NA,0
"2828",2009,"TB13",2,"ABPR",0,0,0,NA,NA,0
"2829",2009,"TB13",2,"ACGL",0,0,0,NA,NA,0
"2830",2009,"TB13",2,"ALRU",0,0,0,NA,NA,0
"2831",2009,"TB13",2,"CANO",0,0,0,NA,NA,0
"2832",2009,"TB13",2,"PICO",0,0,0,NA,NA,0
"2833",2009,"TB13",2,"PIEN",0,0,0,NA,NA,0
"2834",2009,"TB13",2,"PIMO",0,0,0,NA,NA,0
"2835",2009,"TB13",2,"PISI",0,0,0,NA,NA,0
"2836",2009,"TB13",2,"PSME",2,0,0,NA,NA,0
"2837",2009,"TB13",2,"TABR",0,0,0,NA,NA,0
"2838",2009,"TB13",2,"THPL",4,0,1,NA,NA,0
"2839",2009,"TB13",2,"TSHE",19,28,3,NA,NA,0
"2840",2009,"TB13",2,"TSME",0,0,0,NA,NA,0
"2841",2009,"TB13",3,"ABAM",0,0,0,NA,NA,0
"2842",2009,"TB13",3,"ABGR",0,0,0,NA,NA,0
"2843",2009,"TB13",3,"ABLA",0,0,0,NA,NA,0
"2844",2009,"TB13",3,"ABPR",0,0,0,NA,NA,0
"2845",2009,"TB13",3,"ACGL",0,0,0,NA,NA,0
"2846",2009,"TB13",3,"ALRU",0,0,0,NA,NA,0
"2847",2009,"TB13",3,"CANO",0,0,0,NA,NA,0
"2848",2009,"TB13",3,"PICO",0,0,0,NA,NA,0
"2849",2009,"TB13",3,"PIEN",0,0,0,NA,NA,0
"2850",2009,"TB13",3,"PIMO",0,0,0,NA,NA,0
"2851",2009,"TB13",3,"PISI",0,0,0,NA,NA,0
"2852",2009,"TB13",3,"PSME",7,0,0,NA,NA,0
"2853",2009,"TB13",3,"TABR",0,0,0,NA,NA,0
"2854",2009,"TB13",3,"THPL",3,1,0,NA,NA,0
"2855",2009,"TB13",3,"TSHE",14,24,2,NA,NA,0
"2856",2009,"TB13",3,"TSME",0,0,0,NA,NA,0
"2857",2009,"TB13",4,"ABAM",0,0,0,NA,NA,0
"2858",2009,"TB13",4,"ABGR",0,0,0,NA,NA,0
"2859",2009,"TB13",4,"ABLA",0,0,0,NA,NA,0
"2860",2009,"TB13",4,"ABPR",0,0,0,NA,NA,0
"2861",2009,"TB13",4,"ACGL",0,0,0,NA,NA,0
"2862",2009,"TB13",4,"ALRU",0,0,0,NA,NA,0
"2863",2009,"TB13",4,"CANO",0,0,0,NA,NA,0
"2864",2009,"TB13",4,"PICO",0,0,0,NA,NA,0
"2865",2009,"TB13",4,"PIEN",0,0,0,NA,NA,0
"2866",2009,"TB13",4,"PIMO",0,0,0,NA,NA,0
"2867",2009,"TB13",4,"PISI",0,0,0,NA,NA,0
"2868",2009,"TB13",4,"PSME",1,2,2,NA,NA,0
"2869",2009,"TB13",4,"TABR",0,0,0,NA,NA,0
"2870",2009,"TB13",4,"THPL",4,0,6,NA,NA,0
"2871",2009,"TB13",4,"TSHE",12,9,2,NA,NA,0
"2872",2009,"TB13",4,"TSME",0,0,0,NA,NA,0
"2873",2009,"TB13",5,"ABAM",0,0,0,NA,NA,0
"2874",2009,"TB13",5,"ABGR",0,0,0,NA,NA,0
"2875",2009,"TB13",5,"ABLA",0,0,0,NA,NA,0
"2876",2009,"TB13",5,"ABPR",0,0,0,NA,NA,0
"2877",2009,"TB13",5,"ACGL",0,0,0,NA,NA,0
"2878",2009,"TB13",5,"ALRU",0,0,0,NA,NA,0
"2879",2009,"TB13",5,"CANO",0,0,0,NA,NA,0
"2880",2009,"TB13",5,"PICO",0,0,0,NA,NA,0
"2881",2009,"TB13",5,"PIEN",0,0,0,NA,NA,0
"2882",2009,"TB13",5,"PIMO",0,0,0,NA,NA,0
"2883",2009,"TB13",5,"PISI",0,0,0,NA,NA,0
"2884",2009,"TB13",5,"PSME",1,2,0,NA,NA,0
"2885",2009,"TB13",5,"TABR",0,0,0,NA,NA,0
"2886",2009,"TB13",5,"THPL",4,2,19,NA,NA,0
"2887",2009,"TB13",5,"TSHE",16,28,5,NA,NA,0
"2888",2009,"TB13",5,"TSME",0,0,0,NA,NA,0
"2889",2009,"TB13",6,"ABAM",0,0,0,NA,NA,0
"2890",2009,"TB13",6,"ABGR",0,0,0,NA,NA,0
"2891",2009,"TB13",6,"ABLA",0,0,0,NA,NA,0
"2892",2009,"TB13",6,"ABPR",0,0,0,NA,NA,0
"2893",2009,"TB13",6,"ACGL",0,0,0,NA,NA,0
"2894",2009,"TB13",6,"ALRU",0,0,0,NA,NA,0
"2895",2009,"TB13",6,"CANO",0,0,0,NA,NA,0
"2896",2009,"TB13",6,"PICO",0,0,0,NA,NA,0
"2897",2009,"TB13",6,"PIEN",0,0,0,NA,NA,0
"2898",2009,"TB13",6,"PIMO",0,0,0,NA,NA,0
"2899",2009,"TB13",6,"PISI",0,0,0,NA,NA,0
"2900",2009,"TB13",6,"PSME",2,0,0,NA,NA,0
"2901",2009,"TB13",6,"TABR",0,0,0,NA,NA,0
"2902",2009,"TB13",6,"THPL",14,1,76,NA,NA,0
"2903",2009,"TB13",6,"TSHE",46,39,16,NA,NA,0
"2904",2009,"TB13",6,"TSME",0,0,0,NA,NA,0
"2905",2009,"TO04",1,"ABAM",0,0,0,NA,NA,0
"2906",2009,"TO04",1,"ABGR",0,0,0,NA,NA,0
"2907",2009,"TO04",1,"ABLA",0,0,0,NA,NA,0
"2908",2009,"TO04",1,"ABPR",0,0,0,NA,NA,0
"2909",2009,"TO04",1,"ACGL",0,0,0,NA,NA,0
"2910",2009,"TO04",1,"ALRU",0,0,0,NA,NA,0
"2911",2009,"TO04",1,"CANO",0,0,0,NA,NA,0
"2912",2009,"TO04",1,"PICO",0,0,0,NA,NA,0
"2913",2009,"TO04",1,"PIEN",0,0,0,NA,NA,0
"2914",2009,"TO04",1,"PIMO",0,0,0,NA,NA,0
"2915",2009,"TO04",1,"PISI",0,0,0,NA,NA,0
"2916",2009,"TO04",1,"PSME",1,3,0,NA,NA,0
"2917",2009,"TO04",1,"TABR",0,0,0,NA,NA,0
"2918",2009,"TO04",1,"THPL",17,0,1,NA,NA,0
"2919",2009,"TO04",1,"TSHE",29,91,8,NA,NA,0
"2920",2009,"TO04",1,"TSME",0,0,0,NA,NA,0
"2921",2009,"TO04",2,"ABAM",0,0,0,NA,NA,0
"2922",2009,"TO04",2,"ABGR",0,0,0,NA,NA,0
"2923",2009,"TO04",2,"ABLA",0,0,0,NA,NA,0
"2924",2009,"TO04",2,"ABPR",0,0,0,NA,NA,0
"2925",2009,"TO04",2,"ACGL",0,0,0,NA,NA,0
"2926",2009,"TO04",2,"ALRU",0,0,0,NA,NA,0
"2927",2009,"TO04",2,"CANO",0,0,0,NA,NA,0
"2928",2009,"TO04",2,"PICO",0,0,0,NA,NA,0
"2929",2009,"TO04",2,"PIEN",0,0,0,NA,NA,0
"2930",2009,"TO04",2,"PIMO",0,0,0,NA,NA,0
"2931",2009,"TO04",2,"PISI",0,0,0,NA,NA,0
"2932",2009,"TO04",2,"PSME",2,0,0,NA,NA,0
"2933",2009,"TO04",2,"TABR",0,0,0,NA,NA,0
"2934",2009,"TO04",2,"THPL",18,2,9,NA,NA,0
"2935",2009,"TO04",2,"TSHE",80,95,54,NA,NA,61
"2936",2009,"TO04",2,"TSME",0,0,0,NA,NA,0
"2937",2009,"TO04",3,"ABAM",0,0,0,NA,NA,0
"2938",2009,"TO04",3,"ABGR",0,0,0,NA,NA,0
"2939",2009,"TO04",3,"ABLA",0,0,0,NA,NA,0
"2940",2009,"TO04",3,"ABPR",0,0,0,NA,NA,0
"2941",2009,"TO04",3,"ACGL",0,0,0,NA,NA,0
"2942",2009,"TO04",3,"ALRU",0,0,0,NA,NA,0
"2943",2009,"TO04",3,"CANO",0,0,0,NA,NA,0
"2944",2009,"TO04",3,"PICO",0,0,0,NA,NA,0
"2945",2009,"TO04",3,"PIEN",0,0,0,NA,NA,0
"2946",2009,"TO04",3,"PIMO",0,0,0,NA,NA,0
"2947",2009,"TO04",3,"PISI",0,0,0,NA,NA,0
"2948",2009,"TO04",3,"PSME",0,0,0,NA,NA,0
"2949",2009,"TO04",3,"TABR",0,0,0,NA,NA,0
"2950",2009,"TO04",3,"THPL",17,0,9,NA,NA,0
"2951",2009,"TO04",3,"TSHE",28,77,14,NA,NA,0
"2952",2009,"TO04",3,"TSME",0,0,0,NA,NA,0
"2953",2009,"TO04",4,"ABAM",0,0,0,NA,NA,0
"2954",2009,"TO04",4,"ABGR",0,0,0,NA,NA,0
"2955",2009,"TO04",4,"ABLA",0,0,0,NA,NA,0
"2956",2009,"TO04",4,"ABPR",0,0,0,NA,NA,0
"2957",2009,"TO04",4,"ACGL",0,0,0,NA,NA,0
"2958",2009,"TO04",4,"ALRU",0,0,0,NA,NA,0
"2959",2009,"TO04",4,"CANO",0,0,0,NA,NA,0
"2960",2009,"TO04",4,"PICO",0,0,0,NA,NA,0
"2961",2009,"TO04",4,"PIEN",0,0,0,NA,NA,0
"2962",2009,"TO04",4,"PIMO",0,0,0,NA,NA,0
"2963",2009,"TO04",4,"PISI",0,0,0,NA,NA,0
"2964",2009,"TO04",4,"PSME",4,0,0,NA,NA,0
"2965",2009,"TO04",4,"TABR",0,0,0,NA,NA,0
"2966",2009,"TO04",4,"THPL",23,1,19,NA,NA,0
"2967",2009,"TO04",4,"TSHE",23,37,7,NA,NA,0
"2968",2009,"TO04",4,"TSME",0,0,0,NA,NA,0
"2969",2009,"TO04",5,"ABAM",0,0,0,NA,NA,0
"2970",2009,"TO04",5,"ABGR",0,0,0,NA,NA,0
"2971",2009,"TO04",5,"ABLA",0,0,0,NA,NA,0
"2972",2009,"TO04",5,"ABPR",0,0,0,NA,NA,0
"2973",2009,"TO04",5,"ACGL",0,0,0,NA,NA,0
"2974",2009,"TO04",5,"ALRU",0,0,0,NA,NA,0
"2975",2009,"TO04",5,"CANO",0,0,0,NA,NA,0
"2976",2009,"TO04",5,"PICO",0,0,0,NA,NA,0
"2977",2009,"TO04",5,"PIEN",0,0,0,NA,NA,0
"2978",2009,"TO04",5,"PIMO",0,0,0,NA,NA,0
"2979",2009,"TO04",5,"PISI",0,0,0,NA,NA,0
"2980",2009,"TO04",5,"PSME",2,0,0,NA,NA,0
"2981",2009,"TO04",5,"TABR",0,0,0,NA,NA,0
"2982",2009,"TO04",5,"THPL",36,1,67,NA,NA,0
"2983",2009,"TO04",5,"TSHE",19,38,2,NA,NA,0
"2984",2009,"TO04",5,"TSME",0,0,0,NA,NA,0
"2985",2009,"TO04",6,"ABAM",0,0,0,NA,NA,0
"2986",2009,"TO04",6,"ABGR",0,0,0,NA,NA,0
"2987",2009,"TO04",6,"ABLA",0,0,0,NA,NA,0
"2988",2009,"TO04",6,"ABPR",0,0,0,NA,NA,0
"2989",2009,"TO04",6,"ACGL",0,0,0,NA,NA,0
"2990",2009,"TO04",6,"ALRU",0,0,0,NA,NA,0
"2991",2009,"TO04",6,"CANO",0,0,0,NA,NA,0
"2992",2009,"TO04",6,"PICO",0,0,0,NA,NA,0
"2993",2009,"TO04",6,"PIEN",0,0,0,NA,NA,0
"2994",2009,"TO04",6,"PIMO",0,0,0,NA,NA,0
"2995",2009,"TO04",6,"PISI",0,0,0,NA,NA,0
"2996",2009,"TO04",6,"PSME",1,1,0,NA,NA,0
"2997",2009,"TO04",6,"TABR",0,0,0,NA,NA,0
"2998",2009,"TO04",6,"THPL",37,0,58,NA,NA,0
"2999",2009,"TO04",6,"TSHE",17,37,0,NA,NA,0
"3000",2009,"TO04",6,"TSME",0,0,0,NA,NA,0
"3001",2010,"AB08",1,"ABAM",1,0,0,NA,NA,0
"3002",2010,"AB08",1,"ABGR",0,0,0,NA,NA,0
"3003",2010,"AB08",1,"ABLA",0,0,0,NA,NA,0
"3004",2010,"AB08",1,"ABPR",0,0,0,NA,NA,0
"3005",2010,"AB08",1,"ACGL",0,0,0,NA,NA,0
"3006",2010,"AB08",1,"ALRU",0,0,0,NA,NA,0
"3007",2010,"AB08",1,"CANO",0,0,0,NA,NA,0
"3008",2010,"AB08",1,"PICO",0,0,0,NA,NA,0
"3009",2010,"AB08",1,"PIEN",0,0,0,NA,NA,0
"3010",2010,"AB08",1,"PIMO",0,0,0,NA,NA,0
"3011",2010,"AB08",1,"PISI",0,0,0,NA,NA,0
"3012",2010,"AB08",1,"PSME",2,0,0,NA,NA,0
"3013",2010,"AB08",1,"TABR",0,0,0,NA,NA,0
"3014",2010,"AB08",1,"THPL",5,0,0,NA,NA,0
"3015",2010,"AB08",1,"TSHE",468,83,5,NA,NA,5
"3016",2010,"AB08",1,"TSME",0,0,0,NA,NA,0
"3017",2010,"AB08",2,"ABAM",1,0,0,NA,NA,0
"3018",2010,"AB08",2,"ABGR",0,0,0,NA,NA,0
"3019",2010,"AB08",2,"ABLA",0,0,0,NA,NA,0
"3020",2010,"AB08",2,"ABPR",0,0,0,NA,NA,0
"3021",2010,"AB08",2,"ACGL",0,0,0,NA,NA,0
"3022",2010,"AB08",2,"ALRU",0,0,0,NA,NA,0
"3023",2010,"AB08",2,"CANO",0,0,0,NA,NA,0
"3024",2010,"AB08",2,"PICO",0,0,0,NA,NA,0
"3025",2010,"AB08",2,"PIEN",0,0,0,NA,NA,0
"3026",2010,"AB08",2,"PIMO",0,0,0,NA,NA,0
"3027",2010,"AB08",2,"PISI",0,0,0,NA,NA,0
"3028",2010,"AB08",2,"PSME",1,0,0,NA,NA,0
"3029",2010,"AB08",2,"TABR",0,0,0,NA,NA,0
"3030",2010,"AB08",2,"THPL",10,0,0,NA,NA,0
"3031",2010,"AB08",2,"TSHE",372,29,8,NA,NA,5
"3032",2010,"AB08",2,"TSME",0,0,0,NA,NA,0
"3033",2010,"AB08",3,"ABAM",0,0,0,NA,NA,0
"3034",2010,"AB08",3,"ABGR",0,0,0,NA,NA,0
"3035",2010,"AB08",3,"ABLA",0,0,0,NA,NA,0
"3036",2010,"AB08",3,"ABPR",0,0,0,NA,NA,0
"3037",2010,"AB08",3,"ACGL",0,0,0,NA,NA,0
"3038",2010,"AB08",3,"ALRU",0,0,0,NA,NA,0
"3039",2010,"AB08",3,"CANO",0,0,0,NA,NA,0
"3040",2010,"AB08",3,"PICO",0,0,0,NA,NA,0
"3041",2010,"AB08",3,"PIEN",0,0,0,NA,NA,0
"3042",2010,"AB08",3,"PIMO",0,0,0,NA,NA,0
"3043",2010,"AB08",3,"PISI",0,0,0,NA,NA,0
"3044",2010,"AB08",3,"PSME",2,1,0,NA,NA,0
"3045",2010,"AB08",3,"TABR",0,0,0,NA,NA,0
"3046",2010,"AB08",3,"THPL",16,0,0,NA,NA,0
"3047",2010,"AB08",3,"TSHE",430,74,1,NA,NA,0
"3048",2010,"AB08",3,"TSME",0,0,0,NA,NA,0
"3049",2010,"AB08",4,"ABAM",0,0,0,NA,NA,0
"3050",2010,"AB08",4,"ABGR",0,0,0,NA,NA,0
"3051",2010,"AB08",4,"ABLA",0,0,0,NA,NA,0
"3052",2010,"AB08",4,"ABPR",0,0,0,NA,NA,0
"3053",2010,"AB08",4,"ACGL",0,0,0,NA,NA,0
"3054",2010,"AB08",4,"ALRU",0,0,0,NA,NA,0
"3055",2010,"AB08",4,"CANO",0,0,0,NA,NA,0
"3056",2010,"AB08",4,"PICO",0,0,0,NA,NA,0
"3057",2010,"AB08",4,"PIEN",0,0,0,NA,NA,0
"3058",2010,"AB08",4,"PIMO",0,0,0,NA,NA,0
"3059",2010,"AB08",4,"PISI",0,0,0,NA,NA,0
"3060",2010,"AB08",4,"PSME",3,1,0,NA,NA,0
"3061",2010,"AB08",4,"TABR",0,0,0,NA,NA,0
"3062",2010,"AB08",4,"THPL",9,0,0,NA,NA,0
"3063",2010,"AB08",4,"TSHE",363,88,5,NA,NA,2
"3064",2010,"AB08",4,"TSME",0,0,0,NA,NA,0
"3065",2010,"AB08",5,"ABAM",2,0,0,NA,NA,0
"3066",2010,"AB08",5,"ABGR",0,0,0,NA,NA,0
"3067",2010,"AB08",5,"ABLA",0,0,0,NA,NA,0
"3068",2010,"AB08",5,"ABPR",0,0,0,NA,NA,0
"3069",2010,"AB08",5,"ACGL",0,0,0,NA,NA,0
"3070",2010,"AB08",5,"ALRU",0,0,0,NA,NA,0
"3071",2010,"AB08",5,"CANO",0,0,0,NA,NA,0
"3072",2010,"AB08",5,"PICO",0,0,0,NA,NA,0
"3073",2010,"AB08",5,"PIEN",0,0,0,NA,NA,0
"3074",2010,"AB08",5,"PIMO",0,0,0,NA,NA,0
"3075",2010,"AB08",5,"PISI",0,0,0,NA,NA,0
"3076",2010,"AB08",5,"PSME",1,0,0,NA,NA,0
"3077",2010,"AB08",5,"TABR",0,0,0,NA,NA,0
"3078",2010,"AB08",5,"THPL",22,0,0,NA,NA,0
"3079",2010,"AB08",5,"TSHE",550,47,5,NA,NA,0
"3080",2010,"AB08",5,"TSME",0,0,0,NA,NA,0
"3081",2010,"AB08",6,"ABAM",0,0,0,NA,NA,0
"3082",2010,"AB08",6,"ABGR",0,0,0,NA,NA,0
"3083",2010,"AB08",6,"ABLA",0,0,0,NA,NA,0
"3084",2010,"AB08",6,"ABPR",0,0,0,NA,NA,0
"3085",2010,"AB08",6,"ACGL",0,0,0,NA,NA,0
"3086",2010,"AB08",6,"ALRU",0,0,0,NA,NA,0
"3087",2010,"AB08",6,"CANO",0,0,0,NA,NA,0
"3088",2010,"AB08",6,"PICO",0,0,0,NA,NA,0
"3089",2010,"AB08",6,"PIEN",0,0,0,NA,NA,0
"3090",2010,"AB08",6,"PIMO",0,0,0,NA,NA,0
"3091",2010,"AB08",6,"PISI",0,0,0,NA,NA,0
"3092",2010,"AB08",6,"PSME",8,0,0,NA,NA,0
"3093",2010,"AB08",6,"TABR",0,0,0,NA,NA,0
"3094",2010,"AB08",6,"THPL",16,0,2,NA,NA,0
"3095",2010,"AB08",6,"TSHE",503,112,20,NA,NA,4
"3096",2010,"AB08",6,"TSME",0,0,0,NA,NA,0
"3097",2010,"AE10",1,"ABAM",2,4,0,NA,NA,0
"3098",2010,"AE10",1,"ABGR",0,0,0,NA,NA,0
"3099",2010,"AE10",1,"ABLA",0,0,0,NA,NA,0
"3100",2010,"AE10",1,"ABPR",1,0,0,NA,NA,0
"3101",2010,"AE10",1,"ACGL",0,0,0,NA,NA,0
"3102",2010,"AE10",1,"ALRU",0,0,0,NA,NA,0
"3103",2010,"AE10",1,"CANO",0,0,0,NA,NA,0
"3104",2010,"AE10",1,"PICO",0,0,0,NA,NA,0
"3105",2010,"AE10",1,"PIEN",0,0,0,NA,NA,0
"3106",2010,"AE10",1,"PIMO",0,0,0,NA,NA,0
"3107",2010,"AE10",1,"PISI",0,0,0,NA,NA,0
"3108",2010,"AE10",1,"PSME",0,0,0,NA,NA,0
"3109",2010,"AE10",1,"TABR",0,0,0,NA,NA,0
"3110",2010,"AE10",1,"THPL",0,0,0,NA,NA,0
"3111",2010,"AE10",1,"TSHE",0,0,0,NA,NA,0
"3112",2010,"AE10",1,"TSME",5,0,0,NA,NA,0
"3113",2010,"AE10",2,"ABAM",0,1,0,NA,NA,0
"3114",2010,"AE10",2,"ABGR",0,0,0,NA,NA,0
"3115",2010,"AE10",2,"ABLA",0,0,0,NA,NA,0
"3116",2010,"AE10",2,"ABPR",0,2,0,NA,NA,0
"3117",2010,"AE10",2,"ACGL",0,0,0,NA,NA,0
"3118",2010,"AE10",2,"ALRU",0,0,0,NA,NA,0
"3119",2010,"AE10",2,"CANO",0,0,1,NA,NA,0
"3120",2010,"AE10",2,"PICO",0,0,0,NA,NA,0
"3121",2010,"AE10",2,"PIEN",0,0,0,NA,NA,0
"3122",2010,"AE10",2,"PIMO",0,0,0,NA,NA,0
"3123",2010,"AE10",2,"PISI",0,0,0,NA,NA,0
"3124",2010,"AE10",2,"PSME",0,0,0,NA,NA,0
"3125",2010,"AE10",2,"TABR",0,0,0,NA,NA,0
"3126",2010,"AE10",2,"THPL",0,0,0,NA,NA,0
"3127",2010,"AE10",2,"TSHE",0,0,0,NA,NA,0
"3128",2010,"AE10",2,"TSME",3,0,0,NA,NA,0
"3129",2010,"AE10",3,"ABAM",0,6,0,NA,NA,0
"3130",2010,"AE10",3,"ABGR",0,0,0,NA,NA,0
"3131",2010,"AE10",3,"ABLA",0,0,0,NA,NA,0
"3132",2010,"AE10",3,"ABPR",1,0,0,NA,NA,0
"3133",2010,"AE10",3,"ACGL",0,0,0,NA,NA,0
"3134",2010,"AE10",3,"ALRU",0,0,0,NA,NA,0
"3135",2010,"AE10",3,"CANO",1,0,0,NA,NA,0
"3136",2010,"AE10",3,"PICO",0,0,0,NA,NA,0
"3137",2010,"AE10",3,"PIEN",0,0,0,NA,NA,0
"3138",2010,"AE10",3,"PIMO",0,0,0,NA,NA,0
"3139",2010,"AE10",3,"PISI",0,0,0,NA,NA,0
"3140",2010,"AE10",3,"PSME",0,0,0,NA,NA,0
"3141",2010,"AE10",3,"TABR",0,0,0,NA,NA,0
"3142",2010,"AE10",3,"THPL",0,0,0,NA,NA,0
"3143",2010,"AE10",3,"TSHE",0,0,0,NA,NA,0
"3144",2010,"AE10",3,"TSME",2,0,0,NA,NA,0
"3145",2010,"AE10",4,"ABAM",1,4,0,NA,NA,0
"3146",2010,"AE10",4,"ABGR",0,0,0,NA,NA,0
"3147",2010,"AE10",4,"ABLA",0,0,0,NA,NA,0
"3148",2010,"AE10",4,"ABPR",0,0,0,NA,NA,0
"3149",2010,"AE10",4,"ACGL",0,0,0,NA,NA,0
"3150",2010,"AE10",4,"ALRU",0,0,0,NA,NA,0
"3151",2010,"AE10",4,"CANO",2,0,0,NA,NA,0
"3152",2010,"AE10",4,"PICO",0,0,0,NA,NA,0
"3153",2010,"AE10",4,"PIEN",0,0,0,NA,NA,0
"3154",2010,"AE10",4,"PIMO",0,0,0,NA,NA,0
"3155",2010,"AE10",4,"PISI",0,0,0,NA,NA,0
"3156",2010,"AE10",4,"PSME",0,0,0,NA,NA,0
"3157",2010,"AE10",4,"TABR",0,0,0,NA,NA,0
"3158",2010,"AE10",4,"THPL",0,0,0,NA,NA,0
"3159",2010,"AE10",4,"TSHE",0,0,0,NA,NA,0
"3160",2010,"AE10",4,"TSME",2,1,0,NA,NA,0
"3161",2010,"AE10",5,"ABAM",1,2,0,NA,NA,0
"3162",2010,"AE10",5,"ABGR",0,0,0,NA,NA,0
"3163",2010,"AE10",5,"ABLA",0,0,0,NA,NA,0
"3164",2010,"AE10",5,"ABPR",1,0,0,NA,NA,0
"3165",2010,"AE10",5,"ACGL",0,0,0,NA,NA,0
"3166",2010,"AE10",5,"ALRU",0,0,0,NA,NA,0
"3167",2010,"AE10",5,"CANO",0,0,0,NA,NA,0
"3168",2010,"AE10",5,"PICO",0,0,0,NA,NA,0
"3169",2010,"AE10",5,"PIEN",0,0,0,NA,NA,0
"3170",2010,"AE10",5,"PIMO",0,0,0,NA,NA,0
"3171",2010,"AE10",5,"PISI",0,0,0,NA,NA,0
"3172",2010,"AE10",5,"PSME",0,0,0,NA,NA,0
"3173",2010,"AE10",5,"TABR",0,0,0,NA,NA,0
"3174",2010,"AE10",5,"THPL",0,0,0,NA,NA,0
"3175",2010,"AE10",5,"TSHE",0,0,0,NA,NA,0
"3176",2010,"AE10",5,"TSME",4,0,0,NA,NA,0
"3177",2010,"AE10",6,"ABAM",1,0,0,NA,NA,0
"3178",2010,"AE10",6,"ABGR",0,0,0,NA,NA,0
"3179",2010,"AE10",6,"ABLA",0,0,0,NA,NA,0
"3180",2010,"AE10",6,"ABPR",1,0,0,NA,NA,0
"3181",2010,"AE10",6,"ACGL",0,0,0,NA,NA,0
"3182",2010,"AE10",6,"ALRU",0,0,0,NA,NA,0
"3183",2010,"AE10",6,"CANO",0,0,0,NA,NA,0
"3184",2010,"AE10",6,"PICO",0,0,0,NA,NA,0
"3185",2010,"AE10",6,"PIEN",0,0,0,NA,NA,0
"3186",2010,"AE10",6,"PIMO",0,0,0,NA,NA,0
"3187",2010,"AE10",6,"PISI",0,0,0,NA,NA,0
"3188",2010,"AE10",6,"PSME",0,0,0,NA,NA,0
"3189",2010,"AE10",6,"TABR",0,0,0,NA,NA,0
"3190",2010,"AE10",6,"THPL",0,0,0,NA,NA,0
"3191",2010,"AE10",6,"TSHE",0,0,0,NA,NA,0
"3192",2010,"AE10",6,"TSME",2,1,0,NA,NA,0
"3193",2010,"AG05",1,"ABAM",35,13,0,NA,NA,0
"3194",2010,"AG05",1,"ABGR",0,0,0,NA,NA,0
"3195",2010,"AG05",1,"ABLA",0,0,0,NA,NA,0
"3196",2010,"AG05",1,"ABPR",3,2,0,NA,NA,0
"3197",2010,"AG05",1,"ACGL",0,0,0,NA,NA,0
"3198",2010,"AG05",1,"ALRU",0,0,0,NA,NA,0
"3199",2010,"AG05",1,"CANO",0,0,0,NA,NA,0
"3200",2010,"AG05",1,"PICO",0,0,0,NA,NA,0
"3201",2010,"AG05",1,"PIEN",0,0,0,NA,NA,0
"3202",2010,"AG05",1,"PIMO",0,0,0,NA,NA,0
"3203",2010,"AG05",1,"PISI",0,0,0,NA,NA,0
"3204",2010,"AG05",1,"PSME",0,0,0,NA,NA,0
"3205",2010,"AG05",1,"TABR",0,0,0,NA,NA,0
"3206",2010,"AG05",1,"THPL",24,6,4,NA,NA,0
"3207",2010,"AG05",1,"TSHE",64,48,0,NA,NA,0
"3208",2010,"AG05",1,"TSME",0,0,0,NA,NA,0
"3209",2010,"AG05",2,"ABAM",13,12,0,NA,NA,0
"3210",2010,"AG05",2,"ABGR",0,0,0,NA,NA,0
"3211",2010,"AG05",2,"ABLA",0,0,0,NA,NA,0
"3212",2010,"AG05",2,"ABPR",5,4,0,NA,NA,0
"3213",2010,"AG05",2,"ACGL",0,0,0,NA,NA,0
"3214",2010,"AG05",2,"ALRU",0,0,0,NA,NA,0
"3215",2010,"AG05",2,"CANO",0,0,0,NA,NA,0
"3216",2010,"AG05",2,"PICO",0,0,0,NA,NA,0
"3217",2010,"AG05",2,"PIEN",0,0,0,NA,NA,0
"3218",2010,"AG05",2,"PIMO",0,0,0,NA,NA,0
"3219",2010,"AG05",2,"PISI",0,0,0,NA,NA,0
"3220",2010,"AG05",2,"PSME",5,1,0,NA,NA,0
"3221",2010,"AG05",2,"TABR",0,0,0,NA,NA,0
"3222",2010,"AG05",2,"THPL",18,7,4,NA,NA,3
"3223",2010,"AG05",2,"TSHE",91,56,0,NA,NA,0
"3224",2010,"AG05",2,"TSME",0,0,0,NA,NA,0
"3225",2010,"AG05",3,"ABAM",12,5,0,NA,NA,0
"3226",2010,"AG05",3,"ABGR",0,0,0,NA,NA,0
"3227",2010,"AG05",3,"ABLA",0,0,0,NA,NA,0
"3228",2010,"AG05",3,"ABPR",1,2,0,NA,NA,0
"3229",2010,"AG05",3,"ACGL",0,0,0,NA,NA,0
"3230",2010,"AG05",3,"ALRU",0,0,0,NA,NA,0
"3231",2010,"AG05",3,"CANO",0,0,0,NA,NA,0
"3232",2010,"AG05",3,"PICO",0,0,0,NA,NA,0
"3233",2010,"AG05",3,"PIEN",0,0,0,NA,NA,0
"3234",2010,"AG05",3,"PIMO",0,0,0,NA,NA,0
"3235",2010,"AG05",3,"PISI",0,0,0,NA,NA,0
"3236",2010,"AG05",3,"PSME",3,0,0,NA,NA,0
"3237",2010,"AG05",3,"TABR",0,0,0,NA,NA,0
"3238",2010,"AG05",3,"THPL",13,6,7,NA,NA,10
"3239",2010,"AG05",3,"TSHE",59,57,1,NA,NA,1
"3240",2010,"AG05",3,"TSME",0,0,0,NA,NA,0
"3241",2010,"AG05",4,"ABAM",8,12,0,NA,NA,0
"3242",2010,"AG05",4,"ABGR",0,0,0,NA,NA,0
"3243",2010,"AG05",4,"ABLA",0,0,0,NA,NA,0
"3244",2010,"AG05",4,"ABPR",3,6,0,NA,NA,0
"3245",2010,"AG05",4,"ACGL",0,0,0,NA,NA,0
"3246",2010,"AG05",4,"ALRU",0,0,0,NA,NA,0
"3247",2010,"AG05",4,"CANO",0,0,0,NA,NA,0
"3248",2010,"AG05",4,"PICO",0,0,0,NA,NA,0
"3249",2010,"AG05",4,"PIEN",0,0,0,NA,NA,0
"3250",2010,"AG05",4,"PIMO",0,0,0,NA,NA,0
"3251",2010,"AG05",4,"PISI",0,0,0,NA,NA,0
"3252",2010,"AG05",4,"PSME",5,1,0,NA,NA,0
"3253",2010,"AG05",4,"TABR",0,0,0,NA,NA,0
"3254",2010,"AG05",4,"THPL",29,7,21,NA,NA,29
"3255",2010,"AG05",4,"TSHE",79,77,0,NA,NA,0
"3256",2010,"AG05",4,"TSME",0,0,0,NA,NA,0
"3257",2010,"AG05",5,"ABAM",16,7,0,NA,NA,0
"3258",2010,"AG05",5,"ABGR",0,0,0,NA,NA,0
"3259",2010,"AG05",5,"ABLA",0,0,0,NA,NA,0
"3260",2010,"AG05",5,"ABPR",4,1,0,NA,NA,0
"3261",2010,"AG05",5,"ACGL",0,0,0,NA,NA,0
"3262",2010,"AG05",5,"ALRU",0,0,0,NA,NA,0
"3263",2010,"AG05",5,"CANO",0,0,0,NA,NA,0
"3264",2010,"AG05",5,"PICO",0,0,0,NA,NA,0
"3265",2010,"AG05",5,"PIEN",0,0,0,NA,NA,0
"3266",2010,"AG05",5,"PIMO",0,0,0,NA,NA,0
"3267",2010,"AG05",5,"PISI",0,0,0,NA,NA,0
"3268",2010,"AG05",5,"PSME",3,1,0,NA,NA,0
"3269",2010,"AG05",5,"TABR",0,0,0,NA,NA,0
"3270",2010,"AG05",5,"THPL",27,2,19,NA,NA,0
"3271",2010,"AG05",5,"TSHE",37,22,0,NA,NA,0
"3272",2010,"AG05",5,"TSME",0,0,0,NA,NA,0
"3273",2010,"AG05",6,"ABAM",15,15,0,NA,NA,0
"3274",2010,"AG05",6,"ABGR",0,0,0,NA,NA,0
"3275",2010,"AG05",6,"ABLA",0,0,0,NA,NA,0
"3276",2010,"AG05",6,"ABPR",3,2,0,NA,NA,0
"3277",2010,"AG05",6,"ACGL",0,0,0,NA,NA,0
"3278",2010,"AG05",6,"ALRU",0,0,0,NA,NA,0
"3279",2010,"AG05",6,"CANO",0,0,0,NA,NA,0
"3280",2010,"AG05",6,"PICO",0,0,0,NA,NA,0
"3281",2010,"AG05",6,"PIEN",0,0,0,NA,NA,0
"3282",2010,"AG05",6,"PIMO",0,0,0,NA,NA,0
"3283",2010,"AG05",6,"PISI",0,0,0,NA,NA,0
"3284",2010,"AG05",6,"PSME",4,3,1,NA,NA,7
"3285",2010,"AG05",6,"TABR",0,0,0,NA,NA,0
"3286",2010,"AG05",6,"THPL",22,4,10,NA,NA,16
"3287",2010,"AG05",6,"TSHE",115,67,0,NA,NA,0
"3288",2010,"AG05",6,"TSME",0,0,0,NA,NA,0
"3289",2010,"AM16",1,"ABAM",1,0,0,NA,NA,0
"3290",2010,"AM16",1,"ABGR",0,0,0,NA,NA,0
"3291",2010,"AM16",1,"ABLA",0,0,0,NA,NA,0
"3292",2010,"AM16",1,"ABPR",0,0,0,NA,NA,0
"3293",2010,"AM16",1,"ACGL",0,0,0,NA,NA,0
"3294",2010,"AM16",1,"ALRU",0,0,0,NA,NA,0
"3295",2010,"AM16",1,"CANO",2,0,1,NA,NA,0
"3296",2010,"AM16",1,"PICO",0,0,0,NA,NA,0
"3297",2010,"AM16",1,"PIEN",0,0,0,NA,NA,0
"3298",2010,"AM16",1,"PIMO",0,0,0,NA,NA,0
"3299",2010,"AM16",1,"PISI",0,0,0,NA,NA,0
"3300",2010,"AM16",1,"PSME",0,0,0,NA,NA,0
"3301",2010,"AM16",1,"TABR",0,0,0,NA,NA,0
"3302",2010,"AM16",1,"THPL",0,0,0,NA,NA,0
"3303",2010,"AM16",1,"TSHE",38,33,1,NA,NA,0
"3304",2010,"AM16",1,"TSME",28,4,0,NA,NA,0
"3305",2010,"AM16",2,"ABAM",0,0,0,NA,NA,0
"3306",2010,"AM16",2,"ABGR",0,0,0,NA,NA,0
"3307",2010,"AM16",2,"ABLA",0,0,0,NA,NA,0
"3308",2010,"AM16",2,"ABPR",0,0,0,NA,NA,0
"3309",2010,"AM16",2,"ACGL",0,0,0,NA,NA,0
"3310",2010,"AM16",2,"ALRU",0,0,0,NA,NA,0
"3311",2010,"AM16",2,"CANO",0,1,1,NA,NA,0
"3312",2010,"AM16",2,"PICO",0,0,0,NA,NA,0
"3313",2010,"AM16",2,"PIEN",0,0,0,NA,NA,0
"3314",2010,"AM16",2,"PIMO",0,0,0,NA,NA,0
"3315",2010,"AM16",2,"PISI",0,0,0,NA,NA,0
"3316",2010,"AM16",2,"PSME",0,0,0,NA,NA,0
"3317",2010,"AM16",2,"TABR",0,0,0,NA,NA,0
"3318",2010,"AM16",2,"THPL",0,0,0,NA,NA,0
"3319",2010,"AM16",2,"TSHE",56,54,2,NA,NA,0
"3320",2010,"AM16",2,"TSME",38,10,0,NA,NA,0
"3321",2010,"AM16",3,"ABAM",4,1,0,NA,NA,0
"3322",2010,"AM16",3,"ABGR",0,0,0,NA,NA,0
"3323",2010,"AM16",3,"ABLA",0,0,0,NA,NA,0
"3324",2010,"AM16",3,"ABPR",0,0,0,NA,NA,0
"3325",2010,"AM16",3,"ACGL",0,0,0,NA,NA,0
"3326",2010,"AM16",3,"ALRU",0,0,0,NA,NA,0
"3327",2010,"AM16",3,"CANO",0,0,0,NA,NA,0
"3328",2010,"AM16",3,"PICO",0,0,0,NA,NA,0
"3329",2010,"AM16",3,"PIEN",0,0,0,NA,NA,0
"3330",2010,"AM16",3,"PIMO",0,0,0,NA,NA,0
"3331",2010,"AM16",3,"PISI",0,0,0,NA,NA,0
"3332",2010,"AM16",3,"PSME",0,0,0,NA,NA,0
"3333",2010,"AM16",3,"TABR",0,0,0,NA,NA,0
"3334",2010,"AM16",3,"THPL",0,0,0,NA,NA,0
"3335",2010,"AM16",3,"TSHE",79,41,0,NA,NA,0
"3336",2010,"AM16",3,"TSME",50,15,1,NA,NA,3
"3337",2010,"AM16",4,"ABAM",0,0,0,NA,NA,0
"3338",2010,"AM16",4,"ABGR",0,0,0,NA,NA,0
"3339",2010,"AM16",4,"ABLA",0,0,0,NA,NA,0
"3340",2010,"AM16",4,"ABPR",0,0,0,NA,NA,0
"3341",2010,"AM16",4,"ACGL",0,0,0,NA,NA,0
"3342",2010,"AM16",4,"ALRU",0,0,0,NA,NA,0
"3343",2010,"AM16",4,"CANO",1,0,0,NA,NA,0
"3344",2010,"AM16",4,"PICO",0,0,0,NA,NA,0
"3345",2010,"AM16",4,"PIEN",0,0,0,NA,NA,0
"3346",2010,"AM16",4,"PIMO",0,0,0,NA,NA,0
"3347",2010,"AM16",4,"PISI",0,0,0,NA,NA,0
"3348",2010,"AM16",4,"PSME",1,0,0,NA,NA,0
"3349",2010,"AM16",4,"TABR",0,0,0,NA,NA,0
"3350",2010,"AM16",4,"THPL",0,0,0,NA,NA,0
"3351",2010,"AM16",4,"TSHE",83,45,0,NA,NA,0
"3352",2010,"AM16",4,"TSME",67,15,3,NA,NA,41
"3353",2010,"AM16",5,"ABAM",1,1,0,NA,NA,0
"3354",2010,"AM16",5,"ABGR",0,0,0,NA,NA,0
"3355",2010,"AM16",5,"ABLA",0,0,0,NA,NA,0
"3356",2010,"AM16",5,"ABPR",0,0,0,NA,NA,0
"3357",2010,"AM16",5,"ACGL",0,0,0,NA,NA,0
"3358",2010,"AM16",5,"ALRU",0,0,0,NA,NA,0
"3359",2010,"AM16",5,"CANO",3,2,3,NA,NA,0
"3360",2010,"AM16",5,"PICO",0,0,0,NA,NA,0
"3361",2010,"AM16",5,"PIEN",0,0,0,NA,NA,0
"3362",2010,"AM16",5,"PIMO",0,0,0,NA,NA,0
"3363",2010,"AM16",5,"PISI",0,0,0,NA,NA,0
"3364",2010,"AM16",5,"PSME",1,0,0,NA,NA,0
"3365",2010,"AM16",5,"TABR",0,0,0,NA,NA,0
"3366",2010,"AM16",5,"THPL",0,0,0,NA,NA,0
"3367",2010,"AM16",5,"TSHE",44,64,0,NA,NA,0
"3368",2010,"AM16",5,"TSME",42,14,2,NA,NA,1
"3369",2010,"AM16",6,"ABAM",0,2,0,NA,NA,0
"3370",2010,"AM16",6,"ABGR",0,0,0,NA,NA,0
"3371",2010,"AM16",6,"ABLA",0,0,0,NA,NA,0
"3372",2010,"AM16",6,"ABPR",0,0,0,NA,NA,0
"3373",2010,"AM16",6,"ACGL",0,0,0,NA,NA,0
"3374",2010,"AM16",6,"ALRU",0,0,0,NA,NA,0
"3375",2010,"AM16",6,"CANO",2,0,1,NA,NA,0
"3376",2010,"AM16",6,"PICO",0,0,0,NA,NA,0
"3377",2010,"AM16",6,"PIEN",0,0,0,NA,NA,0
"3378",2010,"AM16",6,"PIMO",0,0,0,NA,NA,0
"3379",2010,"AM16",6,"PISI",0,0,0,NA,NA,0
"3380",2010,"AM16",6,"PSME",0,0,0,NA,NA,0
"3381",2010,"AM16",6,"TABR",0,0,0,NA,NA,0
"3382",2010,"AM16",6,"THPL",0,0,0,NA,NA,0
"3383",2010,"AM16",6,"TSHE",39,61,0,NA,NA,0
"3384",2010,"AM16",6,"TSME",22,12,0,NA,NA,0
"3385",2010,"AO03",1,"ABAM",5,0,0,NA,NA,0
"3386",2010,"AO03",1,"ABGR",0,0,0,NA,NA,0
"3387",2010,"AO03",1,"ABLA",0,0,0,NA,NA,0
"3388",2010,"AO03",1,"ABPR",0,0,0,NA,NA,0
"3389",2010,"AO03",1,"ACGL",0,0,0,NA,NA,0
"3390",2010,"AO03",1,"ALRU",0,0,0,NA,NA,0
"3391",2010,"AO03",1,"CANO",0,0,0,NA,NA,0
"3392",2010,"AO03",1,"PICO",0,0,0,NA,NA,0
"3393",2010,"AO03",1,"PIEN",0,0,0,NA,NA,0
"3394",2010,"AO03",1,"PIMO",0,0,0,NA,NA,0
"3395",2010,"AO03",1,"PISI",0,0,0,NA,NA,0
"3396",2010,"AO03",1,"PSME",3,0,0,NA,NA,0
"3397",2010,"AO03",1,"TABR",0,0,0,NA,NA,0
"3398",2010,"AO03",1,"THPL",52,9,9,NA,NA,0
"3399",2010,"AO03",1,"TSHE",120,203,3,NA,NA,0
"3400",2010,"AO03",1,"TSME",0,0,0,NA,NA,0
"3401",2010,"AO03",2,"ABAM",18,8,0,NA,NA,0
"3402",2010,"AO03",2,"ABGR",0,0,0,NA,NA,0
"3403",2010,"AO03",2,"ABLA",0,0,0,NA,NA,0
"3404",2010,"AO03",2,"ABPR",2,0,0,NA,NA,0
"3405",2010,"AO03",2,"ACGL",0,0,0,NA,NA,0
"3406",2010,"AO03",2,"ALRU",0,0,0,NA,NA,0
"3407",2010,"AO03",2,"CANO",0,0,0,NA,NA,0
"3408",2010,"AO03",2,"PICO",0,0,0,NA,NA,0
"3409",2010,"AO03",2,"PIEN",0,0,0,NA,NA,0
"3410",2010,"AO03",2,"PIMO",0,0,0,NA,NA,0
"3411",2010,"AO03",2,"PISI",0,0,0,NA,NA,0
"3412",2010,"AO03",2,"PSME",6,6,0,NA,NA,0
"3413",2010,"AO03",2,"TABR",0,0,0,NA,NA,0
"3414",2010,"AO03",2,"THPL",134,3,11,NA,NA,10
"3415",2010,"AO03",2,"TSHE",108,285,12,NA,NA,0
"3416",2010,"AO03",2,"TSME",0,0,0,NA,NA,0
"3417",2010,"AO03",3,"ABAM",8,1,0,NA,NA,0
"3418",2010,"AO03",3,"ABGR",0,0,0,NA,NA,0
"3419",2010,"AO03",3,"ABLA",0,0,0,NA,NA,0
"3420",2010,"AO03",3,"ABPR",0,0,0,NA,NA,0
"3421",2010,"AO03",3,"ACGL",0,0,0,NA,NA,0
"3422",2010,"AO03",3,"ALRU",0,0,0,NA,NA,0
"3423",2010,"AO03",3,"CANO",0,0,0,NA,NA,0
"3424",2010,"AO03",3,"PICO",0,0,0,NA,NA,0
"3425",2010,"AO03",3,"PIEN",0,0,0,NA,NA,0
"3426",2010,"AO03",3,"PIMO",0,0,0,NA,NA,0
"3427",2010,"AO03",3,"PISI",0,0,0,NA,NA,0
"3428",2010,"AO03",3,"PSME",15,0,0,NA,NA,0
"3429",2010,"AO03",3,"TABR",0,0,0,NA,NA,0
"3430",2010,"AO03",3,"THPL",72,1,12,NA,NA,19
"3431",2010,"AO03",3,"TSHE",255,380,53,NA,NA,58
"3432",2010,"AO03",3,"TSME",0,0,0,NA,NA,0
"3433",2010,"AO03",4,"ABAM",8,5,0,NA,NA,0
"3434",2010,"AO03",4,"ABGR",0,0,0,NA,NA,0
"3435",2010,"AO03",4,"ABLA",0,0,0,NA,NA,0
"3436",2010,"AO03",4,"ABPR",0,0,0,NA,NA,0
"3437",2010,"AO03",4,"ACGL",0,0,0,NA,NA,0
"3438",2010,"AO03",4,"ALRU",0,0,0,NA,NA,0
"3439",2010,"AO03",4,"CANO",0,0,0,NA,NA,0
"3440",2010,"AO03",4,"PICO",0,0,0,NA,NA,0
"3441",2010,"AO03",4,"PIEN",0,0,0,NA,NA,0
"3442",2010,"AO03",4,"PIMO",0,0,0,NA,NA,0
"3443",2010,"AO03",4,"PISI",0,0,0,NA,NA,0
"3444",2010,"AO03",4,"PSME",21,10,0,NA,NA,0
"3445",2010,"AO03",4,"TABR",0,0,0,NA,NA,0
"3446",2010,"AO03",4,"THPL",105,6,8,NA,NA,10
"3447",2010,"AO03",4,"TSHE",232,274,24,NA,NA,56
"3448",2010,"AO03",4,"TSME",0,0,0,NA,NA,0
"3449",2010,"AO03",5,"ABAM",2,0,0,NA,NA,0
"3450",2010,"AO03",5,"ABGR",0,0,0,NA,NA,0
"3451",2010,"AO03",5,"ABLA",0,0,0,NA,NA,0
"3452",2010,"AO03",5,"ABPR",0,0,0,NA,NA,0
"3453",2010,"AO03",5,"ACGL",0,0,0,NA,NA,0
"3454",2010,"AO03",5,"ALRU",0,0,0,NA,NA,0
"3455",2010,"AO03",5,"CANO",0,0,0,NA,NA,0
"3456",2010,"AO03",5,"PICO",0,0,0,NA,NA,0
"3457",2010,"AO03",5,"PIEN",0,0,0,NA,NA,0
"3458",2010,"AO03",5,"PIMO",0,0,0,NA,NA,0
"3459",2010,"AO03",5,"PISI",0,0,0,NA,NA,0
"3460",2010,"AO03",5,"PSME",12,0,4,NA,NA,16
"3461",2010,"AO03",5,"TABR",0,0,0,NA,NA,0
"3462",2010,"AO03",5,"THPL",46,3,0,NA,NA,0
"3463",2010,"AO03",5,"TSHE",182,59,4,NA,NA,3
"3464",2010,"AO03",5,"TSME",0,0,0,NA,NA,0
"3465",2010,"AO03",6,"ABAM",10,0,0,NA,NA,0
"3466",2010,"AO03",6,"ABGR",0,0,0,NA,NA,0
"3467",2010,"AO03",6,"ABLA",0,0,0,NA,NA,0
"3468",2010,"AO03",6,"ABPR",1,0,0,NA,NA,0
"3469",2010,"AO03",6,"ACGL",0,0,0,NA,NA,0
"3470",2010,"AO03",6,"ALRU",0,0,0,NA,NA,0
"3471",2010,"AO03",6,"CANO",0,0,0,NA,NA,0
"3472",2010,"AO03",6,"PICO",0,0,0,NA,NA,0
"3473",2010,"AO03",6,"PIEN",0,0,0,NA,NA,0
"3474",2010,"AO03",6,"PIMO",0,0,0,NA,NA,0
"3475",2010,"AO03",6,"PISI",0,0,0,NA,NA,0
"3476",2010,"AO03",6,"PSME",19,3,2,NA,NA,15
"3477",2010,"AO03",6,"TABR",0,0,0,NA,NA,0
"3478",2010,"AO03",6,"THPL",25,2,2,NA,NA,0
"3479",2010,"AO03",6,"TSHE",131,47,1,NA,NA,16
"3480",2010,"AO03",6,"TSME",0,0,0,NA,NA,0
"3481",2010,"AR07",1,"ABAM",0,0,0,NA,NA,0
"3482",2010,"AR07",1,"ABGR",0,0,0,NA,NA,0
"3483",2010,"AR07",1,"ABLA",0,0,0,NA,NA,0
"3484",2010,"AR07",1,"ABPR",0,0,0,NA,NA,0
"3485",2010,"AR07",1,"ACGL",0,0,0,NA,NA,0
"3486",2010,"AR07",1,"ALRU",0,0,0,NA,NA,0
"3487",2010,"AR07",1,"CANO",4,0,1,NA,NA,0
"3488",2010,"AR07",1,"PICO",0,0,0,NA,NA,0
"3489",2010,"AR07",1,"PIEN",0,0,0,NA,NA,0
"3490",2010,"AR07",1,"PIMO",0,0,0,NA,NA,0
"3491",2010,"AR07",1,"PISI",0,0,0,NA,NA,0
"3492",2010,"AR07",1,"PSME",0,0,0,NA,NA,0
"3493",2010,"AR07",1,"TABR",0,0,0,NA,NA,0
"3494",2010,"AR07",1,"THPL",0,0,0,NA,NA,0
"3495",2010,"AR07",1,"TSHE",0,0,0,NA,NA,0
"3496",2010,"AR07",1,"TSME",37,8,1,NA,NA,23
"3497",2010,"AR07",2,"ABAM",0,1,0,NA,NA,0
"3498",2010,"AR07",2,"ABGR",0,0,0,NA,NA,0
"3499",2010,"AR07",2,"ABLA",0,0,0,NA,NA,0
"3500",2010,"AR07",2,"ABPR",1,0,0,NA,NA,0
"3501",2010,"AR07",2,"ACGL",0,0,0,NA,NA,0
"3502",2010,"AR07",2,"ALRU",0,0,0,NA,NA,0
"3503",2010,"AR07",2,"CANO",6,0,0,NA,NA,0
"3504",2010,"AR07",2,"PICO",0,0,0,NA,NA,0
"3505",2010,"AR07",2,"PIEN",0,0,0,NA,NA,0
"3506",2010,"AR07",2,"PIMO",0,0,0,NA,NA,0
"3507",2010,"AR07",2,"PISI",0,0,0,NA,NA,0
"3508",2010,"AR07",2,"PSME",0,0,0,NA,NA,0
"3509",2010,"AR07",2,"TABR",0,0,0,NA,NA,0
"3510",2010,"AR07",2,"THPL",0,0,0,NA,NA,0
"3511",2010,"AR07",2,"TSHE",1,0,0,NA,NA,0
"3512",2010,"AR07",2,"TSME",28,2,0,NA,NA,0
"3513",2010,"AR07",3,"ABAM",0,0,0,NA,NA,0
"3514",2010,"AR07",3,"ABGR",0,0,0,NA,NA,0
"3515",2010,"AR07",3,"ABLA",0,0,0,NA,NA,0
"3516",2010,"AR07",3,"ABPR",0,0,0,NA,NA,0
"3517",2010,"AR07",3,"ACGL",0,0,0,NA,NA,0
"3518",2010,"AR07",3,"ALRU",0,0,0,NA,NA,0
"3519",2010,"AR07",3,"CANO",1,0,0,NA,NA,0
"3520",2010,"AR07",3,"PICO",0,0,0,NA,NA,0
"3521",2010,"AR07",3,"PIEN",0,0,0,NA,NA,0
"3522",2010,"AR07",3,"PIMO",0,0,0,NA,NA,0
"3523",2010,"AR07",3,"PISI",0,0,0,NA,NA,0
"3524",2010,"AR07",3,"PSME",0,0,0,NA,NA,0
"3525",2010,"AR07",3,"TABR",0,0,0,NA,NA,0
"3526",2010,"AR07",3,"THPL",0,0,0,NA,NA,0
"3527",2010,"AR07",3,"TSHE",0,0,0,NA,NA,0
"3528",2010,"AR07",3,"TSME",38,0,0,NA,NA,0
"3529",2010,"AR07",4,"ABAM",0,0,0,NA,NA,0
"3530",2010,"AR07",4,"ABGR",0,0,0,NA,NA,0
"3531",2010,"AR07",4,"ABLA",0,0,0,NA,NA,0
"3532",2010,"AR07",4,"ABPR",0,0,0,NA,NA,0
"3533",2010,"AR07",4,"ACGL",0,0,0,NA,NA,0
"3534",2010,"AR07",4,"ALRU",0,0,0,NA,NA,0
"3535",2010,"AR07",4,"CANO",1,0,0,NA,NA,0
"3536",2010,"AR07",4,"PICO",0,0,0,NA,NA,0
"3537",2010,"AR07",4,"PIEN",0,0,0,NA,NA,0
"3538",2010,"AR07",4,"PIMO",0,0,0,NA,NA,0
"3539",2010,"AR07",4,"PISI",0,0,0,NA,NA,0
"3540",2010,"AR07",4,"PSME",0,0,0,NA,NA,0
"3541",2010,"AR07",4,"TABR",0,0,0,NA,NA,0
"3542",2010,"AR07",4,"THPL",0,0,0,NA,NA,0
"3543",2010,"AR07",4,"TSHE",0,0,0,NA,NA,0
"3544",2010,"AR07",4,"TSME",21,0,0,NA,NA,0
"3545",2010,"AR07",5,"ABAM",1,1,0,NA,NA,0
"3546",2010,"AR07",5,"ABGR",0,0,0,NA,NA,0
"3547",2010,"AR07",5,"ABLA",0,0,0,NA,NA,0
"3548",2010,"AR07",5,"ABPR",0,1,0,NA,NA,0
"3549",2010,"AR07",5,"ACGL",0,0,0,NA,NA,0
"3550",2010,"AR07",5,"ALRU",0,0,0,NA,NA,0
"3551",2010,"AR07",5,"CANO",6,0,0,NA,NA,0
"3552",2010,"AR07",5,"PICO",0,0,0,NA,NA,0
"3553",2010,"AR07",5,"PIEN",0,0,0,NA,NA,0
"3554",2010,"AR07",5,"PIMO",0,0,0,NA,NA,0
"3555",2010,"AR07",5,"PISI",0,0,0,NA,NA,0
"3556",2010,"AR07",5,"PSME",0,0,0,NA,NA,0
"3557",2010,"AR07",5,"TABR",0,0,0,NA,NA,0
"3558",2010,"AR07",5,"THPL",0,0,0,NA,NA,0
"3559",2010,"AR07",5,"TSHE",2,0,0,NA,NA,0
"3560",2010,"AR07",5,"TSME",38,1,1,NA,NA,18
"3561",2010,"AR07",6,"ABAM",0,0,0,NA,NA,0
"3562",2010,"AR07",6,"ABGR",0,0,0,NA,NA,0
"3563",2010,"AR07",6,"ABLA",0,0,0,NA,NA,0
"3564",2010,"AR07",6,"ABPR",0,0,0,NA,NA,0
"3565",2010,"AR07",6,"ACGL",0,0,0,NA,NA,0
"3566",2010,"AR07",6,"ALRU",0,0,0,NA,NA,0
"3567",2010,"AR07",6,"CANO",4,0,0,NA,NA,0
"3568",2010,"AR07",6,"PICO",0,0,0,NA,NA,0
"3569",2010,"AR07",6,"PIEN",0,0,0,NA,NA,0
"3570",2010,"AR07",6,"PIMO",0,0,0,NA,NA,0
"3571",2010,"AR07",6,"PISI",0,0,0,NA,NA,0
"3572",2010,"AR07",6,"PSME",0,0,0,NA,NA,0
"3573",2010,"AR07",6,"TABR",0,0,0,NA,NA,0
"3574",2010,"AR07",6,"THPL",0,0,0,NA,NA,0
"3575",2010,"AR07",6,"TSHE",3,0,0,NA,NA,0
"3576",2010,"AR07",6,"TSME",27,0,1,NA,NA,0
"3577",2010,"AV02",1,"ABAM",9,0,0,NA,NA,0
"3578",2010,"AV02",1,"ABGR",0,0,0,NA,NA,0
"3579",2010,"AV02",1,"ABLA",0,0,0,NA,NA,0
"3580",2010,"AV02",1,"ABPR",0,1,0,NA,NA,0
"3581",2010,"AV02",1,"ACGL",0,0,0,NA,NA,0
"3582",2010,"AV02",1,"ALRU",0,0,0,NA,NA,0
"3583",2010,"AV02",1,"CANO",0,0,0,NA,NA,0
"3584",2010,"AV02",1,"PICO",0,0,0,NA,NA,0
"3585",2010,"AV02",1,"PIEN",0,0,0,NA,NA,0
"3586",2010,"AV02",1,"PIMO",0,0,0,NA,NA,0
"3587",2010,"AV02",1,"PISI",0,0,0,NA,NA,0
"3588",2010,"AV02",1,"PSME",0,0,0,NA,NA,0
"3589",2010,"AV02",1,"TABR",0,0,0,NA,NA,0
"3590",2010,"AV02",1,"THPL",0,0,0,NA,NA,0
"3591",2010,"AV02",1,"TSHE",145,245,22,NA,NA,13
"3592",2010,"AV02",1,"TSME",0,0,0,NA,NA,0
"3593",2010,"AV02",2,"ABAM",27,4,0,NA,NA,0
"3594",2010,"AV02",2,"ABGR",0,0,0,NA,NA,0
"3595",2010,"AV02",2,"ABLA",0,0,0,NA,NA,0
"3596",2010,"AV02",2,"ABPR",0,0,0,NA,NA,0
"3597",2010,"AV02",2,"ACGL",0,0,0,NA,NA,0
"3598",2010,"AV02",2,"ALRU",0,0,0,NA,NA,0
"3599",2010,"AV02",2,"CANO",0,0,0,NA,NA,0
"3600",2010,"AV02",2,"PICO",0,0,0,NA,NA,0
"3601",2010,"AV02",2,"PIEN",0,0,0,NA,NA,0
"3602",2010,"AV02",2,"PIMO",0,0,0,NA,NA,0
"3603",2010,"AV02",2,"PISI",0,0,0,NA,NA,0
"3604",2010,"AV02",2,"PSME",1,0,0,NA,NA,0
"3605",2010,"AV02",2,"TABR",0,0,0,NA,NA,0
"3606",2010,"AV02",2,"THPL",1,0,0,NA,NA,0
"3607",2010,"AV02",2,"TSHE",232,142,9,NA,NA,6
"3608",2010,"AV02",2,"TSME",0,0,0,NA,NA,0
"3609",2010,"AV02",3,"ABAM",14,5,0,NA,NA,0
"3610",2010,"AV02",3,"ABGR",0,0,0,NA,NA,0
"3611",2010,"AV02",3,"ABLA",0,0,0,NA,NA,0
"3612",2010,"AV02",3,"ABPR",0,0,0,NA,NA,0
"3613",2010,"AV02",3,"ACGL",0,0,0,NA,NA,0
"3614",2010,"AV02",3,"ALRU",0,0,0,NA,NA,0
"3615",2010,"AV02",3,"CANO",0,0,0,NA,NA,0
"3616",2010,"AV02",3,"PICO",0,0,0,NA,NA,0
"3617",2010,"AV02",3,"PIEN",0,0,0,NA,NA,0
"3618",2010,"AV02",3,"PIMO",0,0,0,NA,NA,0
"3619",2010,"AV02",3,"PISI",0,0,0,NA,NA,0
"3620",2010,"AV02",3,"PSME",1,0,0,NA,NA,0
"3621",2010,"AV02",3,"TABR",0,0,0,NA,NA,0
"3622",2010,"AV02",3,"THPL",1,0,0,NA,NA,0
"3623",2010,"AV02",3,"TSHE",103,322,12,NA,NA,1
"3624",2010,"AV02",3,"TSME",0,0,0,NA,NA,0
"3625",2010,"AV02",4,"ABAM",16,7,0,NA,NA,0
"3626",2010,"AV02",4,"ABGR",0,0,0,NA,NA,0
"3627",2010,"AV02",4,"ABLA",0,0,0,NA,NA,0
"3628",2010,"AV02",4,"ABPR",0,0,0,NA,NA,0
"3629",2010,"AV02",4,"ACGL",0,0,0,NA,NA,0
"3630",2010,"AV02",4,"ALRU",0,0,0,NA,NA,0
"3631",2010,"AV02",4,"CANO",0,0,0,NA,NA,0
"3632",2010,"AV02",4,"PICO",0,0,0,NA,NA,0
"3633",2010,"AV02",4,"PIEN",0,0,0,NA,NA,0
"3634",2010,"AV02",4,"PIMO",0,0,0,NA,NA,0
"3635",2010,"AV02",4,"PISI",0,0,0,NA,NA,0
"3636",2010,"AV02",4,"PSME",2,0,0,NA,NA,0
"3637",2010,"AV02",4,"TABR",0,0,0,NA,NA,0
"3638",2010,"AV02",4,"THPL",1,0,0,NA,NA,0
"3639",2010,"AV02",4,"TSHE",63,343,13,NA,NA,5
"3640",2010,"AV02",4,"TSME",0,0,0,NA,NA,0
"3641",2010,"AV02",5,"ABAM",41,14,0,NA,NA,0
"3642",2010,"AV02",5,"ABGR",0,0,0,NA,NA,0
"3643",2010,"AV02",5,"ABLA",0,0,0,NA,NA,0
"3644",2010,"AV02",5,"ABPR",1,4,0,NA,NA,0
"3645",2010,"AV02",5,"ACGL",0,0,0,NA,NA,0
"3646",2010,"AV02",5,"ALRU",0,0,0,NA,NA,0
"3647",2010,"AV02",5,"CANO",0,0,0,NA,NA,0
"3648",2010,"AV02",5,"PICO",0,0,0,NA,NA,0
"3649",2010,"AV02",5,"PIEN",0,0,0,NA,NA,0
"3650",2010,"AV02",5,"PIMO",0,0,0,NA,NA,0
"3651",2010,"AV02",5,"PISI",0,0,0,NA,NA,0
"3652",2010,"AV02",5,"PSME",3,2,0,NA,NA,0
"3653",2010,"AV02",5,"TABR",0,0,0,NA,NA,0
"3654",2010,"AV02",5,"THPL",2,0,0,NA,NA,0
"3655",2010,"AV02",5,"TSHE",167,368,8,NA,NA,12
"3656",2010,"AV02",5,"TSME",0,0,0,NA,NA,0
"3657",2010,"AV02",6,"ABAM",41,9,0,NA,NA,0
"3658",2010,"AV02",6,"ABGR",0,0,0,NA,NA,0
"3659",2010,"AV02",6,"ABLA",0,0,0,NA,NA,0
"3660",2010,"AV02",6,"ABPR",5,1,0,NA,NA,0
"3661",2010,"AV02",6,"ACGL",0,0,0,NA,NA,0
"3662",2010,"AV02",6,"ALRU",0,0,0,NA,NA,0
"3663",2010,"AV02",6,"CANO",0,0,0,NA,NA,0
"3664",2010,"AV02",6,"PICO",0,0,0,NA,NA,0
"3665",2010,"AV02",6,"PIEN",0,0,0,NA,NA,0
"3666",2010,"AV02",6,"PIMO",0,0,0,NA,NA,0
"3667",2010,"AV02",6,"PISI",0,0,0,NA,NA,0
"3668",2010,"AV02",6,"PSME",0,0,0,NA,NA,0
"3669",2010,"AV02",6,"TABR",0,0,0,NA,NA,0
"3670",2010,"AV02",6,"THPL",3,0,0,NA,NA,0
"3671",2010,"AV02",6,"TSHE",183,255,5,NA,NA,2
"3672",2010,"AV02",6,"TSME",0,0,0,NA,NA,0
"3673",2010,"AV06",1,"ABAM",9,6,0,NA,NA,0
"3674",2010,"AV06",1,"ABGR",0,0,0,NA,NA,0
"3675",2010,"AV06",1,"ABLA",0,0,0,NA,NA,0
"3676",2010,"AV06",1,"ABPR",0,0,0,NA,NA,0
"3677",2010,"AV06",1,"ACGL",0,0,0,NA,NA,0
"3678",2010,"AV06",1,"ALRU",0,0,0,NA,NA,0
"3679",2010,"AV06",1,"CANO",0,0,0,NA,NA,0
"3680",2010,"AV06",1,"PICO",0,0,0,NA,NA,0
"3681",2010,"AV06",1,"PIEN",0,0,0,NA,NA,0
"3682",2010,"AV06",1,"PIMO",0,0,0,NA,NA,0
"3683",2010,"AV06",1,"PISI",0,0,0,NA,NA,0
"3684",2010,"AV06",1,"PSME",0,1,0,NA,NA,0
"3685",2010,"AV06",1,"TABR",0,0,0,NA,NA,0
"3686",2010,"AV06",1,"THPL",5,0,0,NA,NA,0
"3687",2010,"AV06",1,"TSHE",165,52,7,NA,NA,3
"3688",2010,"AV06",1,"TSME",0,0,0,NA,NA,0
"3689",2010,"AV06",2,"ABAM",16,1,0,NA,NA,0
"3690",2010,"AV06",2,"ABGR",0,0,0,NA,NA,0
"3691",2010,"AV06",2,"ABLA",0,0,0,NA,NA,0
"3692",2010,"AV06",2,"ABPR",0,0,0,NA,NA,0
"3693",2010,"AV06",2,"ACGL",0,0,0,NA,NA,0
"3694",2010,"AV06",2,"ALRU",0,0,0,NA,NA,0
"3695",2010,"AV06",2,"CANO",0,0,0,NA,NA,0
"3696",2010,"AV06",2,"PICO",0,0,0,NA,NA,0
"3697",2010,"AV06",2,"PIEN",0,0,0,NA,NA,0
"3698",2010,"AV06",2,"PIMO",0,0,0,NA,NA,0
"3699",2010,"AV06",2,"PISI",0,0,0,NA,NA,0
"3700",2010,"AV06",2,"PSME",0,0,0,NA,NA,0
"3701",2010,"AV06",2,"TABR",0,0,0,NA,NA,0
"3702",2010,"AV06",2,"THPL",3,0,0,NA,NA,0
"3703",2010,"AV06",2,"TSHE",243,74,19,NA,NA,10
"3704",2010,"AV06",2,"TSME",0,0,0,NA,NA,0
"3705",2010,"AV06",3,"ABAM",9,0,0,NA,NA,0
"3706",2010,"AV06",3,"ABGR",0,0,0,NA,NA,0
"3707",2010,"AV06",3,"ABLA",0,0,0,NA,NA,0
"3708",2010,"AV06",3,"ABPR",0,0,0,NA,NA,0
"3709",2010,"AV06",3,"ACGL",0,0,0,NA,NA,0
"3710",2010,"AV06",3,"ALRU",0,0,0,NA,NA,0
"3711",2010,"AV06",3,"CANO",0,0,0,NA,NA,0
"3712",2010,"AV06",3,"PICO",0,0,0,NA,NA,0
"3713",2010,"AV06",3,"PIEN",0,0,0,NA,NA,0
"3714",2010,"AV06",3,"PIMO",0,0,0,NA,NA,0
"3715",2010,"AV06",3,"PISI",0,0,0,NA,NA,0
"3716",2010,"AV06",3,"PSME",0,0,0,NA,NA,0
"3717",2010,"AV06",3,"TABR",0,0,0,NA,NA,0
"3718",2010,"AV06",3,"THPL",9,0,0,NA,NA,0
"3719",2010,"AV06",3,"TSHE",258,15,16,NA,NA,9
"3720",2010,"AV06",3,"TSME",0,0,0,NA,NA,0
"3721",2010,"AV06",4,"ABAM",18,4,0,NA,NA,0
"3722",2010,"AV06",4,"ABGR",0,0,0,NA,NA,0
"3723",2010,"AV06",4,"ABLA",0,0,0,NA,NA,0
"3724",2010,"AV06",4,"ABPR",0,0,0,NA,NA,0
"3725",2010,"AV06",4,"ACGL",0,0,0,NA,NA,0
"3726",2010,"AV06",4,"ALRU",0,0,0,NA,NA,0
"3727",2010,"AV06",4,"CANO",0,0,0,NA,NA,0
"3728",2010,"AV06",4,"PICO",0,0,0,NA,NA,0
"3729",2010,"AV06",4,"PIEN",0,0,0,NA,NA,0
"3730",2010,"AV06",4,"PIMO",0,0,0,NA,NA,0
"3731",2010,"AV06",4,"PISI",0,0,0,NA,NA,0
"3732",2010,"AV06",4,"PSME",1,0,0,NA,NA,0
"3733",2010,"AV06",4,"TABR",0,0,0,NA,NA,0
"3734",2010,"AV06",4,"THPL",8,0,1,NA,NA,0
"3735",2010,"AV06",4,"TSHE",182,20,18,NA,NA,0
"3736",2010,"AV06",4,"TSME",0,0,0,NA,NA,0
"3737",2010,"AV06",5,"ABAM",14,5,0,NA,NA,0
"3738",2010,"AV06",5,"ABGR",2,0,0,NA,NA,0
"3739",2010,"AV06",5,"ABLA",0,0,0,NA,NA,0
"3740",2010,"AV06",5,"ABPR",1,0,0,NA,NA,0
"3741",2010,"AV06",5,"ACGL",0,0,0,NA,NA,0
"3742",2010,"AV06",5,"ALRU",0,0,0,NA,NA,0
"3743",2010,"AV06",5,"CANO",0,0,0,NA,NA,0
"3744",2010,"AV06",5,"PICO",0,0,0,NA,NA,0
"3745",2010,"AV06",5,"PIEN",0,0,0,NA,NA,0
"3746",2010,"AV06",5,"PIMO",0,0,0,NA,NA,0
"3747",2010,"AV06",5,"PISI",0,0,0,NA,NA,0
"3748",2010,"AV06",5,"PSME",0,0,0,NA,NA,0
"3749",2010,"AV06",5,"TABR",0,0,0,NA,NA,0
"3750",2010,"AV06",5,"THPL",8,0,0,NA,NA,0
"3751",2010,"AV06",5,"TSHE",148,39,0,NA,NA,0
"3752",2010,"AV06",5,"TSME",0,0,0,NA,NA,0
"3753",2010,"AV06",6,"ABAM",25,3,0,NA,NA,0
"3754",2010,"AV06",6,"ABGR",0,0,0,NA,NA,0
"3755",2010,"AV06",6,"ABLA",0,0,0,NA,NA,0
"3756",2010,"AV06",6,"ABPR",1,0,0,NA,NA,0
"3757",2010,"AV06",6,"ACGL",0,0,0,NA,NA,0
"3758",2010,"AV06",6,"ALRU",0,0,0,NA,NA,0
"3759",2010,"AV06",6,"CANO",0,0,0,NA,NA,0
"3760",2010,"AV06",6,"PICO",0,0,0,NA,NA,0
"3761",2010,"AV06",6,"PIEN",0,0,0,NA,NA,0
"3762",2010,"AV06",6,"PIMO",0,0,0,NA,NA,0
"3763",2010,"AV06",6,"PISI",0,0,0,NA,NA,0
"3764",2010,"AV06",6,"PSME",1,0,0,NA,NA,0
"3765",2010,"AV06",6,"TABR",0,0,0,NA,NA,0
"3766",2010,"AV06",6,"THPL",2,0,0,NA,NA,0
"3767",2010,"AV06",6,"TSHE",43,25,0,NA,NA,0
"3768",2010,"AV06",6,"TSME",0,0,0,NA,NA,0
"3769",2010,"AV14",1,"ABAM",15,12,0,NA,NA,0
"3770",2010,"AV14",1,"ABGR",0,0,0,NA,NA,0
"3771",2010,"AV14",1,"ABLA",0,0,0,NA,NA,0
"3772",2010,"AV14",1,"ABPR",1,1,0,NA,NA,0
"3773",2010,"AV14",1,"ACGL",0,0,0,NA,NA,0
"3774",2010,"AV14",1,"ALRU",0,0,0,NA,NA,0
"3775",2010,"AV14",1,"CANO",0,0,0,NA,NA,0
"3776",2010,"AV14",1,"PICO",0,0,0,NA,NA,0
"3777",2010,"AV14",1,"PIEN",0,0,0,NA,NA,0
"3778",2010,"AV14",1,"PIMO",0,0,0,NA,NA,0
"3779",2010,"AV14",1,"PISI",0,0,0,NA,NA,0
"3780",2010,"AV14",1,"PSME",1,0,0,NA,NA,0
"3781",2010,"AV14",1,"TABR",0,0,0,NA,NA,0
"3782",2010,"AV14",1,"THPL",1,0,0,NA,NA,0
"3783",2010,"AV14",1,"TSHE",161,106,7,NA,NA,2
"3784",2010,"AV14",1,"TSME",0,0,0,NA,NA,0
"3785",2010,"AV14",2,"ABAM",31,13,0,NA,NA,0
"3786",2010,"AV14",2,"ABGR",0,0,0,NA,NA,0
"3787",2010,"AV14",2,"ABLA",0,1,0,NA,NA,0
"3788",2010,"AV14",2,"ABPR",0,1,0,NA,NA,0
"3789",2010,"AV14",2,"ACGL",0,0,0,NA,NA,0
"3790",2010,"AV14",2,"ALRU",0,0,0,NA,NA,0
"3791",2010,"AV14",2,"CANO",0,0,0,NA,NA,0
"3792",2010,"AV14",2,"PICO",0,0,0,NA,NA,0
"3793",2010,"AV14",2,"PIEN",0,0,0,NA,NA,0
"3794",2010,"AV14",2,"PIMO",0,0,0,NA,NA,0
"3795",2010,"AV14",2,"PISI",0,0,0,NA,NA,0
"3796",2010,"AV14",2,"PSME",0,0,0,NA,NA,0
"3797",2010,"AV14",2,"TABR",0,0,0,NA,NA,0
"3798",2010,"AV14",2,"THPL",0,1,0,NA,NA,0
"3799",2010,"AV14",2,"TSHE",249,122,20,NA,NA,10
"3800",2010,"AV14",2,"TSME",0,0,0,NA,NA,0
"3801",2010,"AV14",3,"ABAM",17,6,0,NA,NA,0
"3802",2010,"AV14",3,"ABGR",0,0,0,NA,NA,0
"3803",2010,"AV14",3,"ABLA",0,0,0,NA,NA,0
"3804",2010,"AV14",3,"ABPR",0,0,0,NA,NA,0
"3805",2010,"AV14",3,"ACGL",0,0,0,NA,NA,0
"3806",2010,"AV14",3,"ALRU",0,0,0,NA,NA,0
"3807",2010,"AV14",3,"CANO",0,0,0,NA,NA,0
"3808",2010,"AV14",3,"PICO",0,0,0,NA,NA,0
"3809",2010,"AV14",3,"PIEN",0,0,0,NA,NA,0
"3810",2010,"AV14",3,"PIMO",0,0,0,NA,NA,0
"3811",2010,"AV14",3,"PISI",0,0,0,NA,NA,0
"3812",2010,"AV14",3,"PSME",0,0,0,NA,NA,0
"3813",2010,"AV14",3,"TABR",0,0,0,NA,NA,0
"3814",2010,"AV14",3,"THPL",0,1,0,NA,NA,0
"3815",2010,"AV14",3,"TSHE",267,78,50,NA,NA,23
"3816",2010,"AV14",3,"TSME",0,0,0,NA,NA,0
"3817",2010,"AV14",4,"ABAM",14,3,0,NA,NA,0
"3818",2010,"AV14",4,"ABGR",0,0,0,NA,NA,0
"3819",2010,"AV14",4,"ABLA",0,0,0,NA,NA,0
"3820",2010,"AV14",4,"ABPR",0,1,0,NA,NA,0
"3821",2010,"AV14",4,"ACGL",0,0,0,NA,NA,0
"3822",2010,"AV14",4,"ALRU",0,0,0,NA,NA,0
"3823",2010,"AV14",4,"CANO",0,0,0,NA,NA,0
"3824",2010,"AV14",4,"PICO",0,0,0,NA,NA,0
"3825",2010,"AV14",4,"PIEN",0,0,0,NA,NA,0
"3826",2010,"AV14",4,"PIMO",0,0,0,NA,NA,0
"3827",2010,"AV14",4,"PISI",0,0,0,NA,NA,0
"3828",2010,"AV14",4,"PSME",1,0,0,NA,NA,0
"3829",2010,"AV14",4,"TABR",0,0,0,NA,NA,0
"3830",2010,"AV14",4,"THPL",0,0,0,NA,NA,0
"3831",2010,"AV14",4,"TSHE",232,93,31,NA,NA,28
"3832",2010,"AV14",4,"TSME",0,0,0,NA,NA,0
"3833",2010,"AV14",5,"ABAM",16,7,0,NA,NA,0
"3834",2010,"AV14",5,"ABGR",0,0,0,NA,NA,0
"3835",2010,"AV14",5,"ABLA",0,0,0,NA,NA,0
"3836",2010,"AV14",5,"ABPR",0,0,0,NA,NA,0
"3837",2010,"AV14",5,"ACGL",0,0,0,NA,NA,0
"3838",2010,"AV14",5,"ALRU",0,0,0,NA,NA,0
"3839",2010,"AV14",5,"CANO",0,0,0,NA,NA,0
"3840",2010,"AV14",5,"PICO",0,0,0,NA,NA,0
"3841",2010,"AV14",5,"PIEN",0,0,0,NA,NA,0
"3842",2010,"AV14",5,"PIMO",0,0,0,NA,NA,0
"3843",2010,"AV14",5,"PISI",0,0,0,NA,NA,0
"3844",2010,"AV14",5,"PSME",0,0,0,NA,NA,0
"3845",2010,"AV14",5,"TABR",0,0,0,NA,NA,0
"3846",2010,"AV14",5,"THPL",0,0,0,NA,NA,0
"3847",2010,"AV14",5,"TSHE",267,106,67,NA,NA,14
"3848",2010,"AV14",5,"TSME",0,0,0,NA,NA,0
"3849",2010,"AV14",6,"ABAM",13,7,0,NA,NA,0
"3850",2010,"AV14",6,"ABGR",0,0,0,NA,NA,0
"3851",2010,"AV14",6,"ABLA",0,0,0,NA,NA,0
"3852",2010,"AV14",6,"ABPR",2,1,0,NA,NA,0
"3853",2010,"AV14",6,"ACGL",0,0,0,NA,NA,0
"3854",2010,"AV14",6,"ALRU",0,0,0,NA,NA,0
"3855",2010,"AV14",6,"CANO",0,0,0,NA,NA,0
"3856",2010,"AV14",6,"PICO",0,0,0,NA,NA,0
"3857",2010,"AV14",6,"PIEN",0,0,0,NA,NA,0
"3858",2010,"AV14",6,"PIMO",0,0,0,NA,NA,0
"3859",2010,"AV14",6,"PISI",0,0,0,NA,NA,0
"3860",2010,"AV14",6,"PSME",3,0,0,NA,NA,0
"3861",2010,"AV14",6,"TABR",0,0,0,NA,NA,0
"3862",2010,"AV14",6,"THPL",0,0,0,NA,NA,0
"3863",2010,"AV14",6,"TSHE",368,31,37,NA,NA,27
"3864",2010,"AV14",6,"TSME",0,0,0,NA,NA,0
"3865",2010,"AX15",1,"ABAM",0,0,0,NA,NA,0
"3866",2010,"AX15",1,"ABGR",0,0,0,NA,NA,0
"3867",2010,"AX15",1,"ABLA",0,0,0,NA,NA,0
"3868",2010,"AX15",1,"ABPR",0,0,0,NA,NA,0
"3869",2010,"AX15",1,"ACGL",0,0,0,NA,NA,0
"3870",2010,"AX15",1,"ALRU",0,0,0,NA,NA,0
"3871",2010,"AX15",1,"CANO",0,0,0,NA,NA,0
"3872",2010,"AX15",1,"PICO",0,0,0,NA,NA,0
"3873",2010,"AX15",1,"PIEN",0,0,0,NA,NA,0
"3874",2010,"AX15",1,"PIMO",0,0,0,NA,NA,0
"3875",2010,"AX15",1,"PISI",0,0,0,NA,NA,0
"3876",2010,"AX15",1,"PSME",0,0,0,NA,NA,0
"3877",2010,"AX15",1,"TABR",0,0,0,NA,NA,0
"3878",2010,"AX15",1,"THPL",9,1,1,NA,NA,0
"3879",2010,"AX15",1,"TSHE",268,107,7,NA,NA,3
"3880",2010,"AX15",1,"TSME",0,0,0,NA,NA,0
"3881",2010,"AX15",2,"ABAM",0,0,0,NA,NA,0
"3882",2010,"AX15",2,"ABGR",0,0,0,NA,NA,0
"3883",2010,"AX15",2,"ABLA",0,0,0,NA,NA,0
"3884",2010,"AX15",2,"ABPR",0,0,0,NA,NA,0
"3885",2010,"AX15",2,"ACGL",0,0,0,NA,NA,0
"3886",2010,"AX15",2,"ALRU",0,0,0,NA,NA,0
"3887",2010,"AX15",2,"CANO",0,0,0,NA,NA,0
"3888",2010,"AX15",2,"PICO",0,0,0,NA,NA,0
"3889",2010,"AX15",2,"PIEN",0,0,0,NA,NA,0
"3890",2010,"AX15",2,"PIMO",0,0,0,NA,NA,0
"3891",2010,"AX15",2,"PISI",0,0,0,NA,NA,0
"3892",2010,"AX15",2,"PSME",0,0,0,NA,NA,0
"3893",2010,"AX15",2,"TABR",0,0,0,NA,NA,0
"3894",2010,"AX15",2,"THPL",11,0,0,NA,NA,0
"3895",2010,"AX15",2,"TSHE",188,92,4,NA,NA,3
"3896",2010,"AX15",2,"TSME",0,0,0,NA,NA,0
"3897",2010,"AX15",3,"ABAM",0,0,0,NA,NA,0
"3898",2010,"AX15",3,"ABGR",0,0,0,NA,NA,0
"3899",2010,"AX15",3,"ABLA",0,0,0,NA,NA,0
"3900",2010,"AX15",3,"ABPR",0,0,0,NA,NA,0
"3901",2010,"AX15",3,"ACGL",0,0,0,NA,NA,0
"3902",2010,"AX15",3,"ALRU",0,0,0,NA,NA,0
"3903",2010,"AX15",3,"CANO",0,0,0,NA,NA,0
"3904",2010,"AX15",3,"PICO",0,0,0,NA,NA,0
"3905",2010,"AX15",3,"PIEN",0,0,0,NA,NA,0
"3906",2010,"AX15",3,"PIMO",0,0,0,NA,NA,0
"3907",2010,"AX15",3,"PISI",0,0,0,NA,NA,0
"3908",2010,"AX15",3,"PSME",0,0,0,NA,NA,0
"3909",2010,"AX15",3,"TABR",0,0,0,NA,NA,0
"3910",2010,"AX15",3,"THPL",8,0,0,NA,NA,0
"3911",2010,"AX15",3,"TSHE",125,257,2,NA,NA,4
"3912",2010,"AX15",3,"TSME",0,0,0,NA,NA,0
"3913",2010,"AX15",4,"ABAM",0,0,0,NA,NA,0
"3914",2010,"AX15",4,"ABGR",0,0,0,NA,NA,0
"3915",2010,"AX15",4,"ABLA",0,0,0,NA,NA,0
"3916",2010,"AX15",4,"ABPR",0,0,0,NA,NA,0
"3917",2010,"AX15",4,"ACGL",0,0,0,NA,NA,0
"3918",2010,"AX15",4,"ALRU",0,0,0,NA,NA,0
"3919",2010,"AX15",4,"CANO",0,0,0,NA,NA,0
"3920",2010,"AX15",4,"PICO",0,0,0,NA,NA,0
"3921",2010,"AX15",4,"PIEN",0,0,0,NA,NA,0
"3922",2010,"AX15",4,"PIMO",0,0,0,NA,NA,0
"3923",2010,"AX15",4,"PISI",0,0,0,NA,NA,0
"3924",2010,"AX15",4,"PSME",0,0,0,NA,NA,0
"3925",2010,"AX15",4,"TABR",0,0,0,NA,NA,0
"3926",2010,"AX15",4,"THPL",3,0,0,NA,NA,0
"3927",2010,"AX15",4,"TSHE",158,52,6,NA,NA,1
"3928",2010,"AX15",4,"TSME",0,0,0,NA,NA,0
"3929",2010,"AX15",5,"ABAM",0,0,0,NA,NA,0
"3930",2010,"AX15",5,"ABGR",0,0,0,NA,NA,0
"3931",2010,"AX15",5,"ABLA",0,0,0,NA,NA,0
"3932",2010,"AX15",5,"ABPR",0,0,0,NA,NA,0
"3933",2010,"AX15",5,"ACGL",0,0,0,NA,NA,0
"3934",2010,"AX15",5,"ALRU",0,0,0,NA,NA,0
"3935",2010,"AX15",5,"CANO",0,0,0,NA,NA,0
"3936",2010,"AX15",5,"PICO",0,0,0,NA,NA,0
"3937",2010,"AX15",5,"PIEN",0,0,0,NA,NA,0
"3938",2010,"AX15",5,"PIMO",0,0,0,NA,NA,0
"3939",2010,"AX15",5,"PISI",0,0,0,NA,NA,0
"3940",2010,"AX15",5,"PSME",0,0,0,NA,NA,0
"3941",2010,"AX15",5,"TABR",0,0,0,NA,NA,0
"3942",2010,"AX15",5,"THPL",8,0,0,NA,NA,0
"3943",2010,"AX15",5,"TSHE",196,91,21,NA,NA,28
"3944",2010,"AX15",5,"TSME",0,0,0,NA,NA,0
"3945",2010,"AX15",6,"ABAM",0,0,0,NA,NA,0
"3946",2010,"AX15",6,"ABGR",0,0,0,NA,NA,0
"3947",2010,"AX15",6,"ABLA",0,0,0,NA,NA,0
"3948",2010,"AX15",6,"ABPR",0,0,0,NA,NA,0
"3949",2010,"AX15",6,"ACGL",0,0,0,NA,NA,0
"3950",2010,"AX15",6,"ALRU",0,0,0,NA,NA,0
"3951",2010,"AX15",6,"CANO",0,0,0,NA,NA,0
"3952",2010,"AX15",6,"PICO",0,0,0,NA,NA,0
"3953",2010,"AX15",6,"PIEN",0,0,0,NA,NA,0
"3954",2010,"AX15",6,"PIMO",0,0,0,NA,NA,0
"3955",2010,"AX15",6,"PISI",0,0,0,NA,NA,0
"3956",2010,"AX15",6,"PSME",1,0,0,NA,NA,0
"3957",2010,"AX15",6,"TABR",0,0,0,NA,NA,0
"3958",2010,"AX15",6,"THPL",9,0,0,NA,NA,0
"3959",2010,"AX15",6,"TSHE",106,221,4,NA,NA,0
"3960",2010,"AX15",6,"TSME",0,0,0,NA,NA,0
"3961",2010,"PARA",1,"ABAM",48,3,0,NA,NA,0
"3962",2010,"PARA",1,"ABGR",0,0,0,NA,NA,0
"3963",2010,"PARA",1,"ABLA",1,3,0,NA,NA,0
"3964",2010,"PARA",1,"ABPR",0,0,0,NA,NA,0
"3965",2010,"PARA",1,"ACGL",0,0,0,NA,NA,0
"3966",2010,"PARA",1,"ALRU",0,0,0,NA,NA,0
"3967",2010,"PARA",1,"CANO",0,0,0,NA,NA,0
"3968",2010,"PARA",1,"PICO",0,0,0,NA,NA,0
"3969",2010,"PARA",1,"PIEN",0,0,0,NA,NA,0
"3970",2010,"PARA",1,"PIMO",0,0,0,NA,NA,0
"3971",2010,"PARA",1,"PISI",0,0,0,NA,NA,0
"3972",2010,"PARA",1,"PSME",0,0,0,NA,NA,0
"3973",2010,"PARA",1,"TABR",0,0,0,NA,NA,0
"3974",2010,"PARA",1,"THPL",0,0,0,NA,NA,0
"3975",2010,"PARA",1,"TSHE",0,0,0,NA,NA,0
"3976",2010,"PARA",1,"TSME",47,2,0,NA,NA,0
"3977",2010,"PARA",2,"ABAM",30,10,0,NA,NA,0
"3978",2010,"PARA",2,"ABGR",0,0,0,NA,NA,0
"3979",2010,"PARA",2,"ABLA",6,1,0,NA,NA,0
"3980",2010,"PARA",2,"ABPR",0,0,0,NA,NA,0
"3981",2010,"PARA",2,"ACGL",0,0,0,NA,NA,0
"3982",2010,"PARA",2,"ALRU",0,0,0,NA,NA,0
"3983",2010,"PARA",2,"CANO",0,0,0,NA,NA,0
"3984",2010,"PARA",2,"PICO",0,0,0,NA,NA,0
"3985",2010,"PARA",2,"PIEN",0,0,0,NA,NA,0
"3986",2010,"PARA",2,"PIMO",0,0,0,NA,NA,0
"3987",2010,"PARA",2,"PISI",0,0,0,NA,NA,0
"3988",2010,"PARA",2,"PSME",0,0,0,NA,NA,0
"3989",2010,"PARA",2,"TABR",0,0,0,NA,NA,0
"3990",2010,"PARA",2,"THPL",0,0,0,NA,NA,0
"3991",2010,"PARA",2,"TSHE",0,0,0,NA,NA,0
"3992",2010,"PARA",2,"TSME",62,6,0,NA,NA,0
"3993",2010,"PARA",3,"ABAM",52,15,0,NA,NA,0
"3994",2010,"PARA",3,"ABGR",0,0,0,NA,NA,0
"3995",2010,"PARA",3,"ABLA",16,2,0,NA,NA,0
"3996",2010,"PARA",3,"ABPR",2,0,0,NA,NA,0
"3997",2010,"PARA",3,"ACGL",0,0,0,NA,NA,0
"3998",2010,"PARA",3,"ALRU",0,0,0,NA,NA,0
"3999",2010,"PARA",3,"CANO",0,0,0,NA,NA,0
"4000",2010,"PARA",3,"PICO",0,0,0,NA,NA,0
"4001",2010,"PARA",3,"PIEN",0,0,0,NA,NA,0
"4002",2010,"PARA",3,"PIMO",0,0,0,NA,NA,0
"4003",2010,"PARA",3,"PISI",0,0,0,NA,NA,0
"4004",2010,"PARA",3,"PSME",0,0,0,NA,NA,0
"4005",2010,"PARA",3,"TABR",0,0,0,NA,NA,0
"4006",2010,"PARA",3,"THPL",0,0,0,NA,NA,0
"4007",2010,"PARA",3,"TSHE",0,0,0,NA,NA,0
"4008",2010,"PARA",3,"TSME",105,2,0,NA,NA,0
"4009",2010,"PARA",4,"ABAM",25,2,0,NA,NA,0
"4010",2010,"PARA",4,"ABGR",0,0,0,NA,NA,0
"4011",2010,"PARA",4,"ABLA",7,2,0,NA,NA,0
"4012",2010,"PARA",4,"ABPR",0,0,0,NA,NA,0
"4013",2010,"PARA",4,"ACGL",0,0,0,NA,NA,0
"4014",2010,"PARA",4,"ALRU",0,0,0,NA,NA,0
"4015",2010,"PARA",4,"CANO",0,0,0,NA,NA,0
"4016",2010,"PARA",4,"PICO",0,0,0,NA,NA,0
"4017",2010,"PARA",4,"PIEN",0,0,0,NA,NA,0
"4018",2010,"PARA",4,"PIMO",0,0,0,NA,NA,0
"4019",2010,"PARA",4,"PISI",0,0,0,NA,NA,0
"4020",2010,"PARA",4,"PSME",0,0,0,NA,NA,0
"4021",2010,"PARA",4,"TABR",0,0,0,NA,NA,0
"4022",2010,"PARA",4,"THPL",0,0,0,NA,NA,0
"4023",2010,"PARA",4,"TSHE",0,0,0,NA,NA,0
"4024",2010,"PARA",4,"TSME",88,4,0,NA,NA,0
"4025",2010,"PARA",5,"ABAM",29,1,0,NA,NA,0
"4026",2010,"PARA",5,"ABGR",0,0,0,NA,NA,0
"4027",2010,"PARA",5,"ABLA",7,2,0,NA,NA,0
"4028",2010,"PARA",5,"ABPR",4,0,0,NA,NA,0
"4029",2010,"PARA",5,"ACGL",0,0,0,NA,NA,0
"4030",2010,"PARA",5,"ALRU",0,0,0,NA,NA,0
"4031",2010,"PARA",5,"CANO",0,0,0,NA,NA,0
"4032",2010,"PARA",5,"PICO",0,0,0,NA,NA,0
"4033",2010,"PARA",5,"PIEN",0,0,0,NA,NA,0
"4034",2010,"PARA",5,"PIMO",0,0,0,NA,NA,0
"4035",2010,"PARA",5,"PISI",0,0,0,NA,NA,0
"4036",2010,"PARA",5,"PSME",0,0,0,NA,NA,0
"4037",2010,"PARA",5,"TABR",0,0,0,NA,NA,0
"4038",2010,"PARA",5,"THPL",0,0,0,NA,NA,0
"4039",2010,"PARA",5,"TSHE",0,0,0,NA,NA,0
"4040",2010,"PARA",5,"TSME",79,1,0,NA,NA,0
"4041",2010,"PARA",6,"ABAM",30,4,0,NA,NA,0
"4042",2010,"PARA",6,"ABGR",0,0,0,NA,NA,0
"4043",2010,"PARA",6,"ABLA",11,1,0,NA,NA,0
"4044",2010,"PARA",6,"ABPR",0,0,0,NA,NA,0
"4045",2010,"PARA",6,"ACGL",0,0,0,NA,NA,0
"4046",2010,"PARA",6,"ALRU",0,0,0,NA,NA,0
"4047",2010,"PARA",6,"CANO",0,0,0,NA,NA,0
"4048",2010,"PARA",6,"PICO",0,0,0,NA,NA,0
"4049",2010,"PARA",6,"PIEN",0,0,0,NA,NA,0
"4050",2010,"PARA",6,"PIMO",0,0,0,NA,NA,0
"4051",2010,"PARA",6,"PISI",0,0,0,NA,NA,0
"4052",2010,"PARA",6,"PSME",0,0,0,NA,NA,0
"4053",2010,"PARA",6,"TABR",0,0,0,NA,NA,0
"4054",2010,"PARA",6,"THPL",0,0,0,NA,NA,0
"4055",2010,"PARA",6,"TSHE",0,0,0,NA,NA,0
"4056",2010,"PARA",6,"TSME",44,0,4,NA,NA,4
"4057",2010,"PP17",1,"ABAM",0,0,0,NA,NA,0
"4058",2010,"PP17",1,"ABGR",0,0,0,NA,NA,0
"4059",2010,"PP17",1,"ABLA",6,0,0,NA,NA,0
"4060",2010,"PP17",1,"ABPR",1,0,0,NA,NA,0
"4061",2010,"PP17",1,"ACGL",0,0,0,NA,NA,0
"4062",2010,"PP17",1,"ALRU",0,0,0,NA,NA,0
"4063",2010,"PP17",1,"CANO",0,0,0,NA,NA,0
"4064",2010,"PP17",1,"PICO",7,1,0,NA,NA,0
"4065",2010,"PP17",1,"PIEN",4,0,0,NA,NA,0
"4066",2010,"PP17",1,"PIMO",0,0,0,NA,NA,0
"4067",2010,"PP17",1,"PISI",0,0,0,NA,NA,0
"4068",2010,"PP17",1,"PSME",7,13,1,NA,NA,0
"4069",2010,"PP17",1,"TABR",0,0,0,NA,NA,0
"4070",2010,"PP17",1,"THPL",0,0,0,NA,NA,0
"4071",2010,"PP17",1,"TSHE",15,5,0,NA,NA,0
"4072",2010,"PP17",1,"TSME",0,0,0,NA,NA,0
"4073",2010,"PP17",2,"ABAM",1,0,0,NA,NA,0
"4074",2010,"PP17",2,"ABGR",0,0,0,NA,NA,0
"4075",2010,"PP17",2,"ABLA",7,0,0,NA,NA,0
"4076",2010,"PP17",2,"ABPR",0,0,0,NA,NA,0
"4077",2010,"PP17",2,"ACGL",0,0,0,NA,NA,0
"4078",2010,"PP17",2,"ALRU",0,0,0,NA,NA,0
"4079",2010,"PP17",2,"CANO",0,0,0,NA,NA,0
"4080",2010,"PP17",2,"PICO",8,14,1,NA,NA,0
"4081",2010,"PP17",2,"PIEN",3,1,1,NA,NA,0
"4082",2010,"PP17",2,"PIMO",0,0,0,NA,NA,0
"4083",2010,"PP17",2,"PISI",0,0,0,NA,NA,0
"4084",2010,"PP17",2,"PSME",12,6,0,NA,NA,0
"4085",2010,"PP17",2,"TABR",0,0,0,NA,NA,0
"4086",2010,"PP17",2,"THPL",0,0,0,NA,NA,0
"4087",2010,"PP17",2,"TSHE",4,1,0,NA,NA,0
"4088",2010,"PP17",2,"TSME",1,0,0,NA,NA,0
"4089",2010,"PP17",4,"ABAM",1,0,0,NA,NA,0
"4090",2010,"PP17",4,"ABGR",0,0,0,NA,NA,0
"4091",2010,"PP17",4,"ABLA",8,0,0,NA,NA,0
"4092",2010,"PP17",4,"ABPR",0,0,0,NA,NA,0
"4093",2010,"PP17",4,"ACGL",0,0,0,NA,NA,0
"4094",2010,"PP17",4,"ALRU",0,0,0,NA,NA,0
"4095",2010,"PP17",4,"CANO",0,0,0,NA,NA,0
"4096",2010,"PP17",4,"PICO",4,1,0,NA,NA,0
"4097",2010,"PP17",4,"PIEN",6,0,0,NA,NA,0
"4098",2010,"PP17",4,"PIMO",0,0,0,NA,NA,0
"4099",2010,"PP17",4,"PISI",0,0,0,NA,NA,0
"4100",2010,"PP17",4,"PSME",11,6,0,NA,NA,0
"4101",2010,"PP17",4,"TABR",0,0,0,NA,NA,0
"4102",2010,"PP17",4,"THPL",0,0,0,NA,NA,0
"4103",2010,"PP17",4,"TSHE",13,4,0,NA,NA,0
"4104",2010,"PP17",4,"TSME",2,0,0,NA,NA,0
"4105",2010,"PP17",5,"ABAM",0,0,0,NA,NA,0
"4106",2010,"PP17",5,"ABGR",0,0,0,NA,NA,0
"4107",2010,"PP17",5,"ABLA",7,1,0,NA,NA,0
"4108",2010,"PP17",5,"ABPR",0,0,0,NA,NA,0
"4109",2010,"PP17",5,"ACGL",0,0,0,NA,NA,0
"4110",2010,"PP17",5,"ALRU",0,0,0,NA,NA,0
"4111",2010,"PP17",5,"CANO",0,0,0,NA,NA,0
"4112",2010,"PP17",5,"PICO",5,0,0,NA,NA,0
"4113",2010,"PP17",5,"PIEN",2,0,0,NA,NA,0
"4114",2010,"PP17",5,"PIMO",1,0,0,NA,NA,0
"4115",2010,"PP17",5,"PISI",0,0,0,NA,NA,0
"4116",2010,"PP17",5,"PSME",9,2,0,NA,NA,0
"4117",2010,"PP17",5,"TABR",0,0,0,NA,NA,0
"4118",2010,"PP17",5,"THPL",0,0,0,NA,NA,0
"4119",2010,"PP17",5,"TSHE",6,0,0,NA,NA,0
"4120",2010,"PP17",5,"TSME",0,0,0,NA,NA,0
"4121",2010,"PP17",6,"ABAM",0,0,0,NA,NA,0
"4122",2010,"PP17",6,"ABGR",0,0,0,NA,NA,0
"4123",2010,"PP17",6,"ABLA",1,0,0,NA,NA,0
"4124",2010,"PP17",6,"ABPR",0,0,0,NA,NA,0
"4125",2010,"PP17",6,"ACGL",0,0,0,NA,NA,0
"4126",2010,"PP17",6,"ALRU",0,0,0,NA,NA,0
"4127",2010,"PP17",6,"CANO",0,0,0,NA,NA,0
"4128",2010,"PP17",6,"PICO",1,0,0,NA,NA,0
"4129",2010,"PP17",6,"PIEN",1,0,0,NA,NA,0
"4130",2010,"PP17",6,"PIMO",0,1,0,NA,NA,0
"4131",2010,"PP17",6,"PISI",0,0,0,NA,NA,0
"4132",2010,"PP17",6,"PSME",12,10,0,NA,NA,0
"4133",2010,"PP17",6,"TABR",0,0,0,NA,NA,0
"4134",2010,"PP17",6,"THPL",1,0,0,NA,NA,0
"4135",2010,"PP17",6,"TSHE",6,1,0,NA,NA,0
"4136",2010,"PP17",6,"TSME",1,0,0,NA,NA,0
"4137",2010,"TA01",1,"ABAM",1,0,0,NA,NA,0
"4138",2010,"TA01",1,"ABGR",0,0,0,NA,NA,0
"4139",2010,"TA01",1,"ABLA",0,0,0,NA,NA,0
"4140",2010,"TA01",1,"ABPR",0,0,0,NA,NA,0
"4141",2010,"TA01",1,"ACGL",0,0,0,NA,NA,0
"4142",2010,"TA01",1,"ALRU",0,0,0,NA,NA,0
"4143",2010,"TA01",1,"CANO",0,0,0,NA,NA,0
"4144",2010,"TA01",1,"PICO",0,0,0,NA,NA,0
"4145",2010,"TA01",1,"PIEN",0,0,0,NA,NA,0
"4146",2010,"TA01",1,"PIMO",0,0,0,NA,NA,0
"4147",2010,"TA01",1,"PISI",0,0,0,NA,NA,0
"4148",2010,"TA01",1,"PSME",0,1,0,NA,NA,0
"4149",2010,"TA01",1,"TABR",0,0,0,NA,NA,0
"4150",2010,"TA01",1,"THPL",0,0,0,NA,NA,0
"4151",2010,"TA01",1,"TSHE",29,27,0,NA,NA,0
"4152",2010,"TA01",1,"TSME",0,0,0,NA,NA,0
"4153",2010,"TA01",2,"ABAM",0,0,0,NA,NA,0
"4154",2010,"TA01",2,"ABGR",0,0,0,NA,NA,0
"4155",2010,"TA01",2,"ABLA",0,0,0,NA,NA,0
"4156",2010,"TA01",2,"ABPR",0,0,0,NA,NA,0
"4157",2010,"TA01",2,"ACGL",0,0,0,NA,NA,0
"4158",2010,"TA01",2,"ALRU",0,0,0,NA,NA,0
"4159",2010,"TA01",2,"CANO",0,0,0,NA,NA,0
"4160",2010,"TA01",2,"PICO",0,0,0,NA,NA,0
"4161",2010,"TA01",2,"PIEN",0,0,0,NA,NA,0
"4162",2010,"TA01",2,"PIMO",0,0,0,NA,NA,0
"4163",2010,"TA01",2,"PISI",0,0,0,NA,NA,0
"4164",2010,"TA01",2,"PSME",3,0,1,NA,NA,3
"4165",2010,"TA01",2,"TABR",0,0,0,NA,NA,0
"4166",2010,"TA01",2,"THPL",0,0,0,NA,NA,0
"4167",2010,"TA01",2,"TSHE",22,35,0,NA,NA,0
"4168",2010,"TA01",2,"TSME",0,0,0,NA,NA,0
"4169",2010,"TA01",3,"ABAM",0,0,0,NA,NA,0
"4170",2010,"TA01",3,"ABGR",0,0,0,NA,NA,0
"4171",2010,"TA01",3,"ABLA",0,0,0,NA,NA,0
"4172",2010,"TA01",3,"ABPR",0,0,0,NA,NA,0
"4173",2010,"TA01",3,"ACGL",0,0,0,NA,NA,0
"4174",2010,"TA01",3,"ALRU",0,0,0,NA,NA,0
"4175",2010,"TA01",3,"CANO",0,0,0,NA,NA,0
"4176",2010,"TA01",3,"PICO",0,0,0,NA,NA,0
"4177",2010,"TA01",3,"PIEN",0,0,0,NA,NA,0
"4178",2010,"TA01",3,"PIMO",0,0,0,NA,NA,0
"4179",2010,"TA01",3,"PISI",0,0,0,NA,NA,0
"4180",2010,"TA01",3,"PSME",3,0,0,NA,NA,0
"4181",2010,"TA01",3,"TABR",0,0,0,NA,NA,0
"4182",2010,"TA01",3,"THPL",1,0,0,NA,NA,0
"4183",2010,"TA01",3,"TSHE",26,50,0,NA,NA,0
"4184",2010,"TA01",3,"TSME",0,0,0,NA,NA,0
"4185",2010,"TA01",4,"ABAM",0,0,0,NA,NA,0
"4186",2010,"TA01",4,"ABGR",0,0,0,NA,NA,0
"4187",2010,"TA01",4,"ABLA",0,0,0,NA,NA,0
"4188",2010,"TA01",4,"ABPR",0,0,0,NA,NA,0
"4189",2010,"TA01",4,"ACGL",0,0,0,NA,NA,0
"4190",2010,"TA01",4,"ALRU",0,0,0,NA,NA,0
"4191",2010,"TA01",4,"CANO",0,0,0,NA,NA,0
"4192",2010,"TA01",4,"PICO",0,0,0,NA,NA,0
"4193",2010,"TA01",4,"PIEN",0,0,0,NA,NA,0
"4194",2010,"TA01",4,"PIMO",0,0,0,NA,NA,0
"4195",2010,"TA01",4,"PISI",0,0,0,NA,NA,0
"4196",2010,"TA01",4,"PSME",2,0,0,NA,NA,0
"4197",2010,"TA01",4,"TABR",0,0,0,NA,NA,0
"4198",2010,"TA01",4,"THPL",0,0,0,NA,NA,0
"4199",2010,"TA01",4,"TSHE",29,50,0,NA,NA,0
"4200",2010,"TA01",4,"TSME",0,0,0,NA,NA,0
"4201",2010,"TA01",5,"ABAM",0,0,0,NA,NA,0
"4202",2010,"TA01",5,"ABGR",0,0,0,NA,NA,0
"4203",2010,"TA01",5,"ABLA",0,0,0,NA,NA,0
"4204",2010,"TA01",5,"ABPR",0,0,0,NA,NA,0
"4205",2010,"TA01",5,"ACGL",0,0,0,NA,NA,0
"4206",2010,"TA01",5,"ALRU",0,0,0,NA,NA,0
"4207",2010,"TA01",5,"CANO",0,0,0,NA,NA,0
"4208",2010,"TA01",5,"PICO",0,0,0,NA,NA,0
"4209",2010,"TA01",5,"PIEN",0,0,0,NA,NA,0
"4210",2010,"TA01",5,"PIMO",0,0,0,NA,NA,0
"4211",2010,"TA01",5,"PISI",0,0,0,NA,NA,0
"4212",2010,"TA01",5,"PSME",3,0,0,NA,NA,0
"4213",2010,"TA01",5,"TABR",0,0,0,NA,NA,0
"4214",2010,"TA01",5,"THPL",0,0,0,NA,NA,0
"4215",2010,"TA01",5,"TSHE",31,51,0,NA,NA,0
"4216",2010,"TA01",5,"TSME",0,0,0,NA,NA,0
"4217",2010,"TA01",6,"ABAM",0,0,0,NA,NA,0
"4218",2010,"TA01",6,"ABGR",0,0,0,NA,NA,0
"4219",2010,"TA01",6,"ABLA",0,0,0,NA,NA,0
"4220",2010,"TA01",6,"ABPR",1,0,0,NA,NA,0
"4221",2010,"TA01",6,"ACGL",0,0,0,NA,NA,0
"4222",2010,"TA01",6,"ALRU",0,0,0,NA,NA,0
"4223",2010,"TA01",6,"CANO",0,0,0,NA,NA,0
"4224",2010,"TA01",6,"PICO",0,0,0,NA,NA,0
"4225",2010,"TA01",6,"PIEN",0,0,0,NA,NA,0
"4226",2010,"TA01",6,"PIMO",0,0,0,NA,NA,0
"4227",2010,"TA01",6,"PISI",0,0,0,NA,NA,0
"4228",2010,"TA01",6,"PSME",3,1,0,NA,NA,0
"4229",2010,"TA01",6,"TABR",0,0,0,NA,NA,0
"4230",2010,"TA01",6,"THPL",1,0,0,NA,NA,0
"4231",2010,"TA01",6,"TSHE",22,77,0,NA,NA,0
"4232",2010,"TA01",6,"TSME",0,0,0,NA,NA,0
"4233",2010,"TB13",1,"ABAM",0,0,0,NA,NA,0
"4234",2010,"TB13",1,"ABGR",0,0,0,NA,NA,0
"4235",2010,"TB13",1,"ABLA",0,0,0,NA,NA,0
"4236",2010,"TB13",1,"ABPR",0,0,0,NA,NA,0
"4237",2010,"TB13",1,"ACGL",0,0,0,NA,NA,0
"4238",2010,"TB13",1,"ALRU",0,0,0,NA,NA,0
"4239",2010,"TB13",1,"CANO",0,0,0,NA,NA,0
"4240",2010,"TB13",1,"PICO",0,0,0,NA,NA,0
"4241",2010,"TB13",1,"PIEN",0,0,0,NA,NA,0
"4242",2010,"TB13",1,"PIMO",0,0,0,NA,NA,0
"4243",2010,"TB13",1,"PISI",0,0,0,NA,NA,0
"4244",2010,"TB13",1,"PSME",0,1,0,NA,NA,0
"4245",2010,"TB13",1,"TABR",0,0,0,NA,NA,0
"4246",2010,"TB13",1,"THPL",32,9,0,NA,NA,0
"4247",2010,"TB13",1,"TSHE",681,233,4,NA,NA,53
"4248",2010,"TB13",1,"TSME",0,0,0,NA,NA,0
"4249",2010,"TB13",2,"ABAM",0,0,0,NA,NA,0
"4250",2010,"TB13",2,"ABGR",0,0,0,NA,NA,0
"4251",2010,"TB13",2,"ABLA",0,0,0,NA,NA,0
"4252",2010,"TB13",2,"ABPR",0,0,0,NA,NA,0
"4253",2010,"TB13",2,"ACGL",0,0,0,NA,NA,0
"4254",2010,"TB13",2,"ALRU",0,0,0,NA,NA,0
"4255",2010,"TB13",2,"CANO",0,0,0,NA,NA,0
"4256",2010,"TB13",2,"PICO",0,0,0,NA,NA,0
"4257",2010,"TB13",2,"PIEN",0,0,0,NA,NA,0
"4258",2010,"TB13",2,"PIMO",0,0,0,NA,NA,0
"4259",2010,"TB13",2,"PISI",0,0,0,NA,NA,0
"4260",2010,"TB13",2,"PSME",2,2,0,NA,NA,0
"4261",2010,"TB13",2,"TABR",0,0,0,NA,NA,0
"4262",2010,"TB13",2,"THPL",32,4,1,NA,NA,0
"4263",2010,"TB13",2,"TSHE",586,143,8,NA,NA,35
"4264",2010,"TB13",2,"TSME",0,0,0,NA,NA,0
"4265",2010,"TB13",3,"ABAM",1,0,0,NA,NA,0
"4266",2010,"TB13",3,"ABGR",0,0,0,NA,NA,0
"4267",2010,"TB13",3,"ABLA",0,0,0,NA,NA,0
"4268",2010,"TB13",3,"ABPR",0,0,0,NA,NA,0
"4269",2010,"TB13",3,"ACGL",0,0,0,NA,NA,0
"4270",2010,"TB13",3,"ALRU",0,0,0,NA,NA,0
"4271",2010,"TB13",3,"CANO",0,0,0,NA,NA,0
"4272",2010,"TB13",3,"PICO",0,0,0,NA,NA,0
"4273",2010,"TB13",3,"PIEN",0,0,0,NA,NA,0
"4274",2010,"TB13",3,"PIMO",0,0,0,NA,NA,0
"4275",2010,"TB13",3,"PISI",0,0,0,NA,NA,0
"4276",2010,"TB13",3,"PSME",1,1,0,NA,NA,0
"4277",2010,"TB13",3,"TABR",0,0,0,NA,NA,0
"4278",2010,"TB13",3,"THPL",29,9,0,NA,NA,0
"4279",2010,"TB13",3,"TSHE",606,239,10,NA,NA,95
"4280",2010,"TB13",3,"TSME",0,0,0,NA,NA,0
"4281",2010,"TB13",4,"ABAM",0,0,0,NA,NA,0
"4282",2010,"TB13",4,"ABGR",0,0,0,NA,NA,0
"4283",2010,"TB13",4,"ABLA",0,0,0,NA,NA,0
"4284",2010,"TB13",4,"ABPR",0,0,0,NA,NA,0
"4285",2010,"TB13",4,"ACGL",0,0,0,NA,NA,0
"4286",2010,"TB13",4,"ALRU",0,0,0,NA,NA,0
"4287",2010,"TB13",4,"CANO",0,0,0,NA,NA,0
"4288",2010,"TB13",4,"PICO",0,0,0,NA,NA,0
"4289",2010,"TB13",4,"PIEN",0,0,0,NA,NA,0
"4290",2010,"TB13",4,"PIMO",0,0,0,NA,NA,0
"4291",2010,"TB13",4,"PISI",0,0,0,NA,NA,0
"4292",2010,"TB13",4,"PSME",0,3,1,NA,NA,0
"4293",2010,"TB13",4,"TABR",0,0,0,NA,NA,0
"4294",2010,"TB13",4,"THPL",31,12,1,NA,NA,0
"4295",2010,"TB13",4,"TSHE",467,423,7,NA,NA,6
"4296",2010,"TB13",4,"TSME",0,0,0,NA,NA,0
"4297",2010,"TB13",5,"ABAM",0,0,0,NA,NA,0
"4298",2010,"TB13",5,"ABGR",0,0,0,NA,NA,0
"4299",2010,"TB13",5,"ABLA",0,0,0,NA,NA,0
"4300",2010,"TB13",5,"ABPR",0,0,0,NA,NA,0
"4301",2010,"TB13",5,"ACGL",0,0,0,NA,NA,0
"4302",2010,"TB13",5,"ALRU",0,0,0,NA,NA,0
"4303",2010,"TB13",5,"CANO",0,0,0,NA,NA,0
"4304",2010,"TB13",5,"PICO",0,0,0,NA,NA,0
"4305",2010,"TB13",5,"PIEN",0,0,0,NA,NA,0
"4306",2010,"TB13",5,"PIMO",0,0,0,NA,NA,0
"4307",2010,"TB13",5,"PISI",0,0,0,NA,NA,0
"4308",2010,"TB13",5,"PSME",1,0,0,NA,NA,0
"4309",2010,"TB13",5,"TABR",0,0,0,NA,NA,0
"4310",2010,"TB13",5,"THPL",40,16,4,NA,NA,0
"4311",2010,"TB13",5,"TSHE",638,558,21,NA,NA,87
"4312",2010,"TB13",5,"TSME",0,0,0,NA,NA,0
"4313",2010,"TB13",6,"ABAM",0,0,0,NA,NA,0
"4314",2010,"TB13",6,"ABGR",0,0,0,NA,NA,0
"4315",2010,"TB13",6,"ABLA",0,0,0,NA,NA,0
"4316",2010,"TB13",6,"ABPR",0,0,0,NA,NA,0
"4317",2010,"TB13",6,"ACGL",0,0,0,NA,NA,0
"4318",2010,"TB13",6,"ALRU",0,0,0,NA,NA,0
"4319",2010,"TB13",6,"CANO",0,0,0,NA,NA,0
"4320",2010,"TB13",6,"PICO",0,0,0,NA,NA,0
"4321",2010,"TB13",6,"PIEN",0,0,0,NA,NA,0
"4322",2010,"TB13",6,"PIMO",0,0,0,NA,NA,0
"4323",2010,"TB13",6,"PISI",0,0,0,NA,NA,0
"4324",2010,"TB13",6,"PSME",1,0,0,NA,NA,0
"4325",2010,"TB13",6,"TABR",0,0,0,NA,NA,0
"4326",2010,"TB13",6,"THPL",45,17,10,NA,NA,0
"4327",2010,"TB13",6,"TSHE",510,618,45,NA,NA,69
"4328",2010,"TB13",6,"TSME",0,0,0,NA,NA,0
"4329",2010,"TO04",1,"ABAM",0,0,0,NA,NA,0
"4330",2010,"TO04",1,"ABGR",0,0,0,NA,NA,0
"4331",2010,"TO04",1,"ABLA",0,0,0,NA,NA,0
"4332",2010,"TO04",1,"ABPR",0,0,0,NA,NA,0
"4333",2010,"TO04",1,"ACGL",0,0,0,NA,NA,0
"4334",2010,"TO04",1,"ALRU",0,0,0,NA,NA,0
"4335",2010,"TO04",1,"CANO",0,0,0,NA,NA,0
"4336",2010,"TO04",1,"PICO",0,0,0,NA,NA,0
"4337",2010,"TO04",1,"PIEN",0,0,0,NA,NA,0
"4338",2010,"TO04",1,"PIMO",0,0,0,NA,NA,0
"4339",2010,"TO04",1,"PISI",0,0,0,NA,NA,0
"4340",2010,"TO04",1,"PSME",1,5,0,NA,NA,0
"4341",2010,"TO04",1,"TABR",0,0,0,NA,NA,0
"4342",2010,"TO04",1,"THPL",88,139,0,NA,NA,0
"4343",2010,"TO04",1,"TSHE",325,309,13,NA,NA,17
"4344",2010,"TO04",1,"TSME",0,0,0,NA,NA,0
"4345",2010,"TO04",2,"ABAM",0,2,0,NA,NA,0
"4346",2010,"TO04",2,"ABGR",0,0,0,NA,NA,0
"4347",2010,"TO04",2,"ABLA",0,0,0,NA,NA,0
"4348",2010,"TO04",2,"ABPR",0,0,0,NA,NA,0
"4349",2010,"TO04",2,"ACGL",0,0,0,NA,NA,0
"4350",2010,"TO04",2,"ALRU",0,0,0,NA,NA,0
"4351",2010,"TO04",2,"CANO",0,0,0,NA,NA,0
"4352",2010,"TO04",2,"PICO",0,0,0,NA,NA,0
"4353",2010,"TO04",2,"PIEN",0,0,0,NA,NA,0
"4354",2010,"TO04",2,"PIMO",0,0,0,NA,NA,0
"4355",2010,"TO04",2,"PISI",0,0,0,NA,NA,0
"4356",2010,"TO04",2,"PSME",1,0,0,NA,NA,0
"4357",2010,"TO04",2,"TABR",0,0,0,NA,NA,0
"4358",2010,"TO04",2,"THPL",188,150,2,NA,NA,0
"4359",2010,"TO04",2,"TSHE",282,399,19,NA,NA,31
"4360",2010,"TO04",2,"TSME",0,0,0,NA,NA,0
"4361",2010,"TO04",3,"ABAM",0,0,0,NA,NA,0
"4362",2010,"TO04",3,"ABGR",3,0,0,NA,NA,0
"4363",2010,"TO04",3,"ABLA",0,0,0,NA,NA,0
"4364",2010,"TO04",3,"ABPR",0,0,0,NA,NA,0
"4365",2010,"TO04",3,"ACGL",0,0,0,NA,NA,0
"4366",2010,"TO04",3,"ALRU",0,0,0,NA,NA,0
"4367",2010,"TO04",3,"CANO",0,0,0,NA,NA,0
"4368",2010,"TO04",3,"PICO",0,0,0,NA,NA,0
"4369",2010,"TO04",3,"PIEN",0,0,0,NA,NA,0
"4370",2010,"TO04",3,"PIMO",0,0,0,NA,NA,0
"4371",2010,"TO04",3,"PISI",0,0,0,NA,NA,0
"4372",2010,"TO04",3,"PSME",2,0,0,NA,NA,0
"4373",2010,"TO04",3,"TABR",0,0,0,NA,NA,0
"4374",2010,"TO04",3,"THPL",163,241,1,NA,NA,0
"4375",2010,"TO04",3,"TSHE",318,423,12,NA,NA,39
"4376",2010,"TO04",3,"TSME",0,0,0,NA,NA,0
"4377",2010,"TO04",4,"ABAM",0,0,0,NA,NA,0
"4378",2010,"TO04",4,"ABGR",1,0,0,NA,NA,0
"4379",2010,"TO04",4,"ABLA",0,0,0,NA,NA,0
"4380",2010,"TO04",4,"ABPR",0,0,0,NA,NA,0
"4381",2010,"TO04",4,"ACGL",0,0,0,NA,NA,0
"4382",2010,"TO04",4,"ALRU",0,0,0,NA,NA,0
"4383",2010,"TO04",4,"CANO",0,0,0,NA,NA,0
"4384",2010,"TO04",4,"PICO",0,0,0,NA,NA,0
"4385",2010,"TO04",4,"PIEN",0,0,0,NA,NA,0
"4386",2010,"TO04",4,"PIMO",0,0,0,NA,NA,0
"4387",2010,"TO04",4,"PISI",0,0,0,NA,NA,0
"4388",2010,"TO04",4,"PSME",1,0,0,NA,NA,0
"4389",2010,"TO04",4,"TABR",0,0,0,NA,NA,0
"4390",2010,"TO04",4,"THPL",147,274,4,NA,NA,0
"4391",2010,"TO04",4,"TSHE",226,325,2,NA,NA,3
"4392",2010,"TO04",4,"TSME",0,0,0,NA,NA,0
"4393",2010,"TO04",5,"ABAM",4,5,0,NA,NA,0
"4394",2010,"TO04",5,"ABGR",0,0,0,NA,NA,0
"4395",2010,"TO04",5,"ABLA",0,0,0,NA,NA,0
"4396",2010,"TO04",5,"ABPR",0,0,0,NA,NA,0
"4397",2010,"TO04",5,"ACGL",0,0,0,NA,NA,0
"4398",2010,"TO04",5,"ALRU",0,0,0,NA,NA,0
"4399",2010,"TO04",5,"CANO",0,0,0,NA,NA,0
"4400",2010,"TO04",5,"PICO",0,0,0,NA,NA,0
"4401",2010,"TO04",5,"PIEN",0,0,0,NA,NA,0
"4402",2010,"TO04",5,"PIMO",0,0,0,NA,NA,0
"4403",2010,"TO04",5,"PISI",0,0,0,NA,NA,0
"4404",2010,"TO04",5,"PSME",3,3,0,NA,NA,0
"4405",2010,"TO04",5,"TABR",0,0,0,NA,NA,0
"4406",2010,"TO04",5,"THPL",194,446,25,NA,NA,47
"4407",2010,"TO04",5,"TSHE",256,388,10,NA,NA,103
"4408",2010,"TO04",5,"TSME",0,0,0,NA,NA,0
"4409",2010,"TO04",6,"ABAM",1,1,0,NA,NA,0
"4410",2010,"TO04",6,"ABGR",1,0,0,NA,NA,0
"4411",2010,"TO04",6,"ABLA",0,0,0,NA,NA,0
"4412",2010,"TO04",6,"ABPR",0,0,0,NA,NA,0
"4413",2010,"TO04",6,"ACGL",0,0,0,NA,NA,0
"4414",2010,"TO04",6,"ALRU",0,0,0,NA,NA,0
"4415",2010,"TO04",6,"CANO",0,0,0,NA,NA,0
"4416",2010,"TO04",6,"PICO",0,0,0,NA,NA,0
"4417",2010,"TO04",6,"PIEN",0,0,0,NA,NA,0
"4418",2010,"TO04",6,"PIMO",0,0,0,NA,NA,0
"4419",2010,"TO04",6,"PISI",0,0,0,NA,NA,0
"4420",2010,"TO04",6,"PSME",2,2,0,NA,NA,0
"4421",2010,"TO04",6,"TABR",0,0,0,NA,NA,0
"4422",2010,"TO04",6,"THPL",251,385,32,NA,NA,52
"4423",2010,"TO04",6,"TSHE",278,312,0,NA,NA,0
"4424",2010,"TO04",6,"TSME",0,0,0,NA,NA,0
"4425",2010,"TO11",1,"ABAM",0,0,0,NA,NA,0
"4426",2010,"TO11",1,"ABGR",0,0,0,NA,NA,0
"4427",2010,"TO11",1,"ABLA",0,0,0,NA,NA,0
"4428",2010,"TO11",1,"ABPR",0,0,0,NA,NA,0
"4429",2010,"TO11",1,"ACGL",0,0,0,NA,NA,0
"4430",2010,"TO11",1,"ALRU",0,0,0,NA,NA,0
"4431",2010,"TO11",1,"CANO",0,0,0,NA,NA,0
"4432",2010,"TO11",1,"PICO",0,0,0,NA,NA,0
"4433",2010,"TO11",1,"PIEN",0,0,0,NA,NA,0
"4434",2010,"TO11",1,"PIMO",0,0,0,NA,NA,0
"4435",2010,"TO11",1,"PISI",0,0,0,NA,NA,0
"4436",2010,"TO11",1,"PSME",0,3,0,NA,NA,0
"4437",2010,"TO11",1,"TABR",0,0,0,NA,NA,0
"4438",2010,"TO11",1,"THPL",73,52,1,NA,NA,1
"4439",2010,"TO11",1,"TSHE",626,396,8,NA,NA,3
"4440",2010,"TO11",1,"TSME",0,0,0,NA,NA,0
"4441",2010,"TO11",2,"ABAM",0,0,0,NA,NA,0
"4442",2010,"TO11",2,"ABGR",0,0,0,NA,NA,0
"4443",2010,"TO11",2,"ABLA",0,0,0,NA,NA,0
"4444",2010,"TO11",2,"ABPR",0,1,0,NA,NA,0
"4445",2010,"TO11",2,"ACGL",0,0,0,NA,NA,0
"4446",2010,"TO11",2,"ALRU",0,0,0,NA,NA,0
"4447",2010,"TO11",2,"CANO",0,0,0,NA,NA,0
"4448",2010,"TO11",2,"PICO",0,0,0,NA,NA,0
"4449",2010,"TO11",2,"PIEN",0,0,0,NA,NA,0
"4450",2010,"TO11",2,"PIMO",0,0,0,NA,NA,0
"4451",2010,"TO11",2,"PISI",0,0,0,NA,NA,0
"4452",2010,"TO11",2,"PSME",3,5,3,NA,NA,5
"4453",2010,"TO11",2,"TABR",0,0,0,NA,NA,0
"4454",2010,"TO11",2,"THPL",80,93,3,NA,NA,1
"4455",2010,"TO11",2,"TSHE",517,596,31,NA,NA,131
"4456",2010,"TO11",2,"TSME",0,0,0,NA,NA,0
"4457",2010,"TO11",3,"ABAM",0,1,0,NA,NA,0
"4458",2010,"TO11",3,"ABGR",0,0,0,NA,NA,0
"4459",2010,"TO11",3,"ABLA",0,0,0,NA,NA,0
"4460",2010,"TO11",3,"ABPR",0,0,0,NA,NA,0
"4461",2010,"TO11",3,"ACGL",0,0,0,NA,NA,0
"4462",2010,"TO11",3,"ALRU",0,0,0,NA,NA,0
"4463",2010,"TO11",3,"CANO",0,0,0,NA,NA,0
"4464",2010,"TO11",3,"PICO",0,0,0,NA,NA,0
"4465",2010,"TO11",3,"PIEN",0,0,0,NA,NA,0
"4466",2010,"TO11",3,"PIMO",0,0,0,NA,NA,0
"4467",2010,"TO11",3,"PISI",7,1,0,NA,NA,0
"4468",2010,"TO11",3,"PSME",5,4,1,NA,NA,3
"4469",2010,"TO11",3,"TABR",0,0,0,NA,NA,0
"4470",2010,"TO11",3,"THPL",68,83,2,NA,NA,0
"4471",2010,"TO11",3,"TSHE",476,945,50,NA,NA,129
"4472",2010,"TO11",3,"TSME",0,0,0,NA,NA,0
"4473",2010,"TO11",4,"ABAM",0,0,0,NA,NA,0
"4474",2010,"TO11",4,"ABGR",0,0,0,NA,NA,0
"4475",2010,"TO11",4,"ABLA",0,0,0,NA,NA,0
"4476",2010,"TO11",4,"ABPR",0,0,0,NA,NA,0
"4477",2010,"TO11",4,"ACGL",0,0,0,NA,NA,0
"4478",2010,"TO11",4,"ALRU",0,0,0,NA,NA,0
"4479",2010,"TO11",4,"CANO",0,0,0,NA,NA,0
"4480",2010,"TO11",4,"PICO",0,0,0,NA,NA,0
"4481",2010,"TO11",4,"PIEN",0,0,0,NA,NA,0
"4482",2010,"TO11",4,"PIMO",0,0,0,NA,NA,0
"4483",2010,"TO11",4,"PISI",1,0,0,NA,NA,0
"4484",2010,"TO11",4,"PSME",12,7,0,NA,NA,0
"4485",2010,"TO11",4,"TABR",0,0,0,NA,NA,0
"4486",2010,"TO11",4,"THPL",69,83,1,NA,NA,0
"4487",2010,"TO11",4,"TSHE",747,609,43,NA,NA,192
"4488",2010,"TO11",4,"TSME",0,0,0,NA,NA,0
"4489",2010,"TO11",5,"ABAM",0,0,0,NA,NA,0
"4490",2010,"TO11",5,"ABGR",0,0,0,NA,NA,0
"4491",2010,"TO11",5,"ABLA",0,0,0,NA,NA,0
"4492",2010,"TO11",5,"ABPR",0,1,0,NA,NA,0
"4493",2010,"TO11",5,"ACGL",0,0,0,NA,NA,0
"4494",2010,"TO11",5,"ALRU",0,0,0,NA,NA,0
"4495",2010,"TO11",5,"CANO",0,0,0,NA,NA,0
"4496",2010,"TO11",5,"PICO",0,0,0,NA,NA,0
"4497",2010,"TO11",5,"PIEN",0,0,0,NA,NA,0
"4498",2010,"TO11",5,"PIMO",0,0,0,NA,NA,0
"4499",2010,"TO11",5,"PISI",1,0,0,NA,NA,0
"4500",2010,"TO11",5,"PSME",3,6,0,NA,NA,0
"4501",2010,"TO11",5,"TABR",0,0,0,NA,NA,0
"4502",2010,"TO11",5,"THPL",89,80,2,NA,NA,0
"4503",2010,"TO11",5,"TSHE",481,647,23,NA,NA,79
"4504",2010,"TO11",5,"TSME",0,0,0,NA,NA,0
"4505",2010,"TO11",6,"ABAM",0,0,0,NA,NA,0
"4506",2010,"TO11",6,"ABGR",0,0,0,NA,NA,0
"4507",2010,"TO11",6,"ABLA",0,0,0,NA,NA,0
"4508",2010,"TO11",6,"ABPR",0,0,0,NA,NA,0
"4509",2010,"TO11",6,"ACGL",0,0,0,NA,NA,0
"4510",2010,"TO11",6,"ALRU",0,0,0,NA,NA,0
"4511",2010,"TO11",6,"CANO",0,0,0,NA,NA,0
"4512",2010,"TO11",6,"PICO",0,0,0,NA,NA,0
"4513",2010,"TO11",6,"PIEN",0,0,0,NA,NA,0
"4514",2010,"TO11",6,"PIMO",0,0,0,NA,NA,0
"4515",2010,"TO11",6,"PISI",0,0,0,NA,NA,0
"4516",2010,"TO11",6,"PSME",7,3,0,NA,NA,0
"4517",2010,"TO11",6,"TABR",0,0,0,NA,NA,0
"4518",2010,"TO11",6,"THPL",94,103,0,NA,NA,0
"4519",2010,"TO11",6,"TSHE",463,337,8,NA,NA,21
"4520",2010,"TO11",6,"TSME",0,0,0,NA,NA,0
"4521",2011,"AB08",1,"ABAM",0,0,0,NA,NA,0
"4522",2011,"AB08",1,"ABGR",0,0,0,NA,NA,0
"4523",2011,"AB08",1,"ABLA",0,0,0,NA,NA,0
"4524",2011,"AB08",1,"ABPR",0,0,0,NA,NA,0
"4525",2011,"AB08",1,"ACGL",0,0,0,NA,NA,0
"4526",2011,"AB08",1,"ALRU",0,0,0,NA,NA,0
"4527",2011,"AB08",1,"CANO",0,0,0,NA,NA,0
"4528",2011,"AB08",1,"PICO",0,0,0,NA,NA,0
"4529",2011,"AB08",1,"PIEN",0,0,0,NA,NA,0
"4530",2011,"AB08",1,"PIMO",0,0,0,NA,NA,0
"4531",2011,"AB08",1,"PISI",0,0,0,NA,NA,0
"4532",2011,"AB08",1,"PSME",1,0,0,NA,NA,0
"4533",2011,"AB08",1,"TABR",0,0,0,NA,NA,0
"4534",2011,"AB08",1,"THPL",2,0,0,NA,NA,0
"4535",2011,"AB08",1,"TSHE",40,3,18,NA,NA,27
"4536",2011,"AB08",1,"TSME",0,0,0,NA,NA,0
"4537",2011,"AB08",2,"ABAM",0,0,0,NA,NA,0
"4538",2011,"AB08",2,"ABGR",0,0,0,NA,NA,0
"4539",2011,"AB08",2,"ABLA",0,0,0,NA,NA,0
"4540",2011,"AB08",2,"ABPR",0,0,0,NA,NA,0
"4541",2011,"AB08",2,"ACGL",0,0,0,NA,NA,0
"4542",2011,"AB08",2,"ALRU",0,0,0,NA,NA,0
"4543",2011,"AB08",2,"CANO",0,0,0,NA,NA,0
"4544",2011,"AB08",2,"PICO",0,0,0,NA,NA,0
"4545",2011,"AB08",2,"PIEN",0,0,0,NA,NA,0
"4546",2011,"AB08",2,"PIMO",0,0,0,NA,NA,0
"4547",2011,"AB08",2,"PISI",0,0,0,NA,NA,0
"4548",2011,"AB08",2,"PSME",3,0,0,NA,NA,0
"4549",2011,"AB08",2,"TABR",0,0,0,NA,NA,0
"4550",2011,"AB08",2,"THPL",2,0,0,NA,NA,0
"4551",2011,"AB08",2,"TSHE",70,6,20,NA,NA,5
"4552",2011,"AB08",2,"TSME",0,0,0,NA,NA,0
"4553",2011,"AB08",3,"ABAM",0,0,0,NA,NA,0
"4554",2011,"AB08",3,"ABGR",0,0,0,NA,NA,0
"4555",2011,"AB08",3,"ABLA",0,0,0,NA,NA,0
"4556",2011,"AB08",3,"ABPR",0,0,0,NA,NA,0
"4557",2011,"AB08",3,"ACGL",0,0,0,NA,NA,0
"4558",2011,"AB08",3,"ALRU",0,0,0,NA,NA,0
"4559",2011,"AB08",3,"CANO",0,0,0,NA,NA,0
"4560",2011,"AB08",3,"PICO",0,0,0,NA,NA,0
"4561",2011,"AB08",3,"PIEN",0,0,0,NA,NA,0
"4562",2011,"AB08",3,"PIMO",0,0,0,NA,NA,0
"4563",2011,"AB08",3,"PISI",0,0,0,NA,NA,0
"4564",2011,"AB08",3,"PSME",1,0,0,NA,NA,0
"4565",2011,"AB08",3,"TABR",0,0,0,NA,NA,0
"4566",2011,"AB08",3,"THPL",3,0,0,NA,NA,0
"4567",2011,"AB08",3,"TSHE",40,6,7,NA,NA,2
"4568",2011,"AB08",3,"TSME",0,0,0,NA,NA,0
"4569",2011,"AB08",4,"ABAM",0,0,0,NA,NA,0
"4570",2011,"AB08",4,"ABGR",0,0,0,NA,NA,0
"4571",2011,"AB08",4,"ABLA",0,0,0,NA,NA,0
"4572",2011,"AB08",4,"ABPR",0,0,0,NA,NA,0
"4573",2011,"AB08",4,"ACGL",0,0,0,NA,NA,0
"4574",2011,"AB08",4,"ALRU",0,0,0,NA,NA,0
"4575",2011,"AB08",4,"CANO",0,0,0,NA,NA,0
"4576",2011,"AB08",4,"PICO",0,0,0,NA,NA,0
"4577",2011,"AB08",4,"PIEN",0,0,0,NA,NA,0
"4578",2011,"AB08",4,"PIMO",0,0,0,NA,NA,0
"4579",2011,"AB08",4,"PISI",0,0,0,NA,NA,0
"4580",2011,"AB08",4,"PSME",3,0,0,NA,NA,0
"4581",2011,"AB08",4,"TABR",0,0,0,NA,NA,0
"4582",2011,"AB08",4,"THPL",0,0,0,NA,NA,0
"4583",2011,"AB08",4,"TSHE",86,11,8,NA,NA,1
"4584",2011,"AB08",4,"TSME",0,0,0,NA,NA,0
"4585",2011,"AB08",5,"ABAM",0,0,0,NA,NA,0
"4586",2011,"AB08",5,"ABGR",0,0,0,NA,NA,0
"4587",2011,"AB08",5,"ABLA",0,0,0,NA,NA,0
"4588",2011,"AB08",5,"ABPR",0,0,0,NA,NA,0
"4589",2011,"AB08",5,"ACGL",0,0,0,NA,NA,0
"4590",2011,"AB08",5,"ALRU",0,0,0,NA,NA,0
"4591",2011,"AB08",5,"CANO",0,0,0,NA,NA,0
"4592",2011,"AB08",5,"PICO",0,0,0,NA,NA,0
"4593",2011,"AB08",5,"PIEN",0,0,0,NA,NA,0
"4594",2011,"AB08",5,"PIMO",0,0,0,NA,NA,0
"4595",2011,"AB08",5,"PISI",0,0,0,NA,NA,0
"4596",2011,"AB08",5,"PSME",0,0,0,NA,NA,0
"4597",2011,"AB08",5,"TABR",0,0,0,NA,NA,0
"4598",2011,"AB08",5,"THPL",4,0,0,NA,NA,0
"4599",2011,"AB08",5,"TSHE",34,5,21,NA,NA,2
"4600",2011,"AB08",5,"TSME",0,0,0,NA,NA,0
"4601",2011,"AB08",6,"ABAM",0,0,0,NA,NA,0
"4602",2011,"AB08",6,"ABGR",0,0,0,NA,NA,0
"4603",2011,"AB08",6,"ABLA",0,0,0,NA,NA,0
"4604",2011,"AB08",6,"ABPR",0,0,0,NA,NA,0
"4605",2011,"AB08",6,"ACGL",0,0,0,NA,NA,0
"4606",2011,"AB08",6,"ALRU",0,0,0,NA,NA,0
"4607",2011,"AB08",6,"CANO",0,0,0,NA,NA,0
"4608",2011,"AB08",6,"PICO",0,0,0,NA,NA,0
"4609",2011,"AB08",6,"PIEN",0,0,0,NA,NA,0
"4610",2011,"AB08",6,"PIMO",0,0,0,NA,NA,0
"4611",2011,"AB08",6,"PISI",0,0,0,NA,NA,0
"4612",2011,"AB08",6,"PSME",1,0,0,NA,NA,0
"4613",2011,"AB08",6,"TABR",0,0,0,NA,NA,0
"4614",2011,"AB08",6,"THPL",0,0,5,NA,NA,46
"4615",2011,"AB08",6,"TSHE",52,6,66,NA,NA,9
"4616",2011,"AB08",6,"TSME",0,0,0,NA,NA,0
"4617",2011,"AE10",1,"ABAM",0,0,0,NA,NA,0
"4618",2011,"AE10",1,"ABGR",0,0,0,NA,NA,0
"4619",2011,"AE10",1,"ABLA",2,0,0,NA,NA,0
"4620",2011,"AE10",1,"ABPR",0,1,0,NA,NA,0
"4621",2011,"AE10",1,"ACGL",0,0,0,NA,NA,0
"4622",2011,"AE10",1,"ALRU",0,0,0,NA,NA,0
"4623",2011,"AE10",1,"CANO",2,0,0,NA,NA,0
"4624",2011,"AE10",1,"PICO",0,0,0,NA,NA,0
"4625",2011,"AE10",1,"PIEN",0,0,0,NA,NA,0
"4626",2011,"AE10",1,"PIMO",0,0,0,NA,NA,0
"4627",2011,"AE10",1,"PISI",0,0,0,NA,NA,0
"4628",2011,"AE10",1,"PSME",0,0,0,NA,NA,0
"4629",2011,"AE10",1,"TABR",0,0,0,NA,NA,0
"4630",2011,"AE10",1,"THPL",0,0,0,NA,NA,0
"4631",2011,"AE10",1,"TSHE",0,0,0,NA,NA,0
"4632",2011,"AE10",1,"TSME",0,0,0,NA,NA,0
"4633",2011,"AE10",2,"ABAM",0,4,0,NA,NA,0
"4634",2011,"AE10",2,"ABGR",0,0,0,NA,NA,0
"4635",2011,"AE10",2,"ABLA",0,0,0,NA,NA,0
"4636",2011,"AE10",2,"ABPR",0,0,0,NA,NA,0
"4637",2011,"AE10",2,"ACGL",0,0,0,NA,NA,0
"4638",2011,"AE10",2,"ALRU",0,0,0,NA,NA,0
"4639",2011,"AE10",2,"CANO",3,1,0,NA,NA,0
"4640",2011,"AE10",2,"PICO",0,0,0,NA,NA,0
"4641",2011,"AE10",2,"PIEN",0,0,0,NA,NA,0
"4642",2011,"AE10",2,"PIMO",0,0,0,NA,NA,0
"4643",2011,"AE10",2,"PISI",0,0,0,NA,NA,0
"4644",2011,"AE10",2,"PSME",0,0,0,NA,NA,0
"4645",2011,"AE10",2,"TABR",0,0,0,NA,NA,0
"4646",2011,"AE10",2,"THPL",0,0,0,NA,NA,0
"4647",2011,"AE10",2,"TSHE",0,0,0,NA,NA,0
"4648",2011,"AE10",2,"TSME",3,1,0,NA,NA,0
"4649",2011,"AE10",3,"ABAM",0,0,0,NA,NA,0
"4650",2011,"AE10",3,"ABGR",0,0,0,NA,NA,0
"4651",2011,"AE10",3,"ABLA",0,0,0,NA,NA,0
"4652",2011,"AE10",3,"ABPR",0,0,0,NA,NA,0
"4653",2011,"AE10",3,"ACGL",0,0,0,NA,NA,0
"4654",2011,"AE10",3,"ALRU",0,0,0,NA,NA,0
"4655",2011,"AE10",3,"CANO",3,2,0,NA,NA,0
"4656",2011,"AE10",3,"PICO",0,0,0,NA,NA,0
"4657",2011,"AE10",3,"PIEN",0,0,0,NA,NA,0
"4658",2011,"AE10",3,"PIMO",0,0,0,NA,NA,0
"4659",2011,"AE10",3,"PISI",0,0,0,NA,NA,0
"4660",2011,"AE10",3,"PSME",0,0,0,NA,NA,0
"4661",2011,"AE10",3,"TABR",0,0,0,NA,NA,0
"4662",2011,"AE10",3,"THPL",0,0,0,NA,NA,0
"4663",2011,"AE10",3,"TSHE",0,0,0,NA,NA,0
"4664",2011,"AE10",3,"TSME",0,0,0,NA,NA,0
"4665",2011,"AE10",4,"ABAM",0,1,0,NA,NA,0
"4666",2011,"AE10",4,"ABGR",0,0,0,NA,NA,0
"4667",2011,"AE10",4,"ABLA",0,0,0,NA,NA,0
"4668",2011,"AE10",4,"ABPR",0,0,0,NA,NA,0
"4669",2011,"AE10",4,"ACGL",0,0,0,NA,NA,0
"4670",2011,"AE10",4,"ALRU",0,0,0,NA,NA,0
"4671",2011,"AE10",4,"CANO",0,1,0,NA,NA,0
"4672",2011,"AE10",4,"PICO",0,0,0,NA,NA,0
"4673",2011,"AE10",4,"PIEN",0,0,0,NA,NA,0
"4674",2011,"AE10",4,"PIMO",0,0,0,NA,NA,0
"4675",2011,"AE10",4,"PISI",0,0,0,NA,NA,0
"4676",2011,"AE10",4,"PSME",0,0,0,NA,NA,0
"4677",2011,"AE10",4,"TABR",0,0,0,NA,NA,0
"4678",2011,"AE10",4,"THPL",0,0,0,NA,NA,0
"4679",2011,"AE10",4,"TSHE",0,0,0,NA,NA,0
"4680",2011,"AE10",4,"TSME",0,0,0,NA,NA,0
"4681",2011,"AE10",5,"ABAM",1,1,0,NA,NA,0
"4682",2011,"AE10",5,"ABGR",0,0,0,NA,NA,0
"4683",2011,"AE10",5,"ABLA",0,0,0,NA,NA,0
"4684",2011,"AE10",5,"ABPR",0,0,0,NA,NA,0
"4685",2011,"AE10",5,"ACGL",0,0,0,NA,NA,0
"4686",2011,"AE10",5,"ALRU",0,0,0,NA,NA,0
"4687",2011,"AE10",5,"CANO",2,1,0,NA,NA,0
"4688",2011,"AE10",5,"PICO",0,0,0,NA,NA,0
"4689",2011,"AE10",5,"PIEN",0,0,0,NA,NA,0
"4690",2011,"AE10",5,"PIMO",0,0,0,NA,NA,0
"4691",2011,"AE10",5,"PISI",0,0,0,NA,NA,0
"4692",2011,"AE10",5,"PSME",0,0,0,NA,NA,0
"4693",2011,"AE10",5,"TABR",0,0,0,NA,NA,0
"4694",2011,"AE10",5,"THPL",0,0,0,NA,NA,0
"4695",2011,"AE10",5,"TSHE",0,0,0,NA,NA,0
"4696",2011,"AE10",5,"TSME",0,0,1,NA,NA,0
"4697",2011,"AE10",6,"ABAM",1,0,0,NA,NA,0
"4698",2011,"AE10",6,"ABGR",0,0,0,NA,NA,0
"4699",2011,"AE10",6,"ABLA",0,0,0,NA,NA,0
"4700",2011,"AE10",6,"ABPR",0,0,0,NA,NA,0
"4701",2011,"AE10",6,"ACGL",0,0,0,NA,NA,0
"4702",2011,"AE10",6,"ALRU",0,0,0,NA,NA,0
"4703",2011,"AE10",6,"CANO",2,1,0,NA,NA,0
"4704",2011,"AE10",6,"PICO",0,0,0,NA,NA,0
"4705",2011,"AE10",6,"PIEN",0,0,0,NA,NA,0
"4706",2011,"AE10",6,"PIMO",0,0,0,NA,NA,0
"4707",2011,"AE10",6,"PISI",0,0,0,NA,NA,0
"4708",2011,"AE10",6,"PSME",0,0,0,NA,NA,0
"4709",2011,"AE10",6,"TABR",0,0,0,NA,NA,0
"4710",2011,"AE10",6,"THPL",0,0,0,NA,NA,0
"4711",2011,"AE10",6,"TSHE",0,0,0,NA,NA,0
"4712",2011,"AE10",6,"TSME",2,1,0,NA,NA,0
"4713",2011,"AG05",1,"ABAM",3,1,0,NA,NA,0
"4714",2011,"AG05",1,"ABGR",0,0,0,NA,NA,0
"4715",2011,"AG05",1,"ABLA",0,0,0,NA,NA,0
"4716",2011,"AG05",1,"ABPR",0,0,0,NA,NA,0
"4717",2011,"AG05",1,"ACGL",0,0,0,NA,NA,0
"4718",2011,"AG05",1,"ALRU",0,0,0,NA,NA,0
"4719",2011,"AG05",1,"CANO",0,0,0,NA,NA,0
"4720",2011,"AG05",1,"PICO",0,0,0,NA,NA,0
"4721",2011,"AG05",1,"PIEN",0,0,0,NA,NA,0
"4722",2011,"AG05",1,"PIMO",0,0,0,NA,NA,0
"4723",2011,"AG05",1,"PISI",0,0,0,NA,NA,0
"4724",2011,"AG05",1,"PSME",1,0,0,NA,NA,0
"4725",2011,"AG05",1,"TABR",0,0,0,NA,NA,0
"4726",2011,"AG05",1,"THPL",5,0,11,NA,NA,52
"4727",2011,"AG05",1,"TSHE",5,4,0,NA,NA,0
"4728",2011,"AG05",1,"TSME",0,0,0,NA,NA,0
"4729",2011,"AG05",2,"ABAM",0,0,0,NA,NA,0
"4730",2011,"AG05",2,"ABGR",0,0,0,NA,NA,0
"4731",2011,"AG05",2,"ABLA",0,0,0,NA,NA,0
"4732",2011,"AG05",2,"ABPR",0,0,0,NA,NA,0
"4733",2011,"AG05",2,"ACGL",0,0,0,NA,NA,0
"4734",2011,"AG05",2,"ALRU",0,0,0,NA,NA,0
"4735",2011,"AG05",2,"CANO",0,0,0,NA,NA,0
"4736",2011,"AG05",2,"PICO",0,0,0,NA,NA,0
"4737",2011,"AG05",2,"PIEN",0,0,0,NA,NA,0
"4738",2011,"AG05",2,"PIMO",0,0,0,NA,NA,0
"4739",2011,"AG05",2,"PISI",0,0,0,NA,NA,0
"4740",2011,"AG05",2,"PSME",0,2,0,NA,NA,0
"4741",2011,"AG05",2,"TABR",0,0,0,NA,NA,0
"4742",2011,"AG05",2,"THPL",3,0,21,NA,NA,52
"4743",2011,"AG05",2,"TSHE",1,6,0,NA,NA,0
"4744",2011,"AG05",2,"TSME",0,0,0,NA,NA,0
"4745",2011,"AG05",3,"ABAM",2,1,0,NA,NA,0
"4746",2011,"AG05",3,"ABGR",0,0,0,NA,NA,0
"4747",2011,"AG05",3,"ABLA",0,0,0,NA,NA,0
"4748",2011,"AG05",3,"ABPR",0,0,0,NA,NA,0
"4749",2011,"AG05",3,"ACGL",0,0,0,NA,NA,0
"4750",2011,"AG05",3,"ALRU",0,0,0,NA,NA,0
"4751",2011,"AG05",3,"CANO",0,0,0,NA,NA,0
"4752",2011,"AG05",3,"PICO",0,0,0,NA,NA,0
"4753",2011,"AG05",3,"PIEN",0,0,0,NA,NA,0
"4754",2011,"AG05",3,"PIMO",0,0,0,NA,NA,0
"4755",2011,"AG05",3,"PISI",0,0,0,NA,NA,0
"4756",2011,"AG05",3,"PSME",3,1,0,NA,NA,0
"4757",2011,"AG05",3,"TABR",0,0,0,NA,NA,0
"4758",2011,"AG05",3,"THPL",3,0,12,NA,NA,27
"4759",2011,"AG05",3,"TSHE",1,1,0,NA,NA,0
"4760",2011,"AG05",3,"TSME",0,0,0,NA,NA,0
"4761",2011,"AG05",4,"ABAM",1,0,0,NA,NA,0
"4762",2011,"AG05",4,"ABGR",0,0,0,NA,NA,0
"4763",2011,"AG05",4,"ABLA",0,0,0,NA,NA,0
"4764",2011,"AG05",4,"ABPR",0,0,0,NA,NA,0
"4765",2011,"AG05",4,"ACGL",0,0,0,NA,NA,0
"4766",2011,"AG05",4,"ALRU",0,0,0,NA,NA,0
"4767",2011,"AG05",4,"CANO",0,0,0,NA,NA,0
"4768",2011,"AG05",4,"PICO",0,0,0,NA,NA,0
"4769",2011,"AG05",4,"PIEN",0,0,0,NA,NA,0
"4770",2011,"AG05",4,"PIMO",0,0,0,NA,NA,0
"4771",2011,"AG05",4,"PISI",0,0,0,NA,NA,0
"4772",2011,"AG05",4,"PSME",0,2,0,NA,NA,0
"4773",2011,"AG05",4,"TABR",0,0,0,NA,NA,0
"4774",2011,"AG05",4,"THPL",10,0,15,NA,NA,66
"4775",2011,"AG05",4,"TSHE",4,2,0,NA,NA,0
"4776",2011,"AG05",4,"TSME",0,0,0,NA,NA,0
"4777",2011,"AG05",5,"ABAM",3,0,0,NA,NA,0
"4778",2011,"AG05",5,"ABGR",0,0,0,NA,NA,0
"4779",2011,"AG05",5,"ABLA",0,0,0,NA,NA,0
"4780",2011,"AG05",5,"ABPR",0,0,0,NA,NA,0
"4781",2011,"AG05",5,"ACGL",0,0,0,NA,NA,0
"4782",2011,"AG05",5,"ALRU",0,0,0,NA,NA,0
"4783",2011,"AG05",5,"CANO",0,0,0,NA,NA,0
"4784",2011,"AG05",5,"PICO",0,0,0,NA,NA,0
"4785",2011,"AG05",5,"PIEN",0,0,0,NA,NA,0
"4786",2011,"AG05",5,"PIMO",0,0,0,NA,NA,0
"4787",2011,"AG05",5,"PISI",0,0,0,NA,NA,0
"4788",2011,"AG05",5,"PSME",2,1,0,NA,NA,0
"4789",2011,"AG05",5,"TABR",0,0,0,NA,NA,0
"4790",2011,"AG05",5,"THPL",8,0,18,NA,NA,42
"4791",2011,"AG05",5,"TSHE",1,0,0,NA,NA,0
"4792",2011,"AG05",5,"TSME",0,0,0,NA,NA,0
"4793",2011,"AG05",6,"ABAM",1,1,0,NA,NA,0
"4794",2011,"AG05",6,"ABGR",0,0,0,NA,NA,0
"4795",2011,"AG05",6,"ABLA",0,0,0,NA,NA,0
"4796",2011,"AG05",6,"ABPR",0,0,0,NA,NA,0
"4797",2011,"AG05",6,"ACGL",0,0,0,NA,NA,0
"4798",2011,"AG05",6,"ALRU",0,0,0,NA,NA,0
"4799",2011,"AG05",6,"CANO",0,0,0,NA,NA,0
"4800",2011,"AG05",6,"PICO",0,0,0,NA,NA,0
"4801",2011,"AG05",6,"PIEN",0,0,0,NA,NA,0
"4802",2011,"AG05",6,"PIMO",0,0,0,NA,NA,0
"4803",2011,"AG05",6,"PISI",0,0,0,NA,NA,0
"4804",2011,"AG05",6,"PSME",8,1,0,NA,NA,0
"4805",2011,"AG05",6,"TABR",0,0,0,NA,NA,0
"4806",2011,"AG05",6,"THPL",14,2,6,NA,NA,34
"4807",2011,"AG05",6,"TSHE",4,0,1,NA,NA,0
"4808",2011,"AG05",6,"TSME",0,0,0,NA,NA,0
"4809",2011,"AM16",1,"ABAM",0,0,0,NA,NA,0
"4810",2011,"AM16",1,"ABGR",0,0,0,NA,NA,0
"4811",2011,"AM16",1,"ABLA",0,0,0,NA,NA,0
"4812",2011,"AM16",1,"ABPR",0,0,0,NA,NA,0
"4813",2011,"AM16",1,"ACGL",0,0,0,NA,NA,0
"4814",2011,"AM16",1,"ALRU",0,0,0,NA,NA,0
"4815",2011,"AM16",1,"CANO",3,0,1,NA,NA,3
"4816",2011,"AM16",1,"PICO",0,0,0,NA,NA,0
"4817",2011,"AM16",1,"PIEN",0,0,0,NA,NA,0
"4818",2011,"AM16",1,"PIMO",0,0,0,NA,NA,0
"4819",2011,"AM16",1,"PISI",0,0,0,NA,NA,0
"4820",2011,"AM16",1,"PSME",0,0,0,NA,NA,0
"4821",2011,"AM16",1,"TABR",0,0,0,NA,NA,0
"4822",2011,"AM16",1,"THPL",0,0,0,NA,NA,0
"4823",2011,"AM16",1,"TSHE",10,0,3,NA,NA,1
"4824",2011,"AM16",1,"TSME",3,0,0,NA,NA,0
"4825",2011,"AM16",2,"ABAM",0,0,0,NA,NA,0
"4826",2011,"AM16",2,"ABGR",0,0,0,NA,NA,0
"4827",2011,"AM16",2,"ABLA",0,0,0,NA,NA,0
"4828",2011,"AM16",2,"ABPR",0,0,0,NA,NA,0
"4829",2011,"AM16",2,"ACGL",0,0,0,NA,NA,0
"4830",2011,"AM16",2,"ALRU",0,0,0,NA,NA,0
"4831",2011,"AM16",2,"CANO",1,0,0,NA,NA,0
"4832",2011,"AM16",2,"PICO",0,0,0,NA,NA,0
"4833",2011,"AM16",2,"PIEN",0,0,0,NA,NA,0
"4834",2011,"AM16",2,"PIMO",0,0,0,NA,NA,0
"4835",2011,"AM16",2,"PISI",0,0,0,NA,NA,0
"4836",2011,"AM16",2,"PSME",0,0,0,NA,NA,0
"4837",2011,"AM16",2,"TABR",0,0,0,NA,NA,0
"4838",2011,"AM16",2,"THPL",0,0,0,NA,NA,0
"4839",2011,"AM16",2,"TSHE",9,6,0,NA,NA,0
"4840",2011,"AM16",2,"TSME",7,2,0,NA,NA,0
"4841",2011,"AM16",3,"ABAM",1,0,0,NA,NA,0
"4842",2011,"AM16",3,"ABGR",0,0,0,NA,NA,0
"4843",2011,"AM16",3,"ABLA",0,0,0,NA,NA,0
"4844",2011,"AM16",3,"ABPR",0,0,0,NA,NA,0
"4845",2011,"AM16",3,"ACGL",0,0,0,NA,NA,0
"4846",2011,"AM16",3,"ALRU",0,0,0,NA,NA,0
"4847",2011,"AM16",3,"CANO",0,2,2,NA,NA,9
"4848",2011,"AM16",3,"PICO",0,0,0,NA,NA,0
"4849",2011,"AM16",3,"PIEN",0,0,0,NA,NA,0
"4850",2011,"AM16",3,"PIMO",0,0,0,NA,NA,0
"4851",2011,"AM16",3,"PISI",0,0,0,NA,NA,0
"4852",2011,"AM16",3,"PSME",0,0,0,NA,NA,0
"4853",2011,"AM16",3,"TABR",0,0,0,NA,NA,0
"4854",2011,"AM16",3,"THPL",0,0,0,NA,NA,0
"4855",2011,"AM16",3,"TSHE",5,2,0,NA,NA,0
"4856",2011,"AM16",3,"TSME",16,3,1,NA,NA,0
"4857",2011,"AM16",4,"ABAM",0,0,0,NA,NA,0
"4858",2011,"AM16",4,"ABGR",0,0,0,NA,NA,0
"4859",2011,"AM16",4,"ABLA",0,0,0,NA,NA,0
"4860",2011,"AM16",4,"ABPR",0,0,0,NA,NA,0
"4861",2011,"AM16",4,"ACGL",0,0,0,NA,NA,0
"4862",2011,"AM16",4,"ALRU",0,0,0,NA,NA,0
"4863",2011,"AM16",4,"CANO",4,0,0,NA,NA,0
"4864",2011,"AM16",4,"PICO",0,0,0,NA,NA,0
"4865",2011,"AM16",4,"PIEN",0,0,0,NA,NA,0
"4866",2011,"AM16",4,"PIMO",0,0,0,NA,NA,0
"4867",2011,"AM16",4,"PISI",0,0,0,NA,NA,0
"4868",2011,"AM16",4,"PSME",0,0,0,NA,NA,0
"4869",2011,"AM16",4,"TABR",0,0,0,NA,NA,0
"4870",2011,"AM16",4,"THPL",0,0,0,NA,NA,0
"4871",2011,"AM16",4,"TSHE",8,3,2,NA,NA,0
"4872",2011,"AM16",4,"TSME",9,2,6,NA,NA,67
"4873",2011,"AM16",5,"ABAM",0,0,0,NA,NA,0
"4874",2011,"AM16",5,"ABGR",0,0,0,NA,NA,0
"4875",2011,"AM16",5,"ABLA",0,0,0,NA,NA,0
"4876",2011,"AM16",5,"ABPR",0,0,0,NA,NA,0
"4877",2011,"AM16",5,"ACGL",0,0,0,NA,NA,0
"4878",2011,"AM16",5,"ALRU",0,0,0,NA,NA,0
"4879",2011,"AM16",5,"CANO",24,6,2,NA,NA,0
"4880",2011,"AM16",5,"PICO",0,0,0,NA,NA,0
"4881",2011,"AM16",5,"PIEN",0,0,0,NA,NA,0
"4882",2011,"AM16",5,"PIMO",0,0,0,NA,NA,0
"4883",2011,"AM16",5,"PISI",0,0,0,NA,NA,0
"4884",2011,"AM16",5,"PSME",0,0,0,NA,NA,0
"4885",2011,"AM16",5,"TABR",0,0,0,NA,NA,0
"4886",2011,"AM16",5,"THPL",0,0,0,NA,NA,0
"4887",2011,"AM16",5,"TSHE",8,3,2,NA,NA,0
"4888",2011,"AM16",5,"TSME",5,1,0,NA,NA,0
"4889",2011,"AM16",6,"ABAM",0,0,0,NA,NA,0
"4890",2011,"AM16",6,"ABGR",0,0,0,NA,NA,0
"4891",2011,"AM16",6,"ABLA",0,0,0,NA,NA,0
"4892",2011,"AM16",6,"ABPR",0,0,0,NA,NA,0
"4893",2011,"AM16",6,"ACGL",0,0,0,NA,NA,0
"4894",2011,"AM16",6,"ALRU",0,0,0,NA,NA,0
"4895",2011,"AM16",6,"CANO",19,0,1,NA,NA,0
"4896",2011,"AM16",6,"PICO",0,0,0,NA,NA,0
"4897",2011,"AM16",6,"PIEN",0,0,0,NA,NA,0
"4898",2011,"AM16",6,"PIMO",0,0,0,NA,NA,0
"4899",2011,"AM16",6,"PISI",0,0,0,NA,NA,0
"4900",2011,"AM16",6,"PSME",0,0,0,NA,NA,0
"4901",2011,"AM16",6,"TABR",0,0,0,NA,NA,0
"4902",2011,"AM16",6,"THPL",0,0,0,NA,NA,0
"4903",2011,"AM16",6,"TSHE",11,3,2,NA,NA,0
"4904",2011,"AM16",6,"TSME",5,2,0,NA,NA,0
"4905",2011,"AO03",1,"ABAM",0,0,0,NA,NA,0
"4906",2011,"AO03",1,"ABGR",0,0,0,NA,NA,0
"4907",2011,"AO03",1,"ABLA",0,0,0,NA,NA,0
"4908",2011,"AO03",1,"ABPR",0,0,0,NA,NA,0
"4909",2011,"AO03",1,"ACGL",0,0,0,NA,NA,0
"4910",2011,"AO03",1,"ALRU",0,0,0,NA,NA,0
"4911",2011,"AO03",1,"CANO",0,0,0,NA,NA,0
"4912",2011,"AO03",1,"PICO",0,0,0,NA,NA,0
"4913",2011,"AO03",1,"PIEN",0,0,0,NA,NA,0
"4914",2011,"AO03",1,"PIMO",0,0,0,NA,NA,0
"4915",2011,"AO03",1,"PISI",0,0,0,NA,NA,0
"4916",2011,"AO03",1,"PSME",0,0,0,NA,NA,0
"4917",2011,"AO03",1,"TABR",0,0,0,NA,NA,0
"4918",2011,"AO03",1,"THPL",9,2,12,NA,NA,41
"4919",2011,"AO03",1,"TSHE",33,22,13,NA,NA,8
"4920",2011,"AO03",1,"TSME",0,0,0,NA,NA,0
"4921",2011,"AO03",2,"ABAM",0,0,0,NA,NA,0
"4922",2011,"AO03",2,"ABGR",0,0,0,NA,NA,0
"4923",2011,"AO03",2,"ABLA",0,0,0,NA,NA,0
"4924",2011,"AO03",2,"ABPR",0,0,0,NA,NA,0
"4925",2011,"AO03",2,"ACGL",0,0,0,NA,NA,0
"4926",2011,"AO03",2,"ALRU",0,0,0,NA,NA,0
"4927",2011,"AO03",2,"CANO",0,0,0,NA,NA,0
"4928",2011,"AO03",2,"PICO",0,0,0,NA,NA,0
"4929",2011,"AO03",2,"PIEN",0,0,0,NA,NA,0
"4930",2011,"AO03",2,"PIMO",0,0,0,NA,NA,0
"4931",2011,"AO03",2,"PISI",0,0,0,NA,NA,0
"4932",2011,"AO03",2,"PSME",2,0,0,NA,NA,0
"4933",2011,"AO03",2,"TABR",0,0,0,NA,NA,0
"4934",2011,"AO03",2,"THPL",12,0,10,NA,NA,12
"4935",2011,"AO03",2,"TSHE",53,13,23,NA,NA,24
"4936",2011,"AO03",2,"TSME",0,0,0,NA,NA,0
"4937",2011,"AO03",3,"ABAM",0,2,0,NA,NA,0
"4938",2011,"AO03",3,"ABGR",0,0,0,NA,NA,0
"4939",2011,"AO03",3,"ABLA",0,0,0,NA,NA,0
"4940",2011,"AO03",3,"ABPR",0,0,0,NA,NA,0
"4941",2011,"AO03",3,"ACGL",0,0,0,NA,NA,0
"4942",2011,"AO03",3,"ALRU",0,0,0,NA,NA,0
"4943",2011,"AO03",3,"CANO",0,0,0,NA,NA,0
"4944",2011,"AO03",3,"PICO",0,0,0,NA,NA,0
"4945",2011,"AO03",3,"PIEN",0,0,0,NA,NA,0
"4946",2011,"AO03",3,"PIMO",0,0,0,NA,NA,0
"4947",2011,"AO03",3,"PISI",0,0,0,NA,NA,0
"4948",2011,"AO03",3,"PSME",2,1,0,NA,NA,0
"4949",2011,"AO03",3,"TABR",0,0,0,NA,NA,0
"4950",2011,"AO03",3,"THPL",16,0,34,NA,NA,186
"4951",2011,"AO03",3,"TSHE",81,62,40,NA,NA,44
"4952",2011,"AO03",3,"TSME",0,0,0,NA,NA,0
"4953",2011,"AO03",4,"ABAM",0,0,0,NA,NA,0
"4954",2011,"AO03",4,"ABGR",0,0,0,NA,NA,0
"4955",2011,"AO03",4,"ABLA",0,0,0,NA,NA,0
"4956",2011,"AO03",4,"ABPR",0,0,0,NA,NA,0
"4957",2011,"AO03",4,"ACGL",0,0,0,NA,NA,0
"4958",2011,"AO03",4,"ALRU",0,0,0,NA,NA,0
"4959",2011,"AO03",4,"CANO",0,0,0,NA,NA,0
"4960",2011,"AO03",4,"PICO",0,0,0,NA,NA,0
"4961",2011,"AO03",4,"PIEN",0,0,0,NA,NA,0
"4962",2011,"AO03",4,"PIMO",0,0,0,NA,NA,0
"4963",2011,"AO03",4,"PISI",0,0,0,NA,NA,0
"4964",2011,"AO03",4,"PSME",7,2,1,NA,NA,7
"4965",2011,"AO03",4,"TABR",0,0,0,NA,NA,0
"4966",2011,"AO03",4,"THPL",23,3,16,NA,NA,30
"4967",2011,"AO03",4,"TSHE",37,50,17,NA,NA,4
"4968",2011,"AO03",4,"TSME",0,0,0,NA,NA,0
"4969",2011,"AO03",5,"ABAM",3,2,0,NA,NA,0
"4970",2011,"AO03",5,"ABGR",0,0,0,NA,NA,0
"4971",2011,"AO03",5,"ABLA",0,0,0,NA,NA,0
"4972",2011,"AO03",5,"ABPR",0,0,0,NA,NA,0
"4973",2011,"AO03",5,"ACGL",0,0,0,NA,NA,0
"4974",2011,"AO03",5,"ALRU",0,0,0,NA,NA,0
"4975",2011,"AO03",5,"CANO",0,0,0,NA,NA,0
"4976",2011,"AO03",5,"PICO",0,0,0,NA,NA,0
"4977",2011,"AO03",5,"PIEN",0,0,0,NA,NA,0
"4978",2011,"AO03",5,"PIMO",0,0,0,NA,NA,0
"4979",2011,"AO03",5,"PISI",0,0,0,NA,NA,0
"4980",2011,"AO03",5,"PSME",5,1,1,NA,NA,11
"4981",2011,"AO03",5,"TABR",0,0,0,NA,NA,0
"4982",2011,"AO03",5,"THPL",17,0,2,NA,NA,9
"4983",2011,"AO03",5,"TSHE",26,16,9,NA,NA,0
"4984",2011,"AO03",5,"TSME",0,0,0,NA,NA,0
"4985",2011,"AO03",6,"ABAM",1,2,0,NA,NA,0
"4986",2011,"AO03",6,"ABGR",0,0,0,NA,NA,0
"4987",2011,"AO03",6,"ABLA",0,0,0,NA,NA,0
"4988",2011,"AO03",6,"ABPR",0,0,0,NA,NA,0
"4989",2011,"AO03",6,"ACGL",0,0,0,NA,NA,0
"4990",2011,"AO03",6,"ALRU",0,0,0,NA,NA,0
"4991",2011,"AO03",6,"CANO",0,0,0,NA,NA,0
"4992",2011,"AO03",6,"PICO",0,0,0,NA,NA,0
"4993",2011,"AO03",6,"PIEN",0,0,0,NA,NA,0
"4994",2011,"AO03",6,"PIMO",0,0,0,NA,NA,0
"4995",2011,"AO03",6,"PISI",0,0,0,NA,NA,0
"4996",2011,"AO03",6,"PSME",1,2,1,NA,NA,3
"4997",2011,"AO03",6,"TABR",0,0,0,NA,NA,0
"4998",2011,"AO03",6,"THPL",7,1,2,NA,NA,5
"4999",2011,"AO03",6,"TSHE",14,21,3,NA,NA,0
"5000",2011,"AO03",6,"TSME",0,0,0,NA,NA,0
"5001",2011,"AR07",1,"ABAM",0,0,0,NA,NA,0
"5002",2011,"AR07",1,"ABGR",0,0,0,NA,NA,0
"5003",2011,"AR07",1,"ABLA",0,0,0,NA,NA,0
"5004",2011,"AR07",1,"ABPR",0,0,0,NA,NA,0
"5005",2011,"AR07",1,"ACGL",0,0,0,NA,NA,0
"5006",2011,"AR07",1,"ALRU",0,0,0,NA,NA,0
"5007",2011,"AR07",1,"CANO",0,0,0,NA,NA,0
"5008",2011,"AR07",1,"PICO",0,0,0,NA,NA,0
"5009",2011,"AR07",1,"PIEN",0,0,0,NA,NA,0
"5010",2011,"AR07",1,"PIMO",0,0,0,NA,NA,0
"5011",2011,"AR07",1,"PISI",0,0,0,NA,NA,0
"5012",2011,"AR07",1,"PSME",0,0,0,NA,NA,0
"5013",2011,"AR07",1,"TABR",0,0,0,NA,NA,0
"5014",2011,"AR07",1,"THPL",0,0,0,NA,NA,0
"5015",2011,"AR07",1,"TSHE",0,0,0,NA,NA,0
"5016",2011,"AR07",1,"TSME",3,5,0,NA,NA,0
"5017",2011,"AR07",2,"ABAM",0,0,0,NA,NA,0
"5018",2011,"AR07",2,"ABGR",0,0,0,NA,NA,0
"5019",2011,"AR07",2,"ABLA",0,0,0,NA,NA,0
"5020",2011,"AR07",2,"ABPR",0,0,0,NA,NA,0
"5021",2011,"AR07",2,"ACGL",0,0,0,NA,NA,0
"5022",2011,"AR07",2,"ALRU",0,0,0,NA,NA,0
"5023",2011,"AR07",2,"CANO",5,0,6,NA,NA,7
"5024",2011,"AR07",2,"PICO",0,0,0,NA,NA,0
"5025",2011,"AR07",2,"PIEN",0,0,0,NA,NA,0
"5026",2011,"AR07",2,"PIMO",0,0,0,NA,NA,0
"5027",2011,"AR07",2,"PISI",0,0,0,NA,NA,0
"5028",2011,"AR07",2,"PSME",0,0,0,NA,NA,0
"5029",2011,"AR07",2,"TABR",0,0,0,NA,NA,0
"5030",2011,"AR07",2,"THPL",0,0,0,NA,NA,0
"5031",2011,"AR07",2,"TSHE",0,0,0,NA,NA,0
"5032",2011,"AR07",2,"TSME",1,0,1,NA,NA,0
"5033",2011,"AR07",3,"ABAM",0,0,0,NA,NA,0
"5034",2011,"AR07",3,"ABGR",0,0,0,NA,NA,0
"5035",2011,"AR07",3,"ABLA",0,0,0,NA,NA,0
"5036",2011,"AR07",3,"ABPR",0,0,0,NA,NA,0
"5037",2011,"AR07",3,"ACGL",0,0,0,NA,NA,0
"5038",2011,"AR07",3,"ALRU",0,0,0,NA,NA,0
"5039",2011,"AR07",3,"CANO",8,7,0,NA,NA,0
"5040",2011,"AR07",3,"PICO",0,0,0,NA,NA,0
"5041",2011,"AR07",3,"PIEN",0,0,0,NA,NA,0
"5042",2011,"AR07",3,"PIMO",0,0,0,NA,NA,0
"5043",2011,"AR07",3,"PISI",0,0,0,NA,NA,0
"5044",2011,"AR07",3,"PSME",0,0,0,NA,NA,0
"5045",2011,"AR07",3,"TABR",0,0,0,NA,NA,0
"5046",2011,"AR07",3,"THPL",0,0,0,NA,NA,0
"5047",2011,"AR07",3,"TSHE",0,0,0,NA,NA,0
"5048",2011,"AR07",3,"TSME",2,0,0,NA,NA,0
"5049",2011,"AR07",4,"ABAM",0,0,0,NA,NA,0
"5050",2011,"AR07",4,"ABGR",0,0,0,NA,NA,0
"5051",2011,"AR07",4,"ABLA",0,0,0,NA,NA,0
"5052",2011,"AR07",4,"ABPR",0,0,0,NA,NA,0
"5053",2011,"AR07",4,"ACGL",0,0,0,NA,NA,0
"5054",2011,"AR07",4,"ALRU",0,0,0,NA,NA,0
"5055",2011,"AR07",4,"CANO",5,3,0,NA,NA,0
"5056",2011,"AR07",4,"PICO",0,0,0,NA,NA,0
"5057",2011,"AR07",4,"PIEN",0,0,0,NA,NA,0
"5058",2011,"AR07",4,"PIMO",0,0,0,NA,NA,0
"5059",2011,"AR07",4,"PISI",0,0,0,NA,NA,0
"5060",2011,"AR07",4,"PSME",0,0,0,NA,NA,0
"5061",2011,"AR07",4,"TABR",0,0,0,NA,NA,0
"5062",2011,"AR07",4,"THPL",0,0,0,NA,NA,0
"5063",2011,"AR07",4,"TSHE",0,0,0,NA,NA,0
"5064",2011,"AR07",4,"TSME",0,0,0,NA,NA,0
"5065",2011,"AR07",5,"ABAM",0,0,0,NA,NA,0
"5066",2011,"AR07",5,"ABGR",0,0,0,NA,NA,0
"5067",2011,"AR07",5,"ABLA",0,0,0,NA,NA,0
"5068",2011,"AR07",5,"ABPR",0,0,0,NA,NA,0
"5069",2011,"AR07",5,"ACGL",0,0,0,NA,NA,0
"5070",2011,"AR07",5,"ALRU",0,0,0,NA,NA,0
"5071",2011,"AR07",5,"CANO",6,2,0,NA,NA,0
"5072",2011,"AR07",5,"PICO",0,0,0,NA,NA,0
"5073",2011,"AR07",5,"PIEN",0,0,0,NA,NA,0
"5074",2011,"AR07",5,"PIMO",0,0,0,NA,NA,0
"5075",2011,"AR07",5,"PISI",0,0,0,NA,NA,0
"5076",2011,"AR07",5,"PSME",0,0,0,NA,NA,0
"5077",2011,"AR07",5,"TABR",0,0,0,NA,NA,0
"5078",2011,"AR07",5,"THPL",0,0,0,NA,NA,0
"5079",2011,"AR07",5,"TSHE",0,0,0,NA,NA,0
"5080",2011,"AR07",5,"TSME",7,0,2,NA,NA,22
"5081",2011,"AR07",6,"ABAM",0,0,0,NA,NA,0
"5082",2011,"AR07",6,"ABGR",0,0,0,NA,NA,0
"5083",2011,"AR07",6,"ABLA",0,0,0,NA,NA,0
"5084",2011,"AR07",6,"ABPR",0,0,0,NA,NA,0
"5085",2011,"AR07",6,"ACGL",0,0,0,NA,NA,0
"5086",2011,"AR07",6,"ALRU",0,0,0,NA,NA,0
"5087",2011,"AR07",6,"CANO",6,2,0,NA,NA,0
"5088",2011,"AR07",6,"PICO",0,0,0,NA,NA,0
"5089",2011,"AR07",6,"PIEN",0,0,0,NA,NA,0
"5090",2011,"AR07",6,"PIMO",0,0,0,NA,NA,0
"5091",2011,"AR07",6,"PISI",0,0,0,NA,NA,0
"5092",2011,"AR07",6,"PSME",0,0,0,NA,NA,0
"5093",2011,"AR07",6,"TABR",0,0,0,NA,NA,0
"5094",2011,"AR07",6,"THPL",0,0,0,NA,NA,0
"5095",2011,"AR07",6,"TSHE",0,0,0,NA,NA,0
"5096",2011,"AR07",6,"TSME",4,0,0,NA,NA,0
"5097",2011,"AV02",1,"ABAM",0,0,0,NA,NA,0
"5098",2011,"AV02",1,"ABGR",0,0,0,NA,NA,0
"5099",2011,"AV02",1,"ABLA",0,0,0,NA,NA,0
"5100",2011,"AV02",1,"ABPR",1,0,0,NA,NA,0
"5101",2011,"AV02",1,"ACGL",0,0,0,NA,NA,0
"5102",2011,"AV02",1,"ALRU",0,0,0,NA,NA,0
"5103",2011,"AV02",1,"CANO",0,0,0,NA,NA,0
"5104",2011,"AV02",1,"PICO",0,0,0,NA,NA,0
"5105",2011,"AV02",1,"PIEN",0,0,0,NA,NA,0
"5106",2011,"AV02",1,"PIMO",0,0,0,NA,NA,0
"5107",2011,"AV02",1,"PISI",0,0,0,NA,NA,0
"5108",2011,"AV02",1,"PSME",0,0,0,NA,NA,0
"5109",2011,"AV02",1,"TABR",0,0,0,NA,NA,0
"5110",2011,"AV02",1,"THPL",1,0,3,NA,NA,15
"5111",2011,"AV02",1,"TSHE",41,19,55,NA,NA,91
"5112",2011,"AV02",1,"TSME",2,0,0,NA,NA,0
"5113",2011,"AV02",2,"ABAM",0,1,0,NA,NA,0
"5114",2011,"AV02",2,"ABGR",0,0,0,NA,NA,0
"5115",2011,"AV02",2,"ABLA",0,0,0,NA,NA,0
"5116",2011,"AV02",2,"ABPR",1,0,0,NA,NA,0
"5117",2011,"AV02",2,"ACGL",0,0,0,NA,NA,0
"5118",2011,"AV02",2,"ALRU",0,0,0,NA,NA,0
"5119",2011,"AV02",2,"CANO",0,0,0,NA,NA,0
"5120",2011,"AV02",2,"PICO",0,0,0,NA,NA,0
"5121",2011,"AV02",2,"PIEN",0,0,0,NA,NA,0
"5122",2011,"AV02",2,"PIMO",0,0,0,NA,NA,0
"5123",2011,"AV02",2,"PISI",0,0,0,NA,NA,0
"5124",2011,"AV02",2,"PSME",0,0,0,NA,NA,0
"5125",2011,"AV02",2,"TABR",0,0,0,NA,NA,0
"5126",2011,"AV02",2,"THPL",2,0,8,NA,NA,15
"5127",2011,"AV02",2,"TSHE",71,32,19,NA,NA,4
"5128",2011,"AV02",2,"TSME",0,0,0,NA,NA,0
"5129",2011,"AV02",3,"ABAM",0,0,0,NA,NA,0
"5130",2011,"AV02",3,"ABGR",0,0,0,NA,NA,0
"5131",2011,"AV02",3,"ABLA",0,0,0,NA,NA,0
"5132",2011,"AV02",3,"ABPR",0,0,0,NA,NA,0
"5133",2011,"AV02",3,"ACGL",0,0,0,NA,NA,0
"5134",2011,"AV02",3,"ALRU",0,0,0,NA,NA,0
"5135",2011,"AV02",3,"CANO",0,0,0,NA,NA,0
"5136",2011,"AV02",3,"PICO",0,0,0,NA,NA,0
"5137",2011,"AV02",3,"PIEN",0,0,0,NA,NA,0
"5138",2011,"AV02",3,"PIMO",0,0,0,NA,NA,0
"5139",2011,"AV02",3,"PISI",0,0,0,NA,NA,0
"5140",2011,"AV02",3,"PSME",1,0,0,NA,NA,0
"5141",2011,"AV02",3,"TABR",0,0,0,NA,NA,0
"5142",2011,"AV02",3,"THPL",0,1,3,NA,NA,3
"5143",2011,"AV02",3,"TSHE",101,37,38,NA,NA,34
"5144",2011,"AV02",3,"TSME",0,0,0,NA,NA,0
"5145",2011,"AV02",4,"ABAM",2,0,0,NA,NA,0
"5146",2011,"AV02",4,"ABGR",0,0,0,NA,NA,0
"5147",2011,"AV02",4,"ABLA",0,0,0,NA,NA,0
"5148",2011,"AV02",4,"ABPR",0,0,0,NA,NA,0
"5149",2011,"AV02",4,"ACGL",0,0,0,NA,NA,0
"5150",2011,"AV02",4,"ALRU",0,0,0,NA,NA,0
"5151",2011,"AV02",4,"CANO",0,0,0,NA,NA,0
"5152",2011,"AV02",4,"PICO",0,0,0,NA,NA,0
"5153",2011,"AV02",4,"PIEN",0,0,0,NA,NA,0
"5154",2011,"AV02",4,"PIMO",0,0,0,NA,NA,0
"5155",2011,"AV02",4,"PISI",0,0,0,NA,NA,0
"5156",2011,"AV02",4,"PSME",0,0,0,NA,NA,0
"5157",2011,"AV02",4,"TABR",0,0,0,NA,NA,0
"5158",2011,"AV02",4,"THPL",3,0,0,NA,NA,0
"5159",2011,"AV02",4,"TSHE",74,20,22,NA,NA,7
"5160",2011,"AV02",4,"TSME",0,0,0,NA,NA,0
"5161",2011,"AV02",5,"ABAM",3,1,0,NA,NA,0
"5162",2011,"AV02",5,"ABGR",0,0,0,NA,NA,0
"5163",2011,"AV02",5,"ABLA",0,0,0,NA,NA,0
"5164",2011,"AV02",5,"ABPR",0,1,0,NA,NA,0
"5165",2011,"AV02",5,"ACGL",0,0,0,NA,NA,0
"5166",2011,"AV02",5,"ALRU",0,0,0,NA,NA,0
"5167",2011,"AV02",5,"CANO",0,0,0,NA,NA,0
"5168",2011,"AV02",5,"PICO",0,0,0,NA,NA,0
"5169",2011,"AV02",5,"PIEN",0,0,0,NA,NA,0
"5170",2011,"AV02",5,"PIMO",0,0,0,NA,NA,0
"5171",2011,"AV02",5,"PISI",0,0,0,NA,NA,0
"5172",2011,"AV02",5,"PSME",0,0,0,NA,NA,0
"5173",2011,"AV02",5,"TABR",0,0,0,NA,NA,0
"5174",2011,"AV02",5,"THPL",3,0,5,NA,NA,2
"5175",2011,"AV02",5,"TSHE",135,43,20,NA,NA,7
"5176",2011,"AV02",5,"TSME",0,0,0,NA,NA,0
"5177",2011,"AV02",6,"ABAM",1,0,0,NA,NA,0
"5178",2011,"AV02",6,"ABGR",0,0,0,NA,NA,0
"5179",2011,"AV02",6,"ABLA",0,0,0,NA,NA,0
"5180",2011,"AV02",6,"ABPR",0,0,0,NA,NA,0
"5181",2011,"AV02",6,"ACGL",0,0,0,NA,NA,0
"5182",2011,"AV02",6,"ALRU",0,0,0,NA,NA,0
"5183",2011,"AV02",6,"CANO",0,0,0,NA,NA,0
"5184",2011,"AV02",6,"PICO",0,0,0,NA,NA,0
"5185",2011,"AV02",6,"PIEN",0,0,0,NA,NA,0
"5186",2011,"AV02",6,"PIMO",0,0,0,NA,NA,0
"5187",2011,"AV02",6,"PISI",0,0,0,NA,NA,0
"5188",2011,"AV02",6,"PSME",0,0,0,NA,NA,0
"5189",2011,"AV02",6,"TABR",0,0,0,NA,NA,0
"5190",2011,"AV02",6,"THPL",1,0,0,NA,NA,0
"5191",2011,"AV02",6,"TSHE",41,9,11,NA,NA,2
"5192",2011,"AV02",6,"TSME",0,0,0,NA,NA,0
"5193",2011,"AV06",1,"ABAM",0,0,0,NA,NA,0
"5194",2011,"AV06",1,"ABGR",0,0,0,NA,NA,0
"5195",2011,"AV06",1,"ABLA",0,0,0,NA,NA,0
"5196",2011,"AV06",1,"ABPR",1,0,0,NA,NA,0
"5197",2011,"AV06",1,"ACGL",0,0,0,NA,NA,0
"5198",2011,"AV06",1,"ALRU",0,0,0,NA,NA,0
"5199",2011,"AV06",1,"CANO",0,0,0,NA,NA,0
"5200",2011,"AV06",1,"PICO",0,0,0,NA,NA,0
"5201",2011,"AV06",1,"PIEN",0,0,0,NA,NA,0
"5202",2011,"AV06",1,"PIMO",0,0,0,NA,NA,0
"5203",2011,"AV06",1,"PISI",0,0,0,NA,NA,0
"5204",2011,"AV06",1,"PSME",2,0,1,NA,NA,0
"5205",2011,"AV06",1,"TABR",0,0,0,NA,NA,0
"5206",2011,"AV06",1,"THPL",1,0,0,NA,NA,0
"5207",2011,"AV06",1,"TSHE",14,6,7,NA,NA,2
"5208",2011,"AV06",1,"TSME",0,0,0,NA,NA,0
"5209",2011,"AV06",2,"ABAM",0,0,0,NA,NA,0
"5210",2011,"AV06",2,"ABGR",0,0,0,NA,NA,0
"5211",2011,"AV06",2,"ABLA",0,0,0,NA,NA,0
"5212",2011,"AV06",2,"ABPR",0,0,0,NA,NA,0
"5213",2011,"AV06",2,"ACGL",0,0,0,NA,NA,0
"5214",2011,"AV06",2,"ALRU",0,0,0,NA,NA,0
"5215",2011,"AV06",2,"CANO",0,0,0,NA,NA,0
"5216",2011,"AV06",2,"PICO",0,0,0,NA,NA,0
"5217",2011,"AV06",2,"PIEN",0,0,0,NA,NA,0
"5218",2011,"AV06",2,"PIMO",0,0,0,NA,NA,0
"5219",2011,"AV06",2,"PISI",0,0,0,NA,NA,0
"5220",2011,"AV06",2,"PSME",1,0,0,NA,NA,0
"5221",2011,"AV06",2,"TABR",0,0,0,NA,NA,0
"5222",2011,"AV06",2,"THPL",0,0,0,NA,NA,0
"5223",2011,"AV06",2,"TSHE",23,7,25,NA,NA,3
"5224",2011,"AV06",2,"TSME",0,0,0,NA,NA,0
"5225",2011,"AV06",3,"ABAM",1,0,0,NA,NA,0
"5226",2011,"AV06",3,"ABGR",0,0,0,NA,NA,0
"5227",2011,"AV06",3,"ABLA",0,0,0,NA,NA,0
"5228",2011,"AV06",3,"ABPR",0,0,0,NA,NA,0
"5229",2011,"AV06",3,"ACGL",0,0,0,NA,NA,0
"5230",2011,"AV06",3,"ALRU",0,0,0,NA,NA,0
"5231",2011,"AV06",3,"CANO",0,0,0,NA,NA,0
"5232",2011,"AV06",3,"PICO",0,0,0,NA,NA,0
"5233",2011,"AV06",3,"PIEN",0,0,0,NA,NA,0
"5234",2011,"AV06",3,"PIMO",0,0,0,NA,NA,0
"5235",2011,"AV06",3,"PISI",0,0,0,NA,NA,0
"5236",2011,"AV06",3,"PSME",2,0,0,NA,NA,0
"5237",2011,"AV06",3,"TABR",0,0,0,NA,NA,0
"5238",2011,"AV06",3,"THPL",2,0,0,NA,NA,0
"5239",2011,"AV06",3,"TSHE",36,12,27,NA,NA,41
"5240",2011,"AV06",3,"TSME",0,0,0,NA,NA,0
"5241",2011,"AV06",4,"ABAM",0,1,0,NA,NA,0
"5242",2011,"AV06",4,"ABGR",0,0,0,NA,NA,0
"5243",2011,"AV06",4,"ABLA",0,0,0,NA,NA,0
"5244",2011,"AV06",4,"ABPR",0,0,0,NA,NA,0
"5245",2011,"AV06",4,"ACGL",0,0,0,NA,NA,0
"5246",2011,"AV06",4,"ALRU",0,0,0,NA,NA,0
"5247",2011,"AV06",4,"CANO",0,0,0,NA,NA,0
"5248",2011,"AV06",4,"PICO",0,0,0,NA,NA,0
"5249",2011,"AV06",4,"PIEN",0,0,0,NA,NA,0
"5250",2011,"AV06",4,"PIMO",0,0,0,NA,NA,0
"5251",2011,"AV06",4,"PISI",0,0,0,NA,NA,0
"5252",2011,"AV06",4,"PSME",0,1,0,NA,NA,0
"5253",2011,"AV06",4,"TABR",0,0,0,NA,NA,0
"5254",2011,"AV06",4,"THPL",2,0,0,NA,NA,0
"5255",2011,"AV06",4,"TSHE",16,5,25,NA,NA,3
"5256",2011,"AV06",4,"TSME",0,0,0,NA,NA,0
"5257",2011,"AV06",5,"ABAM",0,1,0,NA,NA,0
"5258",2011,"AV06",5,"ABGR",0,0,0,NA,NA,0
"5259",2011,"AV06",5,"ABLA",0,0,0,NA,NA,0
"5260",2011,"AV06",5,"ABPR",0,0,0,NA,NA,0
"5261",2011,"AV06",5,"ACGL",0,0,0,NA,NA,0
"5262",2011,"AV06",5,"ALRU",0,0,0,NA,NA,0
"5263",2011,"AV06",5,"CANO",0,0,0,NA,NA,0
"5264",2011,"AV06",5,"PICO",0,0,0,NA,NA,0
"5265",2011,"AV06",5,"PIEN",0,0,0,NA,NA,0
"5266",2011,"AV06",5,"PIMO",0,0,0,NA,NA,0
"5267",2011,"AV06",5,"PISI",0,0,0,NA,NA,0
"5268",2011,"AV06",5,"PSME",1,0,0,NA,NA,0
"5269",2011,"AV06",5,"TABR",0,0,0,NA,NA,0
"5270",2011,"AV06",5,"THPL",0,0,0,NA,NA,0
"5271",2011,"AV06",5,"TSHE",16,5,1,NA,NA,0
"5272",2011,"AV06",5,"TSME",0,0,0,NA,NA,0
"5273",2011,"AV06",6,"ABAM",1,0,0,NA,NA,0
"5274",2011,"AV06",6,"ABGR",0,0,0,NA,NA,0
"5275",2011,"AV06",6,"ABLA",0,0,0,NA,NA,0
"5276",2011,"AV06",6,"ABPR",0,0,0,NA,NA,0
"5277",2011,"AV06",6,"ACGL",0,0,0,NA,NA,0
"5278",2011,"AV06",6,"ALRU",0,0,0,NA,NA,0
"5279",2011,"AV06",6,"CANO",0,0,0,NA,NA,0
"5280",2011,"AV06",6,"PICO",0,0,0,NA,NA,0
"5281",2011,"AV06",6,"PIEN",0,0,0,NA,NA,0
"5282",2011,"AV06",6,"PIMO",0,0,0,NA,NA,0
"5283",2011,"AV06",6,"PISI",0,0,0,NA,NA,0
"5284",2011,"AV06",6,"PSME",1,0,0,NA,NA,0
"5285",2011,"AV06",6,"TABR",0,0,0,NA,NA,0
"5286",2011,"AV06",6,"THPL",1,0,0,NA,NA,0
"5287",2011,"AV06",6,"TSHE",6,2,0,NA,NA,0
"5288",2011,"AV06",6,"TSME",0,0,0,NA,NA,0
"5289",2011,"AV14",1,"ABAM",0,0,0,NA,NA,0
"5290",2011,"AV14",1,"ABGR",0,0,0,NA,NA,0
"5291",2011,"AV14",1,"ABLA",0,0,0,NA,NA,0
"5292",2011,"AV14",1,"ABPR",0,0,0,NA,NA,0
"5293",2011,"AV14",1,"ACGL",0,0,0,NA,NA,0
"5294",2011,"AV14",1,"ALRU",0,0,0,NA,NA,0
"5295",2011,"AV14",1,"CANO",0,0,0,NA,NA,0
"5296",2011,"AV14",1,"PICO",0,0,0,NA,NA,0
"5297",2011,"AV14",1,"PIEN",0,0,0,NA,NA,0
"5298",2011,"AV14",1,"PIMO",0,0,0,NA,NA,0
"5299",2011,"AV14",1,"PISI",0,0,0,NA,NA,0
"5300",2011,"AV14",1,"PSME",0,0,0,NA,NA,0
"5301",2011,"AV14",1,"TABR",0,0,0,NA,NA,0
"5302",2011,"AV14",1,"THPL",0,0,0,NA,NA,0
"5303",2011,"AV14",1,"TSHE",19,8,12,NA,NA,5
"5304",2011,"AV14",1,"TSME",0,0,0,NA,NA,0
"5305",2011,"AV14",2,"ABAM",0,0,0,NA,NA,0
"5306",2011,"AV14",2,"ABGR",0,0,0,NA,NA,0
"5307",2011,"AV14",2,"ABLA",0,0,0,NA,NA,0
"5308",2011,"AV14",2,"ABPR",0,0,0,NA,NA,0
"5309",2011,"AV14",2,"ACGL",0,0,0,NA,NA,0
"5310",2011,"AV14",2,"ALRU",0,0,0,NA,NA,0
"5311",2011,"AV14",2,"CANO",0,0,0,NA,NA,0
"5312",2011,"AV14",2,"PICO",0,0,0,NA,NA,0
"5313",2011,"AV14",2,"PIEN",0,0,0,NA,NA,0
"5314",2011,"AV14",2,"PIMO",0,0,0,NA,NA,0
"5315",2011,"AV14",2,"PISI",0,0,0,NA,NA,0
"5316",2011,"AV14",2,"PSME",0,0,0,NA,NA,0
"5317",2011,"AV14",2,"TABR",0,0,0,NA,NA,0
"5318",2011,"AV14",2,"THPL",0,0,0,NA,NA,0
"5319",2011,"AV14",2,"TSHE",21,13,12,NA,NA,3
"5320",2011,"AV14",2,"TSME",0,0,0,NA,NA,0
"5321",2011,"AV14",3,"ABAM",0,0,0,NA,NA,0
"5322",2011,"AV14",3,"ABGR",0,0,0,NA,NA,0
"5323",2011,"AV14",3,"ABLA",0,0,0,NA,NA,0
"5324",2011,"AV14",3,"ABPR",0,0,0,NA,NA,0
"5325",2011,"AV14",3,"ACGL",0,0,0,NA,NA,0
"5326",2011,"AV14",3,"ALRU",0,0,0,NA,NA,0
"5327",2011,"AV14",3,"CANO",0,0,0,NA,NA,0
"5328",2011,"AV14",3,"PICO",0,0,0,NA,NA,0
"5329",2011,"AV14",3,"PIEN",0,0,0,NA,NA,0
"5330",2011,"AV14",3,"PIMO",0,0,0,NA,NA,0
"5331",2011,"AV14",3,"PISI",0,0,0,NA,NA,0
"5332",2011,"AV14",3,"PSME",0,0,0,NA,NA,0
"5333",2011,"AV14",3,"TABR",0,0,0,NA,NA,0
"5334",2011,"AV14",3,"THPL",1,0,0,NA,NA,0
"5335",2011,"AV14",3,"TSHE",21,11,47,NA,NA,15
"5336",2011,"AV14",3,"TSME",0,0,0,NA,NA,0
"5337",2011,"AV14",4,"ABAM",1,1,0,NA,NA,0
"5338",2011,"AV14",4,"ABGR",0,0,0,NA,NA,0
"5339",2011,"AV14",4,"ABLA",0,0,0,NA,NA,0
"5340",2011,"AV14",4,"ABPR",0,0,0,NA,NA,0
"5341",2011,"AV14",4,"ACGL",0,0,0,NA,NA,0
"5342",2011,"AV14",4,"ALRU",0,0,0,NA,NA,0
"5343",2011,"AV14",4,"CANO",0,0,0,NA,NA,0
"5344",2011,"AV14",4,"PICO",0,0,0,NA,NA,0
"5345",2011,"AV14",4,"PIEN",0,0,0,NA,NA,0
"5346",2011,"AV14",4,"PIMO",0,0,0,NA,NA,0
"5347",2011,"AV14",4,"PISI",0,0,0,NA,NA,0
"5348",2011,"AV14",4,"PSME",0,0,0,NA,NA,0
"5349",2011,"AV14",4,"TABR",0,0,0,NA,NA,0
"5350",2011,"AV14",4,"THPL",0,0,0,NA,NA,0
"5351",2011,"AV14",4,"TSHE",26,21,36,NA,NA,4
"5352",2011,"AV14",4,"TSME",0,0,0,NA,NA,0
"5353",2011,"AV14",5,"ABAM",1,0,0,NA,NA,0
"5354",2011,"AV14",5,"ABGR",0,0,0,NA,NA,0
"5355",2011,"AV14",5,"ABLA",0,0,0,NA,NA,0
"5356",2011,"AV14",5,"ABPR",0,0,0,NA,NA,0
"5357",2011,"AV14",5,"ACGL",0,0,0,NA,NA,0
"5358",2011,"AV14",5,"ALRU",0,0,0,NA,NA,0
"5359",2011,"AV14",5,"CANO",0,0,0,NA,NA,0
"5360",2011,"AV14",5,"PICO",0,0,0,NA,NA,0
"5361",2011,"AV14",5,"PIEN",0,0,0,NA,NA,0
"5362",2011,"AV14",5,"PIMO",0,0,0,NA,NA,0
"5363",2011,"AV14",5,"PISI",0,0,0,NA,NA,0
"5364",2011,"AV14",5,"PSME",0,0,0,NA,NA,0
"5365",2011,"AV14",5,"TABR",0,0,0,NA,NA,0
"5366",2011,"AV14",5,"THPL",1,0,0,NA,NA,0
"5367",2011,"AV14",5,"TSHE",29,17,54,NA,NA,22
"5368",2011,"AV14",5,"TSME",0,0,0,NA,NA,0
"5369",2011,"AV14",6,"ABAM",0,0,0,NA,NA,0
"5370",2011,"AV14",6,"ABGR",0,0,0,NA,NA,0
"5371",2011,"AV14",6,"ABLA",0,0,0,NA,NA,0
"5372",2011,"AV14",6,"ABPR",0,0,0,NA,NA,0
"5373",2011,"AV14",6,"ACGL",0,0,0,NA,NA,0
"5374",2011,"AV14",6,"ALRU",0,0,0,NA,NA,0
"5375",2011,"AV14",6,"CANO",0,0,0,NA,NA,0
"5376",2011,"AV14",6,"PICO",0,0,0,NA,NA,0
"5377",2011,"AV14",6,"PIEN",0,0,0,NA,NA,0
"5378",2011,"AV14",6,"PIMO",0,0,0,NA,NA,0
"5379",2011,"AV14",6,"PISI",0,0,0,NA,NA,0
"5380",2011,"AV14",6,"PSME",0,0,0,NA,NA,0
"5381",2011,"AV14",6,"TABR",0,0,0,NA,NA,0
"5382",2011,"AV14",6,"THPL",0,0,0,NA,NA,0
"5383",2011,"AV14",6,"TSHE",33,17,33,NA,NA,18
"5384",2011,"AV14",6,"TSME",0,0,0,NA,NA,0
"5385",2011,"AX15",1,"ABAM",0,0,0,NA,NA,0
"5386",2011,"AX15",1,"ABGR",0,0,0,NA,NA,0
"5387",2011,"AX15",1,"ABLA",0,0,0,NA,NA,0
"5388",2011,"AX15",1,"ABPR",0,0,0,NA,NA,0
"5389",2011,"AX15",1,"ACGL",0,0,0,NA,NA,0
"5390",2011,"AX15",1,"ALRU",0,0,0,NA,NA,0
"5391",2011,"AX15",1,"CANO",0,0,0,NA,NA,0
"5392",2011,"AX15",1,"PICO",0,0,0,NA,NA,0
"5393",2011,"AX15",1,"PIEN",0,0,0,NA,NA,0
"5394",2011,"AX15",1,"PIMO",0,0,0,NA,NA,0
"5395",2011,"AX15",1,"PISI",0,0,0,NA,NA,0
"5396",2011,"AX15",1,"PSME",0,0,0,NA,NA,0
"5397",2011,"AX15",1,"TABR",0,0,0,NA,NA,0
"5398",2011,"AX15",1,"THPL",3,0,5,NA,NA,27
"5399",2011,"AX15",1,"TSHE",14,2,19,NA,NA,0
"5400",2011,"AX15",1,"TSME",0,0,0,NA,NA,0
"5401",2011,"AX15",2,"ABAM",0,0,0,NA,NA,0
"5402",2011,"AX15",2,"ABGR",0,0,0,NA,NA,0
"5403",2011,"AX15",2,"ABLA",0,0,0,NA,NA,0
"5404",2011,"AX15",2,"ABPR",0,0,0,NA,NA,0
"5405",2011,"AX15",2,"ACGL",0,0,0,NA,NA,0
"5406",2011,"AX15",2,"ALRU",0,0,0,NA,NA,0
"5407",2011,"AX15",2,"CANO",0,0,0,NA,NA,0
"5408",2011,"AX15",2,"PICO",0,0,0,NA,NA,0
"5409",2011,"AX15",2,"PIEN",0,0,0,NA,NA,0
"5410",2011,"AX15",2,"PIMO",0,0,0,NA,NA,0
"5411",2011,"AX15",2,"PISI",0,0,0,NA,NA,0
"5412",2011,"AX15",2,"PSME",0,0,0,NA,NA,0
"5413",2011,"AX15",2,"TABR",0,0,0,NA,NA,0
"5414",2011,"AX15",2,"THPL",1,0,1,NA,NA,8
"5415",2011,"AX15",2,"TSHE",16,7,6,NA,NA,3
"5416",2011,"AX15",2,"TSME",0,0,0,NA,NA,0
"5417",2011,"AX15",3,"ABAM",0,0,0,NA,NA,0
"5418",2011,"AX15",3,"ABGR",0,0,0,NA,NA,0
"5419",2011,"AX15",3,"ABLA",0,0,0,NA,NA,0
"5420",2011,"AX15",3,"ABPR",0,0,0,NA,NA,0
"5421",2011,"AX15",3,"ACGL",0,0,0,NA,NA,0
"5422",2011,"AX15",3,"ALRU",0,0,0,NA,NA,0
"5423",2011,"AX15",3,"CANO",0,0,0,NA,NA,0
"5424",2011,"AX15",3,"PICO",0,0,0,NA,NA,0
"5425",2011,"AX15",3,"PIEN",0,0,0,NA,NA,0
"5426",2011,"AX15",3,"PIMO",0,0,0,NA,NA,0
"5427",2011,"AX15",3,"PISI",0,0,0,NA,NA,0
"5428",2011,"AX15",3,"PSME",0,0,0,NA,NA,0
"5429",2011,"AX15",3,"TABR",0,0,0,NA,NA,0
"5430",2011,"AX15",3,"THPL",0,0,0,NA,NA,0
"5431",2011,"AX15",3,"TSHE",21,6,4,NA,NA,1
"5432",2011,"AX15",3,"TSME",0,0,0,NA,NA,0
"5433",2011,"AX15",4,"ABAM",0,0,0,NA,NA,0
"5434",2011,"AX15",4,"ABGR",0,0,0,NA,NA,0
"5435",2011,"AX15",4,"ABLA",0,0,0,NA,NA,0
"5436",2011,"AX15",4,"ABPR",0,0,0,NA,NA,0
"5437",2011,"AX15",4,"ACGL",0,0,0,NA,NA,0
"5438",2011,"AX15",4,"ALRU",0,0,0,NA,NA,0
"5439",2011,"AX15",4,"CANO",0,0,0,NA,NA,0
"5440",2011,"AX15",4,"PICO",0,0,0,NA,NA,0
"5441",2011,"AX15",4,"PIEN",0,0,0,NA,NA,0
"5442",2011,"AX15",4,"PIMO",0,0,0,NA,NA,0
"5443",2011,"AX15",4,"PISI",0,0,0,NA,NA,0
"5444",2011,"AX15",4,"PSME",0,0,0,NA,NA,0
"5445",2011,"AX15",4,"TABR",0,0,0,NA,NA,0
"5446",2011,"AX15",4,"THPL",2,0,0,NA,NA,0
"5447",2011,"AX15",4,"TSHE",16,4,12,NA,NA,9
"5448",2011,"AX15",4,"TSME",0,0,0,NA,NA,0
"5449",2011,"AX15",5,"ABAM",0,0,0,NA,NA,0
"5450",2011,"AX15",5,"ABGR",0,0,0,NA,NA,0
"5451",2011,"AX15",5,"ABLA",0,0,0,NA,NA,0
"5452",2011,"AX15",5,"ABPR",0,0,0,NA,NA,0
"5453",2011,"AX15",5,"ACGL",0,0,0,NA,NA,0
"5454",2011,"AX15",5,"ALRU",0,0,0,NA,NA,0
"5455",2011,"AX15",5,"CANO",0,0,0,NA,NA,0
"5456",2011,"AX15",5,"PICO",0,0,0,NA,NA,0
"5457",2011,"AX15",5,"PIEN",0,0,0,NA,NA,0
"5458",2011,"AX15",5,"PIMO",0,0,0,NA,NA,0
"5459",2011,"AX15",5,"PISI",0,0,0,NA,NA,0
"5460",2011,"AX15",5,"PSME",1,0,0,NA,NA,0
"5461",2011,"AX15",5,"TABR",0,0,0,NA,NA,0
"5462",2011,"AX15",5,"THPL",0,0,0,NA,NA,0
"5463",2011,"AX15",5,"TSHE",21,6,11,NA,NA,4
"5464",2011,"AX15",5,"TSME",0,0,0,NA,NA,0
"5465",2011,"AX15",6,"ABAM",0,0,0,NA,NA,0
"5466",2011,"AX15",6,"ABGR",0,0,0,NA,NA,0
"5467",2011,"AX15",6,"ABLA",0,0,0,NA,NA,0
"5468",2011,"AX15",6,"ABPR",0,0,0,NA,NA,0
"5469",2011,"AX15",6,"ACGL",0,0,0,NA,NA,0
"5470",2011,"AX15",6,"ALRU",0,0,0,NA,NA,0
"5471",2011,"AX15",6,"CANO",0,0,0,NA,NA,0
"5472",2011,"AX15",6,"PICO",0,0,0,NA,NA,0
"5473",2011,"AX15",6,"PIEN",0,0,0,NA,NA,0
"5474",2011,"AX15",6,"PIMO",0,0,0,NA,NA,0
"5475",2011,"AX15",6,"PISI",0,0,0,NA,NA,0
"5476",2011,"AX15",6,"PSME",1,0,0,NA,NA,0
"5477",2011,"AX15",6,"TABR",0,0,0,NA,NA,0
"5478",2011,"AX15",6,"THPL",2,0,0,NA,NA,0
"5479",2011,"AX15",6,"TSHE",33,12,18,NA,NA,21
"5480",2011,"AX15",6,"TSME",0,0,0,NA,NA,0
"5481",2011,"PARA",1,"ABAM",6,2,0,NA,NA,0
"5482",2011,"PARA",1,"ABGR",0,0,0,NA,NA,0
"5483",2011,"PARA",1,"ABLA",1,2,0,NA,NA,0
"5484",2011,"PARA",1,"ABPR",0,0,0,NA,NA,0
"5485",2011,"PARA",1,"ACGL",0,0,0,NA,NA,0
"5486",2011,"PARA",1,"ALRU",0,0,0,NA,NA,0
"5487",2011,"PARA",1,"CANO",0,0,0,NA,NA,0
"5488",2011,"PARA",1,"PICO",0,0,0,NA,NA,0
"5489",2011,"PARA",1,"PIEN",0,0,0,NA,NA,0
"5490",2011,"PARA",1,"PIMO",0,0,0,NA,NA,0
"5491",2011,"PARA",1,"PISI",0,0,0,NA,NA,0
"5492",2011,"PARA",1,"PSME",0,0,0,NA,NA,0
"5493",2011,"PARA",1,"TABR",0,0,0,NA,NA,0
"5494",2011,"PARA",1,"THPL",0,0,0,NA,NA,0
"5495",2011,"PARA",1,"TSHE",0,0,0,NA,NA,0
"5496",2011,"PARA",1,"TSME",5,1,0,NA,NA,0
"5497",2011,"PARA",2,"ABAM",6,4,0,NA,NA,0
"5498",2011,"PARA",2,"ABGR",0,0,0,NA,NA,0
"5499",2011,"PARA",2,"ABLA",0,0,0,NA,NA,0
"5500",2011,"PARA",2,"ABPR",0,0,0,NA,NA,0
"5501",2011,"PARA",2,"ACGL",0,0,0,NA,NA,0
"5502",2011,"PARA",2,"ALRU",0,0,0,NA,NA,0
"5503",2011,"PARA",2,"CANO",0,0,0,NA,NA,0
"5504",2011,"PARA",2,"PICO",0,0,0,NA,NA,0
"5505",2011,"PARA",2,"PIEN",0,0,0,NA,NA,0
"5506",2011,"PARA",2,"PIMO",0,0,0,NA,NA,0
"5507",2011,"PARA",2,"PISI",0,0,0,NA,NA,0
"5508",2011,"PARA",2,"PSME",0,0,0,NA,NA,0
"5509",2011,"PARA",2,"TABR",0,0,0,NA,NA,0
"5510",2011,"PARA",2,"THPL",0,0,0,NA,NA,0
"5511",2011,"PARA",2,"TSHE",0,0,0,NA,NA,0
"5512",2011,"PARA",2,"TSME",10,3,0,NA,NA,0
"5513",2011,"PARA",3,"ABAM",10,2,0,NA,NA,0
"5514",2011,"PARA",3,"ABGR",0,0,0,NA,NA,0
"5515",2011,"PARA",3,"ABLA",1,1,0,NA,NA,0
"5516",2011,"PARA",3,"ABPR",0,0,0,NA,NA,0
"5517",2011,"PARA",3,"ACGL",0,0,0,NA,NA,0
"5518",2011,"PARA",3,"ALRU",0,0,0,NA,NA,0
"5519",2011,"PARA",3,"CANO",0,0,0,NA,NA,0
"5520",2011,"PARA",3,"PICO",0,0,0,NA,NA,0
"5521",2011,"PARA",3,"PIEN",0,0,0,NA,NA,0
"5522",2011,"PARA",3,"PIMO",0,0,0,NA,NA,0
"5523",2011,"PARA",3,"PISI",0,0,0,NA,NA,0
"5524",2011,"PARA",3,"PSME",0,0,0,NA,NA,0
"5525",2011,"PARA",3,"TABR",0,0,0,NA,NA,0
"5526",2011,"PARA",3,"THPL",0,0,0,NA,NA,0
"5527",2011,"PARA",3,"TSHE",0,0,0,NA,NA,0
"5528",2011,"PARA",3,"TSME",20,3,6,NA,NA,43
"5529",2011,"PARA",4,"ABAM",2,0,0,NA,NA,0
"5530",2011,"PARA",4,"ABGR",0,0,0,NA,NA,0
"5531",2011,"PARA",4,"ABLA",0,0,0,NA,NA,0
"5532",2011,"PARA",4,"ABPR",0,0,0,NA,NA,0
"5533",2011,"PARA",4,"ACGL",0,0,0,NA,NA,0
"5534",2011,"PARA",4,"ALRU",0,0,0,NA,NA,0
"5535",2011,"PARA",4,"CANO",0,0,0,NA,NA,0
"5536",2011,"PARA",4,"PICO",0,0,0,NA,NA,0
"5537",2011,"PARA",4,"PIEN",0,0,0,NA,NA,0
"5538",2011,"PARA",4,"PIMO",0,0,0,NA,NA,0
"5539",2011,"PARA",4,"PISI",0,0,0,NA,NA,0
"5540",2011,"PARA",4,"PSME",0,0,0,NA,NA,0
"5541",2011,"PARA",4,"TABR",0,0,0,NA,NA,0
"5542",2011,"PARA",4,"THPL",0,0,0,NA,NA,0
"5543",2011,"PARA",4,"TSHE",0,0,0,NA,NA,0
"5544",2011,"PARA",4,"TSME",13,4,0,NA,NA,0
"5545",2011,"PARA",5,"ABAM",3,0,0,NA,NA,0
"5546",2011,"PARA",5,"ABGR",0,0,0,NA,NA,0
"5547",2011,"PARA",5,"ABLA",2,0,0,NA,NA,0
"5548",2011,"PARA",5,"ABPR",0,0,0,NA,NA,0
"5549",2011,"PARA",5,"ACGL",0,0,0,NA,NA,0
"5550",2011,"PARA",5,"ALRU",0,0,0,NA,NA,0
"5551",2011,"PARA",5,"CANO",0,0,0,NA,NA,0
"5552",2011,"PARA",5,"PICO",0,0,0,NA,NA,0
"5553",2011,"PARA",5,"PIEN",0,0,0,NA,NA,0
"5554",2011,"PARA",5,"PIMO",0,0,0,NA,NA,0
"5555",2011,"PARA",5,"PISI",0,0,0,NA,NA,0
"5556",2011,"PARA",5,"PSME",0,0,0,NA,NA,0
"5557",2011,"PARA",5,"TABR",0,0,0,NA,NA,0
"5558",2011,"PARA",5,"THPL",0,0,0,NA,NA,0
"5559",2011,"PARA",5,"TSHE",0,0,0,NA,NA,0
"5560",2011,"PARA",5,"TSME",22,5,3,NA,NA,31
"5561",2011,"PARA",6,"ABAM",2,0,0,NA,NA,0
"5562",2011,"PARA",6,"ABGR",0,0,0,NA,NA,0
"5563",2011,"PARA",6,"ABLA",2,0,0,NA,NA,0
"5564",2011,"PARA",6,"ABPR",0,0,0,NA,NA,0
"5565",2011,"PARA",6,"ACGL",0,0,0,NA,NA,0
"5566",2011,"PARA",6,"ALRU",0,0,0,NA,NA,0
"5567",2011,"PARA",6,"CANO",2,0,0,NA,NA,0
"5568",2011,"PARA",6,"PICO",0,0,0,NA,NA,0
"5569",2011,"PARA",6,"PIEN",0,0,0,NA,NA,0
"5570",2011,"PARA",6,"PIMO",0,0,0,NA,NA,0
"5571",2011,"PARA",6,"PISI",0,0,0,NA,NA,0
"5572",2011,"PARA",6,"PSME",0,0,0,NA,NA,0
"5573",2011,"PARA",6,"TABR",0,0,0,NA,NA,0
"5574",2011,"PARA",6,"THPL",0,0,0,NA,NA,0
"5575",2011,"PARA",6,"TSHE",0,0,0,NA,NA,0
"5576",2011,"PARA",6,"TSME",15,0,4,NA,NA,0
"5577",2011,"PP17",1,"ABAM",0,0,0,NA,NA,0
"5578",2011,"PP17",1,"ABGR",0,0,0,NA,NA,0
"5579",2011,"PP17",1,"ABLA",0,0,0,NA,NA,0
"5580",2011,"PP17",1,"ABPR",0,0,0,NA,NA,0
"5581",2011,"PP17",1,"ACGL",0,0,0,NA,NA,0
"5582",2011,"PP17",1,"ALRU",0,0,0,NA,NA,0
"5583",2011,"PP17",1,"CANO",0,0,0,NA,NA,0
"5584",2011,"PP17",1,"PICO",2,0,0,NA,NA,0
"5585",2011,"PP17",1,"PIEN",0,0,0,NA,NA,0
"5586",2011,"PP17",1,"PIMO",0,0,0,NA,NA,0
"5587",2011,"PP17",1,"PISI",0,0,0,NA,NA,0
"5588",2011,"PP17",1,"PSME",3,2,0,NA,NA,0
"5589",2011,"PP17",1,"TABR",0,0,0,NA,NA,0
"5590",2011,"PP17",1,"THPL",0,0,0,NA,NA,0
"5591",2011,"PP17",1,"TSHE",4,0,0,NA,NA,0
"5592",2011,"PP17",1,"TSME",0,0,0,NA,NA,0
"5593",2011,"PP17",2,"ABAM",0,0,0,NA,NA,0
"5594",2011,"PP17",2,"ABGR",0,0,0,NA,NA,0
"5595",2011,"PP17",2,"ABLA",0,0,0,NA,NA,0
"5596",2011,"PP17",2,"ABPR",0,0,0,NA,NA,0
"5597",2011,"PP17",2,"ACGL",0,0,0,NA,NA,0
"5598",2011,"PP17",2,"ALRU",0,0,0,NA,NA,0
"5599",2011,"PP17",2,"CANO",0,0,0,NA,NA,0
"5600",2011,"PP17",2,"PICO",3,8,2,NA,NA,1
"5601",2011,"PP17",2,"PIEN",4,0,0,NA,NA,0
"5602",2011,"PP17",2,"PIMO",0,0,0,NA,NA,0
"5603",2011,"PP17",2,"PISI",0,0,0,NA,NA,0
"5604",2011,"PP17",2,"PSME",3,2,0,NA,NA,0
"5605",2011,"PP17",2,"TABR",0,0,0,NA,NA,0
"5606",2011,"PP17",2,"THPL",0,0,0,NA,NA,0
"5607",2011,"PP17",2,"TSHE",1,0,0,NA,NA,0
"5608",2011,"PP17",2,"TSME",0,0,0,NA,NA,0
"5609",2011,"PP17",3,"ABAM",0,0,0,NA,NA,0
"5610",2011,"PP17",3,"ABGR",0,0,0,NA,NA,0
"5611",2011,"PP17",3,"ABLA",1,0,0,NA,NA,0
"5612",2011,"PP17",3,"ABPR",0,0,0,NA,NA,0
"5613",2011,"PP17",3,"ACGL",0,0,0,NA,NA,0
"5614",2011,"PP17",3,"ALRU",0,0,0,NA,NA,0
"5615",2011,"PP17",3,"CANO",0,0,0,NA,NA,0
"5616",2011,"PP17",3,"PICO",1,2,0,NA,NA,0
"5617",2011,"PP17",3,"PIEN",0,0,0,NA,NA,0
"5618",2011,"PP17",3,"PIMO",0,0,0,NA,NA,0
"5619",2011,"PP17",3,"PISI",0,0,0,NA,NA,0
"5620",2011,"PP17",3,"PSME",0,2,0,NA,NA,0
"5621",2011,"PP17",3,"TABR",0,0,0,NA,NA,0
"5622",2011,"PP17",3,"THPL",2,0,0,NA,NA,0
"5623",2011,"PP17",3,"TSHE",0,0,0,NA,NA,0
"5624",2011,"PP17",3,"TSME",0,0,0,NA,NA,0
"5625",2011,"PP17",4,"ABAM",0,0,0,NA,NA,0
"5626",2011,"PP17",4,"ABGR",0,0,0,NA,NA,0
"5627",2011,"PP17",4,"ABLA",0,0,0,NA,NA,0
"5628",2011,"PP17",4,"ABPR",0,0,0,NA,NA,0
"5629",2011,"PP17",4,"ACGL",0,0,0,NA,NA,0
"5630",2011,"PP17",4,"ALRU",0,0,0,NA,NA,0
"5631",2011,"PP17",4,"CANO",0,0,0,NA,NA,0
"5632",2011,"PP17",4,"PICO",1,0,0,NA,NA,0
"5633",2011,"PP17",4,"PIEN",2,0,0,NA,NA,0
"5634",2011,"PP17",4,"PIMO",0,1,0,NA,NA,0
"5635",2011,"PP17",4,"PISI",0,0,0,NA,NA,0
"5636",2011,"PP17",4,"PSME",1,2,1,NA,NA,0
"5637",2011,"PP17",4,"TABR",0,0,0,NA,NA,0
"5638",2011,"PP17",4,"THPL",0,0,0,NA,NA,0
"5639",2011,"PP17",4,"TSHE",2,0,0,NA,NA,0
"5640",2011,"PP17",4,"TSME",0,0,0,NA,NA,0
"5641",2011,"PP17",5,"ABAM",0,0,0,NA,NA,0
"5642",2011,"PP17",5,"ABGR",0,0,0,NA,NA,0
"5643",2011,"PP17",5,"ABLA",0,0,0,NA,NA,0
"5644",2011,"PP17",5,"ABPR",0,0,0,NA,NA,0
"5645",2011,"PP17",5,"ACGL",0,0,0,NA,NA,0
"5646",2011,"PP17",5,"ALRU",0,0,0,NA,NA,0
"5647",2011,"PP17",5,"CANO",0,0,0,NA,NA,0
"5648",2011,"PP17",5,"PICO",0,0,0,NA,NA,0
"5649",2011,"PP17",5,"PIEN",0,0,0,NA,NA,0
"5650",2011,"PP17",5,"PIMO",0,0,0,NA,NA,0
"5651",2011,"PP17",5,"PISI",0,0,0,NA,NA,0
"5652",2011,"PP17",5,"PSME",3,1,0,NA,NA,0
"5653",2011,"PP17",5,"TABR",0,0,0,NA,NA,0
"5654",2011,"PP17",5,"THPL",0,0,0,NA,NA,0
"5655",2011,"PP17",5,"TSHE",1,1,0,NA,NA,0
"5656",2011,"PP17",5,"TSME",0,0,0,NA,NA,0
"5657",2011,"PP17",6,"ABAM",0,0,0,NA,NA,0
"5658",2011,"PP17",6,"ABGR",0,0,0,NA,NA,0
"5659",2011,"PP17",6,"ABLA",0,0,0,NA,NA,0
"5660",2011,"PP17",6,"ABPR",0,0,0,NA,NA,0
"5661",2011,"PP17",6,"ACGL",0,0,0,NA,NA,0
"5662",2011,"PP17",6,"ALRU",0,0,0,NA,NA,0
"5663",2011,"PP17",6,"CANO",0,0,0,NA,NA,0
"5664",2011,"PP17",6,"PICO",0,1,0,NA,NA,0
"5665",2011,"PP17",6,"PIEN",2,0,0,NA,NA,0
"5666",2011,"PP17",6,"PIMO",0,0,0,NA,NA,0
"5667",2011,"PP17",6,"PISI",0,0,0,NA,NA,0
"5668",2011,"PP17",6,"PSME",3,4,0,NA,NA,0
"5669",2011,"PP17",6,"TABR",0,0,0,NA,NA,0
"5670",2011,"PP17",6,"THPL",0,1,0,NA,NA,0
"5671",2011,"PP17",6,"TSHE",0,1,0,NA,NA,0
"5672",2011,"PP17",6,"TSME",0,0,0,NA,NA,0
"5673",2011,"SPRY",1,"ABAM",0,0,0,NA,NA,0
"5674",2011,"SPRY",1,"ABGR",0,0,0,NA,NA,0
"5675",2011,"SPRY",1,"ABLA",0,0,0,NA,NA,0
"5676",2011,"SPRY",1,"ABPR",0,0,0,NA,NA,0
"5677",2011,"SPRY",1,"ACGL",0,0,0,NA,NA,0
"5678",2011,"SPRY",1,"ALRU",0,0,0,NA,NA,0
"5679",2011,"SPRY",1,"CANO",0,0,0,NA,NA,0
"5680",2011,"SPRY",1,"PICO",0,0,0,NA,NA,0
"5681",2011,"SPRY",1,"PIEN",0,0,0,NA,NA,0
"5682",2011,"SPRY",1,"PIMO",0,0,0,NA,NA,0
"5683",2011,"SPRY",1,"PISI",0,0,0,NA,NA,0
"5684",2011,"SPRY",1,"PSME",0,0,0,NA,NA,0
"5685",2011,"SPRY",1,"TABR",0,0,0,NA,NA,0
"5686",2011,"SPRY",1,"THPL",0,0,0,NA,NA,0
"5687",2011,"SPRY",1,"TSHE",0,0,0,NA,NA,0
"5688",2011,"SPRY",1,"TSME",0,0,0,NA,NA,0
"5689",2011,"SPRY",2,"ABAM",0,0,0,NA,NA,0
"5690",2011,"SPRY",2,"ABGR",0,0,0,NA,NA,0
"5691",2011,"SPRY",2,"ABLA",0,0,0,NA,NA,0
"5692",2011,"SPRY",2,"ABPR",0,0,0,NA,NA,0
"5693",2011,"SPRY",2,"ACGL",0,0,0,NA,NA,0
"5694",2011,"SPRY",2,"ALRU",0,0,0,NA,NA,0
"5695",2011,"SPRY",2,"CANO",1,0,0,NA,NA,0
"5696",2011,"SPRY",2,"PICO",0,0,0,NA,NA,0
"5697",2011,"SPRY",2,"PIEN",0,0,0,NA,NA,0
"5698",2011,"SPRY",2,"PIMO",0,0,0,NA,NA,0
"5699",2011,"SPRY",2,"PISI",0,0,0,NA,NA,0
"5700",2011,"SPRY",2,"PSME",0,0,0,NA,NA,0
"5701",2011,"SPRY",2,"TABR",0,0,0,NA,NA,0
"5702",2011,"SPRY",2,"THPL",0,0,0,NA,NA,0
"5703",2011,"SPRY",2,"TSHE",0,0,0,NA,NA,0
"5704",2011,"SPRY",2,"TSME",1,1,0,NA,NA,0
"5705",2011,"SPRY",3,"ABAM",1,0,0,NA,NA,0
"5706",2011,"SPRY",3,"ABGR",0,0,0,NA,NA,0
"5707",2011,"SPRY",3,"ABLA",0,0,0,NA,NA,0
"5708",2011,"SPRY",3,"ABPR",0,0,0,NA,NA,0
"5709",2011,"SPRY",3,"ACGL",0,0,0,NA,NA,0
"5710",2011,"SPRY",3,"ALRU",0,0,0,NA,NA,0
"5711",2011,"SPRY",3,"CANO",13,2,0,NA,NA,0
"5712",2011,"SPRY",3,"PICO",0,0,0,NA,NA,0
"5713",2011,"SPRY",3,"PIEN",0,0,0,NA,NA,0
"5714",2011,"SPRY",3,"PIMO",0,0,0,NA,NA,0
"5715",2011,"SPRY",3,"PISI",0,0,0,NA,NA,0
"5716",2011,"SPRY",3,"PSME",0,0,0,NA,NA,0
"5717",2011,"SPRY",3,"TABR",0,0,0,NA,NA,0
"5718",2011,"SPRY",3,"THPL",0,0,0,NA,NA,0
"5719",2011,"SPRY",3,"TSHE",0,0,0,NA,NA,0
"5720",2011,"SPRY",3,"TSME",2,1,2,NA,NA,34
"5721",2011,"SPRY",4,"ABAM",0,0,0,NA,NA,0
"5722",2011,"SPRY",4,"ABGR",0,0,0,NA,NA,0
"5723",2011,"SPRY",4,"ABLA",0,0,0,NA,NA,0
"5724",2011,"SPRY",4,"ABPR",0,0,0,NA,NA,0
"5725",2011,"SPRY",4,"ACGL",0,0,0,NA,NA,0
"5726",2011,"SPRY",4,"ALRU",0,0,0,NA,NA,0
"5727",2011,"SPRY",4,"CANO",0,1,0,NA,NA,0
"5728",2011,"SPRY",4,"PICO",0,0,0,NA,NA,0
"5729",2011,"SPRY",4,"PIEN",0,0,0,NA,NA,0
"5730",2011,"SPRY",4,"PIMO",0,0,0,NA,NA,0
"5731",2011,"SPRY",4,"PISI",0,0,0,NA,NA,0
"5732",2011,"SPRY",4,"PSME",0,0,0,NA,NA,0
"5733",2011,"SPRY",4,"TABR",0,0,0,NA,NA,0
"5734",2011,"SPRY",4,"THPL",0,0,0,NA,NA,0
"5735",2011,"SPRY",4,"TSHE",0,0,0,NA,NA,0
"5736",2011,"SPRY",4,"TSME",1,0,0,NA,NA,0
"5737",2011,"SPRY",5,"ABAM",0,0,0,NA,NA,0
"5738",2011,"SPRY",5,"ABGR",0,0,0,NA,NA,0
"5739",2011,"SPRY",5,"ABLA",0,0,0,NA,NA,0
"5740",2011,"SPRY",5,"ABPR",0,0,0,NA,NA,0
"5741",2011,"SPRY",5,"ACGL",0,0,0,NA,NA,0
"5742",2011,"SPRY",5,"ALRU",0,0,0,NA,NA,0
"5743",2011,"SPRY",5,"CANO",12,3,2,NA,NA,0
"5744",2011,"SPRY",5,"PICO",0,0,0,NA,NA,0
"5745",2011,"SPRY",5,"PIEN",0,0,0,NA,NA,0
"5746",2011,"SPRY",5,"PIMO",0,0,0,NA,NA,0
"5747",2011,"SPRY",5,"PISI",0,0,0,NA,NA,0
"5748",2011,"SPRY",5,"PSME",0,0,0,NA,NA,0
"5749",2011,"SPRY",5,"TABR",0,0,0,NA,NA,0
"5750",2011,"SPRY",5,"THPL",0,0,0,NA,NA,0
"5751",2011,"SPRY",5,"TSHE",0,0,0,NA,NA,0
"5752",2011,"SPRY",5,"TSME",2,2,1,NA,NA,8
"5753",2011,"SPRY",6,"ABAM",0,2,0,NA,NA,0
"5754",2011,"SPRY",6,"ABGR",0,0,0,NA,NA,0
"5755",2011,"SPRY",6,"ABLA",0,0,0,NA,NA,0
"5756",2011,"SPRY",6,"ABPR",0,0,0,NA,NA,0
"5757",2011,"SPRY",6,"ACGL",0,0,0,NA,NA,0
"5758",2011,"SPRY",6,"ALRU",0,0,0,NA,NA,0
"5759",2011,"SPRY",6,"CANO",8,3,1,NA,NA,0
"5760",2011,"SPRY",6,"PICO",0,0,0,NA,NA,0
"5761",2011,"SPRY",6,"PIEN",0,0,0,NA,NA,0
"5762",2011,"SPRY",6,"PIMO",0,0,0,NA,NA,0
"5763",2011,"SPRY",6,"PISI",0,0,0,NA,NA,0
"5764",2011,"SPRY",6,"PSME",0,0,0,NA,NA,0
"5765",2011,"SPRY",6,"TABR",0,0,0,NA,NA,0
"5766",2011,"SPRY",6,"THPL",0,0,0,NA,NA,0
"5767",2011,"SPRY",6,"TSHE",0,0,0,NA,NA,0
"5768",2011,"SPRY",6,"TSME",3,0,0,NA,NA,0
"5769",2011,"SUNR",1,"ABAM",11,0,0,NA,NA,0
"5770",2011,"SUNR",1,"ABGR",0,0,0,NA,NA,0
"5771",2011,"SUNR",1,"ABLA",6,1,0,NA,NA,0
"5772",2011,"SUNR",1,"ABPR",0,0,0,NA,NA,0
"5773",2011,"SUNR",1,"ACGL",0,0,0,NA,NA,0
"5774",2011,"SUNR",1,"ALRU",0,0,0,NA,NA,0
"5775",2011,"SUNR",1,"CANO",4,5,0,NA,NA,0
"5776",2011,"SUNR",1,"PICO",0,0,0,NA,NA,0
"5777",2011,"SUNR",1,"PIEN",0,0,0,NA,NA,0
"5778",2011,"SUNR",1,"PIMO",0,0,0,NA,NA,0
"5779",2011,"SUNR",1,"PISI",0,0,0,NA,NA,0
"5780",2011,"SUNR",1,"PSME",0,0,0,NA,NA,0
"5781",2011,"SUNR",1,"TABR",0,0,0,NA,NA,0
"5782",2011,"SUNR",1,"THPL",0,0,0,NA,NA,0
"5783",2011,"SUNR",1,"TSHE",0,0,0,NA,NA,0
"5784",2011,"SUNR",1,"TSME",3,0,0,NA,NA,0
"5785",2011,"SUNR",2,"ABAM",2,0,0,NA,NA,0
"5786",2011,"SUNR",2,"ABGR",0,0,0,NA,NA,0
"5787",2011,"SUNR",2,"ABLA",8,2,0,NA,NA,0
"5788",2011,"SUNR",2,"ABPR",0,0,0,NA,NA,0
"5789",2011,"SUNR",2,"ACGL",0,0,0,NA,NA,0
"5790",2011,"SUNR",2,"ALRU",0,0,0,NA,NA,0
"5791",2011,"SUNR",2,"CANO",11,7,1,NA,NA,9
"5792",2011,"SUNR",2,"PICO",0,0,0,NA,NA,0
"5793",2011,"SUNR",2,"PIEN",0,0,0,NA,NA,0
"5794",2011,"SUNR",2,"PIMO",0,0,0,NA,NA,0
"5795",2011,"SUNR",2,"PISI",0,0,0,NA,NA,0
"5796",2011,"SUNR",2,"PSME",0,0,0,NA,NA,0
"5797",2011,"SUNR",2,"TABR",0,0,0,NA,NA,0
"5798",2011,"SUNR",2,"THPL",0,0,0,NA,NA,0
"5799",2011,"SUNR",2,"TSHE",0,0,0,NA,NA,0
"5800",2011,"SUNR",2,"TSME",1,0,1,NA,NA,0
"5801",2011,"SUNR",3,"ABAM",0,0,0,NA,NA,0
"5802",2011,"SUNR",3,"ABGR",0,0,0,NA,NA,0
"5803",2011,"SUNR",3,"ABLA",9,2,0,NA,NA,0
"5804",2011,"SUNR",3,"ABPR",0,0,0,NA,NA,0
"5805",2011,"SUNR",3,"ACGL",0,0,0,NA,NA,0
"5806",2011,"SUNR",3,"ALRU",0,0,0,NA,NA,0
"5807",2011,"SUNR",3,"CANO",11,9,1,NA,NA,0
"5808",2011,"SUNR",3,"PICO",0,0,0,NA,NA,0
"5809",2011,"SUNR",3,"PIEN",0,0,0,NA,NA,0
"5810",2011,"SUNR",3,"PIMO",0,0,0,NA,NA,0
"5811",2011,"SUNR",3,"PISI",0,0,0,NA,NA,0
"5812",2011,"SUNR",3,"PSME",0,0,0,NA,NA,0
"5813",2011,"SUNR",3,"TABR",0,0,0,NA,NA,0
"5814",2011,"SUNR",3,"THPL",0,0,0,NA,NA,0
"5815",2011,"SUNR",3,"TSHE",0,0,0,NA,NA,0
"5816",2011,"SUNR",3,"TSME",2,0,0,NA,NA,0
"5817",2011,"SUNR",4,"ABAM",0,0,0,NA,NA,0
"5818",2011,"SUNR",4,"ABGR",0,0,0,NA,NA,0
"5819",2011,"SUNR",4,"ABLA",13,3,0,NA,NA,0
"5820",2011,"SUNR",4,"ABPR",0,0,0,NA,NA,0
"5821",2011,"SUNR",4,"ACGL",0,0,0,NA,NA,0
"5822",2011,"SUNR",4,"ALRU",0,0,0,NA,NA,0
"5823",2011,"SUNR",4,"CANO",25,14,0,NA,NA,0
"5824",2011,"SUNR",4,"PICO",0,0,0,NA,NA,0
"5825",2011,"SUNR",4,"PIEN",0,0,0,NA,NA,0
"5826",2011,"SUNR",4,"PIMO",0,0,0,NA,NA,0
"5827",2011,"SUNR",4,"PISI",0,0,0,NA,NA,0
"5828",2011,"SUNR",4,"PSME",0,0,0,NA,NA,0
"5829",2011,"SUNR",4,"TABR",0,0,0,NA,NA,0
"5830",2011,"SUNR",4,"THPL",0,0,0,NA,NA,0
"5831",2011,"SUNR",4,"TSHE",0,0,0,NA,NA,0
"5832",2011,"SUNR",4,"TSME",2,0,1,NA,NA,0
"5833",2011,"SUNR",5,"ABAM",0,0,0,NA,NA,0
"5834",2011,"SUNR",5,"ABGR",0,0,0,NA,NA,0
"5835",2011,"SUNR",5,"ABLA",10,8,0,NA,NA,0
"5836",2011,"SUNR",5,"ABPR",0,0,0,NA,NA,0
"5837",2011,"SUNR",5,"ACGL",0,0,0,NA,NA,0
"5838",2011,"SUNR",5,"ALRU",0,0,0,NA,NA,0
"5839",2011,"SUNR",5,"CANO",21,14,1,NA,NA,7
"5840",2011,"SUNR",5,"PICO",0,0,0,NA,NA,0
"5841",2011,"SUNR",5,"PIEN",0,0,0,NA,NA,0
"5842",2011,"SUNR",5,"PIMO",0,0,0,NA,NA,0
"5843",2011,"SUNR",5,"PISI",0,0,0,NA,NA,0
"5844",2011,"SUNR",5,"PSME",0,0,0,NA,NA,0
"5845",2011,"SUNR",5,"TABR",0,0,0,NA,NA,0
"5846",2011,"SUNR",5,"THPL",0,0,0,NA,NA,0
"5847",2011,"SUNR",5,"TSHE",0,0,0,NA,NA,0
"5848",2011,"SUNR",5,"TSME",2,0,0,NA,NA,0
"5849",2011,"SUNR",6,"ABAM",1,1,0,NA,NA,0
"5850",2011,"SUNR",6,"ABGR",0,0,0,NA,NA,0
"5851",2011,"SUNR",6,"ABLA",11,2,0,NA,NA,0
"5852",2011,"SUNR",6,"ABPR",0,0,0,NA,NA,0
"5853",2011,"SUNR",6,"ACGL",0,0,0,NA,NA,0
"5854",2011,"SUNR",6,"ALRU",0,0,0,NA,NA,0
"5855",2011,"SUNR",6,"CANO",1,2,0,NA,NA,0
"5856",2011,"SUNR",6,"PICO",0,0,0,NA,NA,0
"5857",2011,"SUNR",6,"PIEN",0,0,0,NA,NA,0
"5858",2011,"SUNR",6,"PIMO",0,0,0,NA,NA,0
"5859",2011,"SUNR",6,"PISI",0,0,0,NA,NA,0
"5860",2011,"SUNR",6,"PSME",0,0,0,NA,NA,0
"5861",2011,"SUNR",6,"TABR",0,0,0,NA,NA,0
"5862",2011,"SUNR",6,"THPL",0,0,0,NA,NA,0
"5863",2011,"SUNR",6,"TSHE",0,0,0,NA,NA,0
"5864",2011,"SUNR",6,"TSME",1,1,1,NA,NA,22
"5865",2011,"TA01",1,"ABAM",0,0,0,NA,NA,0
"5866",2011,"TA01",1,"ABGR",0,0,0,NA,NA,0
"5867",2011,"TA01",1,"ABLA",0,0,0,NA,NA,0
"5868",2011,"TA01",1,"ABPR",0,0,0,NA,NA,0
"5869",2011,"TA01",1,"ACGL",0,0,0,NA,NA,0
"5870",2011,"TA01",1,"ALRU",0,0,0,NA,NA,0
"5871",2011,"TA01",1,"CANO",0,0,0,NA,NA,0
"5872",2011,"TA01",1,"PICO",1,0,0,NA,NA,0
"5873",2011,"TA01",1,"PIEN",0,0,0,NA,NA,0
"5874",2011,"TA01",1,"PIMO",0,1,0,NA,NA,0
"5875",2011,"TA01",1,"PISI",0,0,0,NA,NA,0
"5876",2011,"TA01",1,"PSME",0,1,0,NA,NA,0
"5877",2011,"TA01",1,"TABR",0,0,0,NA,NA,0
"5878",2011,"TA01",1,"THPL",1,0,0,NA,NA,0
"5879",2011,"TA01",1,"TSHE",16,1,0,NA,NA,0
"5880",2011,"TA01",1,"TSME",0,0,0,NA,NA,0
"5881",2011,"TA01",2,"ABAM",0,0,0,NA,NA,0
"5882",2011,"TA01",2,"ABGR",0,0,0,NA,NA,0
"5883",2011,"TA01",2,"ABLA",0,0,0,NA,NA,0
"5884",2011,"TA01",2,"ABPR",0,0,0,NA,NA,0
"5885",2011,"TA01",2,"ACGL",0,0,0,NA,NA,0
"5886",2011,"TA01",2,"ALRU",0,0,0,NA,NA,0
"5887",2011,"TA01",2,"CANO",0,0,0,NA,NA,0
"5888",2011,"TA01",2,"PICO",0,0,0,NA,NA,0
"5889",2011,"TA01",2,"PIEN",0,0,0,NA,NA,0
"5890",2011,"TA01",2,"PIMO",0,0,0,NA,NA,0
"5891",2011,"TA01",2,"PISI",0,0,0,NA,NA,0
"5892",2011,"TA01",2,"PSME",4,1,0,NA,NA,0
"5893",2011,"TA01",2,"TABR",0,0,0,NA,NA,0
"5894",2011,"TA01",2,"THPL",2,0,0,NA,NA,0
"5895",2011,"TA01",2,"TSHE",6,2,0,NA,NA,0
"5896",2011,"TA01",2,"TSME",0,0,0,NA,NA,0
"5897",2011,"TA01",3,"ABAM",0,0,0,NA,NA,0
"5898",2011,"TA01",3,"ABGR",0,0,0,NA,NA,0
"5899",2011,"TA01",3,"ABLA",0,0,0,NA,NA,0
"5900",2011,"TA01",3,"ABPR",0,0,0,NA,NA,0
"5901",2011,"TA01",3,"ACGL",0,0,0,NA,NA,0
"5902",2011,"TA01",3,"ALRU",0,0,0,NA,NA,0
"5903",2011,"TA01",3,"CANO",0,0,0,NA,NA,0
"5904",2011,"TA01",3,"PICO",0,0,0,NA,NA,0
"5905",2011,"TA01",3,"PIEN",0,0,0,NA,NA,0
"5906",2011,"TA01",3,"PIMO",0,0,0,NA,NA,0
"5907",2011,"TA01",3,"PISI",0,0,0,NA,NA,0
"5908",2011,"TA01",3,"PSME",1,1,1,NA,NA,0
"5909",2011,"TA01",3,"TABR",0,0,0,NA,NA,0
"5910",2011,"TA01",3,"THPL",0,0,0,NA,NA,0
"5911",2011,"TA01",3,"TSHE",8,2,0,NA,NA,0
"5912",2011,"TA01",3,"TSME",0,0,0,NA,NA,0
"5913",2011,"TA01",4,"ABAM",0,0,0,NA,NA,0
"5914",2011,"TA01",4,"ABGR",0,0,0,NA,NA,0
"5915",2011,"TA01",4,"ABLA",0,0,0,NA,NA,0
"5916",2011,"TA01",4,"ABPR",0,0,0,NA,NA,0
"5917",2011,"TA01",4,"ACGL",0,0,0,NA,NA,0
"5918",2011,"TA01",4,"ALRU",0,0,0,NA,NA,0
"5919",2011,"TA01",4,"CANO",0,0,0,NA,NA,0
"5920",2011,"TA01",4,"PICO",0,0,0,NA,NA,0
"5921",2011,"TA01",4,"PIEN",0,0,0,NA,NA,0
"5922",2011,"TA01",4,"PIMO",0,0,0,NA,NA,0
"5923",2011,"TA01",4,"PISI",0,0,0,NA,NA,0
"5924",2011,"TA01",4,"PSME",6,0,0,NA,NA,0
"5925",2011,"TA01",4,"TABR",0,0,0,NA,NA,0
"5926",2011,"TA01",4,"THPL",0,0,0,NA,NA,0
"5927",2011,"TA01",4,"TSHE",8,1,0,NA,NA,0
"5928",2011,"TA01",4,"TSME",0,0,0,NA,NA,0
"5929",2011,"TA01",5,"ABAM",0,0,0,NA,NA,0
"5930",2011,"TA01",5,"ABGR",0,0,0,NA,NA,0
"5931",2011,"TA01",5,"ABLA",0,0,0,NA,NA,0
"5932",2011,"TA01",5,"ABPR",0,0,0,NA,NA,0
"5933",2011,"TA01",5,"ACGL",0,0,0,NA,NA,0
"5934",2011,"TA01",5,"ALRU",0,0,0,NA,NA,0
"5935",2011,"TA01",5,"CANO",0,0,0,NA,NA,0
"5936",2011,"TA01",5,"PICO",0,0,0,NA,NA,0
"5937",2011,"TA01",5,"PIEN",0,0,0,NA,NA,0
"5938",2011,"TA01",5,"PIMO",0,0,0,NA,NA,0
"5939",2011,"TA01",5,"PISI",0,0,0,NA,NA,0
"5940",2011,"TA01",5,"PSME",0,2,0,NA,NA,0
"5941",2011,"TA01",5,"TABR",0,0,0,NA,NA,0
"5942",2011,"TA01",5,"THPL",0,0,0,NA,NA,0
"5943",2011,"TA01",5,"TSHE",7,2,0,NA,NA,0
"5944",2011,"TA01",5,"TSME",0,0,0,NA,NA,0
"5945",2011,"TA01",6,"ABAM",0,0,0,NA,NA,0
"5946",2011,"TA01",6,"ABGR",0,0,0,NA,NA,0
"5947",2011,"TA01",6,"ABLA",0,0,0,NA,NA,0
"5948",2011,"TA01",6,"ABPR",0,0,0,NA,NA,0
"5949",2011,"TA01",6,"ACGL",0,0,0,NA,NA,0
"5950",2011,"TA01",6,"ALRU",0,0,0,NA,NA,0
"5951",2011,"TA01",6,"CANO",0,0,0,NA,NA,0
"5952",2011,"TA01",6,"PICO",0,0,0,NA,NA,0
"5953",2011,"TA01",6,"PIEN",0,0,0,NA,NA,0
"5954",2011,"TA01",6,"PIMO",0,0,0,NA,NA,0
"5955",2011,"TA01",6,"PISI",0,0,0,NA,NA,0
"5956",2011,"TA01",6,"PSME",4,0,1,NA,NA,10
"5957",2011,"TA01",6,"TABR",0,0,0,NA,NA,0
"5958",2011,"TA01",6,"THPL",0,0,0,NA,NA,0
"5959",2011,"TA01",6,"TSHE",11,0,0,NA,NA,0
"5960",2011,"TA01",6,"TSME",0,0,0,NA,NA,0
"5961",2011,"TB13",1,"ABAM",0,0,0,NA,NA,0
"5962",2011,"TB13",1,"ABGR",0,0,0,NA,NA,0
"5963",2011,"TB13",1,"ABLA",0,0,0,NA,NA,0
"5964",2011,"TB13",1,"ABPR",0,0,0,NA,NA,0
"5965",2011,"TB13",1,"ACGL",0,0,0,NA,NA,0
"5966",2011,"TB13",1,"ALRU",0,0,0,NA,NA,0
"5967",2011,"TB13",1,"CANO",0,0,0,NA,NA,0
"5968",2011,"TB13",1,"PICO",0,0,0,NA,NA,0
"5969",2011,"TB13",1,"PIEN",0,0,0,NA,NA,0
"5970",2011,"TB13",1,"PIMO",0,0,0,NA,NA,0
"5971",2011,"TB13",1,"PISI",0,0,0,NA,NA,0
"5972",2011,"TB13",1,"PSME",3,0,0,NA,NA,0
"5973",2011,"TB13",1,"TABR",0,0,0,NA,NA,0
"5974",2011,"TB13",1,"THPL",5,0,0,NA,NA,0
"5975",2011,"TB13",1,"TSHE",28,2,12,NA,NA,1
"5976",2011,"TB13",1,"TSME",0,0,0,NA,NA,0
"5977",2011,"TB13",2,"ABAM",0,0,0,NA,NA,0
"5978",2011,"TB13",2,"ABGR",0,0,0,NA,NA,0
"5979",2011,"TB13",2,"ABLA",0,0,0,NA,NA,0
"5980",2011,"TB13",2,"ABPR",0,0,0,NA,NA,0
"5981",2011,"TB13",2,"ACGL",0,0,0,NA,NA,0
"5982",2011,"TB13",2,"ALRU",0,0,0,NA,NA,0
"5983",2011,"TB13",2,"CANO",0,0,0,NA,NA,0
"5984",2011,"TB13",2,"PICO",0,0,0,NA,NA,0
"5985",2011,"TB13",2,"PIEN",0,0,0,NA,NA,0
"5986",2011,"TB13",2,"PIMO",0,0,0,NA,NA,0
"5987",2011,"TB13",2,"PISI",0,0,0,NA,NA,0
"5988",2011,"TB13",2,"PSME",3,3,2,NA,NA,3
"5989",2011,"TB13",2,"TABR",0,0,0,NA,NA,0
"5990",2011,"TB13",2,"THPL",5,7,1,NA,NA,0
"5991",2011,"TB13",2,"TSHE",52,14,28,NA,NA,14
"5992",2011,"TB13",2,"TSME",0,0,0,NA,NA,0
"5993",2011,"TB13",3,"ABAM",0,0,0,NA,NA,0
"5994",2011,"TB13",3,"ABGR",0,0,0,NA,NA,0
"5995",2011,"TB13",3,"ABLA",0,0,0,NA,NA,0
"5996",2011,"TB13",3,"ABPR",0,0,0,NA,NA,0
"5997",2011,"TB13",3,"ACGL",0,0,0,NA,NA,0
"5998",2011,"TB13",3,"ALRU",0,0,0,NA,NA,0
"5999",2011,"TB13",3,"CANO",0,0,0,NA,NA,0
"6000",2011,"TB13",3,"PICO",0,0,0,NA,NA,0
"6001",2011,"TB13",3,"PIEN",0,0,0,NA,NA,0
"6002",2011,"TB13",3,"PIMO",0,0,0,NA,NA,0
"6003",2011,"TB13",3,"PISI",0,0,0,NA,NA,0
"6004",2011,"TB13",3,"PSME",1,12,2,NA,NA,0
"6005",2011,"TB13",3,"TABR",0,0,0,NA,NA,0
"6006",2011,"TB13",3,"THPL",4,3,3,NA,NA,0
"6007",2011,"TB13",3,"TSHE",32,11,30,NA,NA,31
"6008",2011,"TB13",3,"TSME",0,0,0,NA,NA,0
"6009",2011,"TB13",4,"ABAM",0,0,0,NA,NA,0
"6010",2011,"TB13",4,"ABGR",0,0,0,NA,NA,0
"6011",2011,"TB13",4,"ABLA",0,0,0,NA,NA,0
"6012",2011,"TB13",4,"ABPR",0,0,0,NA,NA,0
"6013",2011,"TB13",4,"ACGL",0,0,0,NA,NA,0
"6014",2011,"TB13",4,"ALRU",0,0,0,NA,NA,0
"6015",2011,"TB13",4,"CANO",0,0,0,NA,NA,0
"6016",2011,"TB13",4,"PICO",0,0,0,NA,NA,0
"6017",2011,"TB13",4,"PIEN",0,0,0,NA,NA,0
"6018",2011,"TB13",4,"PIMO",0,0,0,NA,NA,0
"6019",2011,"TB13",4,"PISI",0,0,0,NA,NA,0
"6020",2011,"TB13",4,"PSME",6,3,1,NA,NA,16
"6021",2011,"TB13",4,"TABR",0,0,0,NA,NA,0
"6022",2011,"TB13",4,"THPL",1,3,3,NA,NA,0
"6023",2011,"TB13",4,"TSHE",51,18,13,NA,NA,4
"6024",2011,"TB13",4,"TSME",0,0,0,NA,NA,0
"6025",2011,"TB13",5,"ABAM",0,0,0,NA,NA,0
"6026",2011,"TB13",5,"ABGR",0,0,0,NA,NA,0
"6027",2011,"TB13",5,"ABLA",0,0,0,NA,NA,0
"6028",2011,"TB13",5,"ABPR",0,0,0,NA,NA,0
"6029",2011,"TB13",5,"ACGL",0,0,0,NA,NA,0
"6030",2011,"TB13",5,"ALRU",0,0,0,NA,NA,0
"6031",2011,"TB13",5,"CANO",0,0,0,NA,NA,0
"6032",2011,"TB13",5,"PICO",0,0,0,NA,NA,0
"6033",2011,"TB13",5,"PIEN",0,0,0,NA,NA,0
"6034",2011,"TB13",5,"PIMO",0,0,0,NA,NA,0
"6035",2011,"TB13",5,"PISI",0,0,0,NA,NA,0
"6036",2011,"TB13",5,"PSME",0,4,0,NA,NA,0
"6037",2011,"TB13",5,"TABR",0,0,0,NA,NA,0
"6038",2011,"TB13",5,"THPL",2,1,3,NA,NA,0
"6039",2011,"TB13",5,"TSHE",20,17,23,NA,NA,7
"6040",2011,"TB13",5,"TSME",0,0,0,NA,NA,0
"6041",2011,"TB13",6,"ABAM",0,0,0,NA,NA,0
"6042",2011,"TB13",6,"ABGR",0,0,0,NA,NA,0
"6043",2011,"TB13",6,"ABLA",0,0,0,NA,NA,0
"6044",2011,"TB13",6,"ABPR",0,0,0,NA,NA,0
"6045",2011,"TB13",6,"ACGL",0,0,0,NA,NA,0
"6046",2011,"TB13",6,"ALRU",0,0,0,NA,NA,0
"6047",2011,"TB13",6,"CANO",0,0,0,NA,NA,0
"6048",2011,"TB13",6,"PICO",0,0,0,NA,NA,0
"6049",2011,"TB13",6,"PIEN",0,0,0,NA,NA,0
"6050",2011,"TB13",6,"PIMO",0,0,0,NA,NA,0
"6051",2011,"TB13",6,"PISI",0,0,0,NA,NA,0
"6052",2011,"TB13",6,"PSME",0,0,0,NA,NA,0
"6053",2011,"TB13",6,"TABR",0,0,0,NA,NA,0
"6054",2011,"TB13",6,"THPL",4,6,12,NA,NA,64
"6055",2011,"TB13",6,"TSHE",60,23,40,NA,NA,110
"6056",2011,"TB13",6,"TSME",0,0,0,NA,NA,0
"6057",2011,"TO04",1,"ABAM",0,0,0,NA,NA,0
"6058",2011,"TO04",1,"ABGR",0,0,0,NA,NA,0
"6059",2011,"TO04",1,"ABLA",0,0,0,NA,NA,0
"6060",2011,"TO04",1,"ABPR",0,0,0,NA,NA,0
"6061",2011,"TO04",1,"ACGL",0,0,0,NA,NA,0
"6062",2011,"TO04",1,"ALRU",0,0,0,NA,NA,0
"6063",2011,"TO04",1,"CANO",0,0,0,NA,NA,0
"6064",2011,"TO04",1,"PICO",0,0,0,NA,NA,0
"6065",2011,"TO04",1,"PIEN",0,0,0,NA,NA,0
"6066",2011,"TO04",1,"PIMO",0,0,0,NA,NA,0
"6067",2011,"TO04",1,"PISI",0,0,0,NA,NA,0
"6068",2011,"TO04",1,"PSME",2,2,0,NA,NA,0
"6069",2011,"TO04",1,"TABR",0,0,0,NA,NA,0
"6070",2011,"TO04",1,"THPL",16,22,1,NA,NA,7
"6071",2011,"TO04",1,"TSHE",86,56,27,NA,NA,103
"6072",2011,"TO04",1,"TSME",0,0,0,NA,NA,0
"6073",2011,"TO04",2,"ABAM",0,0,0,NA,NA,0
"6074",2011,"TO04",2,"ABGR",0,0,0,NA,NA,0
"6075",2011,"TO04",2,"ABLA",0,0,0,NA,NA,0
"6076",2011,"TO04",2,"ABPR",0,0,0,NA,NA,0
"6077",2011,"TO04",2,"ACGL",0,0,0,NA,NA,0
"6078",2011,"TO04",2,"ALRU",0,0,0,NA,NA,0
"6079",2011,"TO04",2,"CANO",0,0,0,NA,NA,0
"6080",2011,"TO04",2,"PICO",0,0,0,NA,NA,0
"6081",2011,"TO04",2,"PIEN",0,0,0,NA,NA,0
"6082",2011,"TO04",2,"PIMO",0,0,0,NA,NA,0
"6083",2011,"TO04",2,"PISI",0,0,0,NA,NA,0
"6084",2011,"TO04",2,"PSME",3,0,0,NA,NA,0
"6085",2011,"TO04",2,"TABR",0,0,0,NA,NA,0
"6086",2011,"TO04",2,"THPL",26,25,13,NA,NA,28
"6087",2011,"TO04",2,"TSHE",104,45,70,NA,NA,212
"6088",2011,"TO04",2,"TSME",0,0,0,NA,NA,0
"6089",2011,"TO04",3,"ABAM",0,0,0,NA,NA,0
"6090",2011,"TO04",3,"ABGR",0,0,0,NA,NA,0
"6091",2011,"TO04",3,"ABLA",0,0,0,NA,NA,0
"6092",2011,"TO04",3,"ABPR",0,0,0,NA,NA,0
"6093",2011,"TO04",3,"ACGL",0,0,0,NA,NA,0
"6094",2011,"TO04",3,"ALRU",0,0,0,NA,NA,0
"6095",2011,"TO04",3,"CANO",0,0,0,NA,NA,0
"6096",2011,"TO04",3,"PICO",0,0,0,NA,NA,0
"6097",2011,"TO04",3,"PIEN",0,0,0,NA,NA,0
"6098",2011,"TO04",3,"PIMO",0,0,0,NA,NA,0
"6099",2011,"TO04",3,"PISI",0,0,0,NA,NA,0
"6100",2011,"TO04",3,"PSME",0,0,0,NA,NA,0
"6101",2011,"TO04",3,"TABR",0,0,0,NA,NA,0
"6102",2011,"TO04",3,"THPL",28,30,7,NA,NA,30
"6103",2011,"TO04",3,"TSHE",104,42,14,NA,NA,38
"6104",2011,"TO04",3,"TSME",0,0,0,NA,NA,0
"6105",2011,"TO04",4,"ABAM",0,0,0,NA,NA,0
"6106",2011,"TO04",4,"ABGR",0,0,0,NA,NA,0
"6107",2011,"TO04",4,"ABLA",0,0,0,NA,NA,0
"6108",2011,"TO04",4,"ABPR",0,0,0,NA,NA,0
"6109",2011,"TO04",4,"ACGL",0,0,0,NA,NA,0
"6110",2011,"TO04",4,"ALRU",0,0,0,NA,NA,0
"6111",2011,"TO04",4,"CANO",0,0,0,NA,NA,0
"6112",2011,"TO04",4,"PICO",0,0,0,NA,NA,0
"6113",2011,"TO04",4,"PIEN",0,0,0,NA,NA,0
"6114",2011,"TO04",4,"PIMO",0,0,0,NA,NA,0
"6115",2011,"TO04",4,"PISI",0,0,0,NA,NA,0
"6116",2011,"TO04",4,"PSME",0,0,0,NA,NA,0
"6117",2011,"TO04",4,"TABR",0,0,0,NA,NA,0
"6118",2011,"TO04",4,"THPL",48,78,21,NA,NA,33
"6119",2011,"TO04",4,"TSHE",100,52,12,NA,NA,77
"6120",2011,"TO04",4,"TSME",0,0,0,NA,NA,0
"6121",2011,"TO04",5,"ABAM",2,1,0,NA,NA,0
"6122",2011,"TO04",5,"ABGR",2,0,0,NA,NA,0
"6123",2011,"TO04",5,"ABLA",0,0,0,NA,NA,0
"6124",2011,"TO04",5,"ABPR",0,0,0,NA,NA,0
"6125",2011,"TO04",5,"ACGL",0,0,0,NA,NA,0
"6126",2011,"TO04",5,"ALRU",0,0,0,NA,NA,0
"6127",2011,"TO04",5,"CANO",0,0,0,NA,NA,0
"6128",2011,"TO04",5,"PICO",0,0,0,NA,NA,0
"6129",2011,"TO04",5,"PIEN",0,0,0,NA,NA,0
"6130",2011,"TO04",5,"PIMO",0,0,0,NA,NA,0
"6131",2011,"TO04",5,"PISI",0,0,0,NA,NA,0
"6132",2011,"TO04",5,"PSME",0,1,0,NA,NA,0
"6133",2011,"TO04",5,"TABR",0,0,0,NA,NA,0
"6134",2011,"TO04",5,"THPL",31,29,31,NA,NA,78
"6135",2011,"TO04",5,"TSHE",79,51,41,NA,NA,58
"6136",2011,"TO04",5,"TSME",0,0,0,NA,NA,0
"6137",2011,"TO04",6,"ABAM",0,0,0,NA,NA,0
"6138",2011,"TO04",6,"ABGR",0,0,0,NA,NA,0
"6139",2011,"TO04",6,"ABLA",0,0,0,NA,NA,0
"6140",2011,"TO04",6,"ABPR",0,0,0,NA,NA,0
"6141",2011,"TO04",6,"ACGL",0,0,0,NA,NA,0
"6142",2011,"TO04",6,"ALRU",0,0,0,NA,NA,0
"6143",2011,"TO04",6,"CANO",0,0,0,NA,NA,0
"6144",2011,"TO04",6,"PICO",0,0,0,NA,NA,0
"6145",2011,"TO04",6,"PIEN",0,0,0,NA,NA,0
"6146",2011,"TO04",6,"PIMO",0,0,0,NA,NA,0
"6147",2011,"TO04",6,"PISI",0,0,0,NA,NA,0
"6148",2011,"TO04",6,"PSME",1,0,0,NA,NA,0
"6149",2011,"TO04",6,"TABR",0,0,0,NA,NA,0
"6150",2011,"TO04",6,"THPL",57,112,54,NA,NA,105
"6151",2011,"TO04",6,"TSHE",87,59,29,NA,NA,12
"6152",2011,"TO04",6,"TSME",0,0,0,NA,NA,0
"6153",2011,"TO11",1,"ABAM",0,0,0,NA,NA,0
"6154",2011,"TO11",1,"ABGR",0,0,0,NA,NA,0
"6155",2011,"TO11",1,"ABLA",0,0,0,NA,NA,0
"6156",2011,"TO11",1,"ABPR",0,0,0,NA,NA,0
"6157",2011,"TO11",1,"ACGL",0,0,0,NA,NA,0
"6158",2011,"TO11",1,"ALRU",0,0,0,NA,NA,0
"6159",2011,"TO11",1,"CANO",0,0,0,NA,NA,0
"6160",2011,"TO11",1,"PICO",0,0,0,NA,NA,0
"6161",2011,"TO11",1,"PIEN",0,0,0,NA,NA,0
"6162",2011,"TO11",1,"PIMO",0,0,0,NA,NA,0
"6163",2011,"TO11",1,"PISI",0,0,0,NA,NA,0
"6164",2011,"TO11",1,"PSME",0,0,1,NA,NA,16
"6165",2011,"TO11",1,"TABR",0,0,0,NA,NA,0
"6166",2011,"TO11",1,"THPL",2,2,3,NA,NA,0
"6167",2011,"TO11",1,"TSHE",78,5,24,NA,NA,70
"6168",2011,"TO11",1,"TSME",0,0,0,NA,NA,0
"6169",2011,"TO11",2,"ABAM",0,0,0,NA,NA,0
"6170",2011,"TO11",2,"ABGR",0,0,0,NA,NA,0
"6171",2011,"TO11",2,"ABLA",0,0,0,NA,NA,0
"6172",2011,"TO11",2,"ABPR",0,0,0,NA,NA,0
"6173",2011,"TO11",2,"ACGL",0,0,0,NA,NA,0
"6174",2011,"TO11",2,"ALRU",0,0,0,NA,NA,0
"6175",2011,"TO11",2,"CANO",0,0,0,NA,NA,0
"6176",2011,"TO11",2,"PICO",0,0,0,NA,NA,0
"6177",2011,"TO11",2,"PIEN",0,0,0,NA,NA,0
"6178",2011,"TO11",2,"PIMO",0,0,0,NA,NA,0
"6179",2011,"TO11",2,"PISI",0,0,0,NA,NA,0
"6180",2011,"TO11",2,"PSME",4,9,2,NA,NA,27
"6181",2011,"TO11",2,"TABR",0,0,0,NA,NA,0
"6182",2011,"TO11",2,"THPL",9,4,3,NA,NA,0
"6183",2011,"TO11",2,"TSHE",102,106,36,NA,NA,44
"6184",2011,"TO11",2,"TSME",0,0,0,NA,NA,0
"6185",2011,"TO11",3,"ABAM",0,0,0,NA,NA,0
"6186",2011,"TO11",3,"ABGR",0,0,0,NA,NA,0
"6187",2011,"TO11",3,"ABLA",0,0,0,NA,NA,0
"6188",2011,"TO11",3,"ABPR",0,0,0,NA,NA,0
"6189",2011,"TO11",3,"ACGL",0,0,0,NA,NA,0
"6190",2011,"TO11",3,"ALRU",0,0,0,NA,NA,0
"6191",2011,"TO11",3,"CANO",0,0,0,NA,NA,0
"6192",2011,"TO11",3,"PICO",0,0,0,NA,NA,0
"6193",2011,"TO11",3,"PIEN",0,0,0,NA,NA,0
"6194",2011,"TO11",3,"PIMO",0,0,0,NA,NA,0
"6195",2011,"TO11",3,"PISI",0,0,0,NA,NA,0
"6196",2011,"TO11",3,"PSME",5,5,2,NA,NA,7
"6197",2011,"TO11",3,"TABR",0,0,0,NA,NA,0
"6198",2011,"TO11",3,"THPL",3,3,5,NA,NA,7
"6199",2011,"TO11",3,"TSHE",120,45,68,NA,NA,58
"6200",2011,"TO11",3,"TSME",0,0,0,NA,NA,0
"6201",2011,"TO11",4,"ABAM",0,0,0,NA,NA,0
"6202",2011,"TO11",4,"ABGR",0,0,0,NA,NA,0
"6203",2011,"TO11",4,"ABLA",0,0,0,NA,NA,0
"6204",2011,"TO11",4,"ABPR",0,0,0,NA,NA,0
"6205",2011,"TO11",4,"ACGL",0,0,0,NA,NA,0
"6206",2011,"TO11",4,"ALRU",0,0,0,NA,NA,0
"6207",2011,"TO11",4,"CANO",0,0,0,NA,NA,0
"6208",2011,"TO11",4,"PICO",0,0,0,NA,NA,0
"6209",2011,"TO11",4,"PIEN",0,0,0,NA,NA,0
"6210",2011,"TO11",4,"PIMO",0,0,0,NA,NA,0
"6211",2011,"TO11",4,"PISI",0,0,0,NA,NA,0
"6212",2011,"TO11",4,"PSME",5,2,2,NA,NA,10
"6213",2011,"TO11",4,"TABR",0,0,0,NA,NA,0
"6214",2011,"TO11",4,"THPL",13,0,7,NA,NA,33
"6215",2011,"TO11",4,"TSHE",107,31,75,NA,NA,78
"6216",2011,"TO11",4,"TSME",0,0,0,NA,NA,0
"6217",2011,"TO11",5,"ABAM",0,0,0,NA,NA,0
"6218",2011,"TO11",5,"ABGR",0,0,0,NA,NA,0
"6219",2011,"TO11",5,"ABLA",0,0,0,NA,NA,0
"6220",2011,"TO11",5,"ABPR",0,0,0,NA,NA,0
"6221",2011,"TO11",5,"ACGL",0,0,0,NA,NA,0
"6222",2011,"TO11",5,"ALRU",0,0,0,NA,NA,0
"6223",2011,"TO11",5,"CANO",0,0,0,NA,NA,0
"6224",2011,"TO11",5,"PICO",0,0,0,NA,NA,0
"6225",2011,"TO11",5,"PIEN",0,0,0,NA,NA,0
"6226",2011,"TO11",5,"PIMO",0,0,0,NA,NA,0
"6227",2011,"TO11",5,"PISI",0,0,0,NA,NA,0
"6228",2011,"TO11",5,"PSME",3,5,0,NA,NA,0
"6229",2011,"TO11",5,"TABR",0,0,0,NA,NA,0
"6230",2011,"TO11",5,"THPL",8,1,5,NA,NA,10
"6231",2011,"TO11",5,"TSHE",108,77,72,NA,NA,237
"6232",2011,"TO11",5,"TSME",0,0,0,NA,NA,0
"6233",2011,"TO11",6,"ABAM",0,0,0,NA,NA,0
"6234",2011,"TO11",6,"ABGR",0,0,0,NA,NA,0
"6235",2011,"TO11",6,"ABLA",0,0,0,NA,NA,0
"6236",2011,"TO11",6,"ABPR",0,0,0,NA,NA,0
"6237",2011,"TO11",6,"ACGL",0,0,0,NA,NA,0
"6238",2011,"TO11",6,"ALRU",0,0,0,NA,NA,0
"6239",2011,"TO11",6,"CANO",0,0,0,NA,NA,0
"6240",2011,"TO11",6,"PICO",0,0,0,NA,NA,0
"6241",2011,"TO11",6,"PIEN",0,0,0,NA,NA,0
"6242",2011,"TO11",6,"PIMO",0,0,0,NA,NA,0
"6243",2011,"TO11",6,"PISI",0,0,0,NA,NA,0
"6244",2011,"TO11",6,"PSME",5,24,0,NA,NA,0
"6245",2011,"TO11",6,"TABR",0,0,0,NA,NA,0
"6246",2011,"TO11",6,"THPL",4,10,5,NA,NA,0
"6247",2011,"TO11",6,"TSHE",63,22,11,NA,NA,9
"6248",2011,"TO11",6,"TSME",0,0,0,NA,NA,0
"6249",2012,"AB08",1,"ABAM",1,0,0,NA,NA,0
"6250",2012,"AB08",1,"ABGR",0,0,0,NA,NA,0
"6251",2012,"AB08",1,"ABLA",0,0,0,NA,NA,0
"6252",2012,"AB08",1,"ABPR",0,0,0,NA,NA,0
"6253",2012,"AB08",1,"ACGL",0,0,0,NA,NA,0
"6254",2012,"AB08",1,"ALRU",0,0,0,NA,NA,0
"6255",2012,"AB08",1,"CANO",0,0,0,NA,NA,0
"6256",2012,"AB08",1,"PICO",0,0,0,NA,NA,0
"6257",2012,"AB08",1,"PIEN",0,0,0,NA,NA,0
"6258",2012,"AB08",1,"PIMO",0,0,0,NA,NA,0
"6259",2012,"AB08",1,"PISI",0,0,0,NA,NA,0
"6260",2012,"AB08",1,"PSME",1,0,0,NA,NA,0
"6261",2012,"AB08",1,"TABR",0,0,0,NA,NA,0
"6262",2012,"AB08",1,"THPL",69,4,0,NA,NA,0
"6263",2012,"AB08",1,"TSHE",298,11,9,NA,NA,2
"6264",2012,"AB08",1,"TSME",0,0,0,NA,NA,0
"6265",2012,"AB08",2,"ABAM",0,0,0,NA,NA,0
"6266",2012,"AB08",2,"ABGR",0,0,0,NA,NA,0
"6267",2012,"AB08",2,"ABLA",0,0,0,NA,NA,0
"6268",2012,"AB08",2,"ABPR",0,0,0,NA,NA,0
"6269",2012,"AB08",2,"ACGL",0,0,0,NA,NA,0
"6270",2012,"AB08",2,"ALRU",0,0,0,NA,NA,0
"6271",2012,"AB08",2,"CANO",0,0,0,NA,NA,0
"6272",2012,"AB08",2,"PICO",0,0,0,NA,NA,0
"6273",2012,"AB08",2,"PIEN",0,0,0,NA,NA,0
"6274",2012,"AB08",2,"PIMO",0,0,0,NA,NA,0
"6275",2012,"AB08",2,"PISI",0,0,0,NA,NA,0
"6276",2012,"AB08",2,"PSME",1,0,0,NA,NA,0
"6277",2012,"AB08",2,"TABR",0,0,0,NA,NA,0
"6278",2012,"AB08",2,"THPL",74,4,0,NA,NA,0
"6279",2012,"AB08",2,"TSHE",275,7,15,NA,NA,2
"6280",2012,"AB08",2,"TSME",0,0,0,NA,NA,0
"6281",2012,"AB08",3,"ABAM",2,0,0,NA,NA,0
"6282",2012,"AB08",3,"ABGR",0,0,0,NA,NA,0
"6283",2012,"AB08",3,"ABLA",0,0,0,NA,NA,0
"6284",2012,"AB08",3,"ABPR",0,0,0,NA,NA,0
"6285",2012,"AB08",3,"ACGL",0,0,0,NA,NA,0
"6286",2012,"AB08",3,"ALRU",0,0,0,NA,NA,0
"6287",2012,"AB08",3,"CANO",0,0,0,NA,NA,0
"6288",2012,"AB08",3,"PICO",0,0,0,NA,NA,0
"6289",2012,"AB08",3,"PIEN",0,0,0,NA,NA,0
"6290",2012,"AB08",3,"PIMO",0,0,0,NA,NA,0
"6291",2012,"AB08",3,"PISI",0,0,0,NA,NA,0
"6292",2012,"AB08",3,"PSME",1,0,0,NA,NA,0
"6293",2012,"AB08",3,"TABR",0,0,0,NA,NA,0
"6294",2012,"AB08",3,"THPL",68,8,0,NA,NA,0
"6295",2012,"AB08",3,"TSHE",257,3,11,NA,NA,7
"6296",2012,"AB08",3,"TSME",0,0,0,NA,NA,0
"6297",2012,"AB08",4,"ABAM",2,0,0,NA,NA,0
"6298",2012,"AB08",4,"ABGR",0,0,0,NA,NA,0
"6299",2012,"AB08",4,"ABLA",0,0,0,NA,NA,0
"6300",2012,"AB08",4,"ABPR",0,0,0,NA,NA,0
"6301",2012,"AB08",4,"ACGL",0,0,0,NA,NA,0
"6302",2012,"AB08",4,"ALRU",0,0,0,NA,NA,0
"6303",2012,"AB08",4,"CANO",0,0,0,NA,NA,0
"6304",2012,"AB08",4,"PICO",0,0,0,NA,NA,0
"6305",2012,"AB08",4,"PIEN",0,0,0,NA,NA,0
"6306",2012,"AB08",4,"PIMO",0,0,0,NA,NA,0
"6307",2012,"AB08",4,"PISI",0,0,0,NA,NA,0
"6308",2012,"AB08",4,"PSME",2,1,0,NA,NA,0
"6309",2012,"AB08",4,"TABR",0,0,0,NA,NA,0
"6310",2012,"AB08",4,"THPL",96,15,0,NA,NA,0
"6311",2012,"AB08",4,"TSHE",218,17,7,NA,NA,16
"6312",2012,"AB08",4,"TSME",0,0,0,NA,NA,0
"6313",2012,"AB08",5,"ABAM",2,0,0,NA,NA,0
"6314",2012,"AB08",5,"ABGR",0,0,0,NA,NA,0
"6315",2012,"AB08",5,"ABLA",0,0,0,NA,NA,0
"6316",2012,"AB08",5,"ABPR",0,0,0,NA,NA,0
"6317",2012,"AB08",5,"ACGL",0,0,0,NA,NA,0
"6318",2012,"AB08",5,"ALRU",0,0,0,NA,NA,0
"6319",2012,"AB08",5,"CANO",0,0,0,NA,NA,0
"6320",2012,"AB08",5,"PICO",0,0,0,NA,NA,0
"6321",2012,"AB08",5,"PIEN",0,0,0,NA,NA,0
"6322",2012,"AB08",5,"PIMO",0,0,0,NA,NA,0
"6323",2012,"AB08",5,"PISI",0,0,0,NA,NA,0
"6324",2012,"AB08",5,"PSME",0,0,0,NA,NA,0
"6325",2012,"AB08",5,"TABR",0,0,0,NA,NA,0
"6326",2012,"AB08",5,"THPL",158,14,0,NA,NA,0
"6327",2012,"AB08",5,"TSHE",283,15,12,NA,NA,0
"6328",2012,"AB08",5,"TSME",0,0,0,NA,NA,0
"6329",2012,"AB08",6,"ABAM",2,0,0,NA,NA,0
"6330",2012,"AB08",6,"ABGR",0,0,0,NA,NA,0
"6331",2012,"AB08",6,"ABLA",0,0,0,NA,NA,0
"6332",2012,"AB08",6,"ABPR",0,0,0,NA,NA,0
"6333",2012,"AB08",6,"ACGL",0,0,0,NA,NA,0
"6334",2012,"AB08",6,"ALRU",0,0,0,NA,NA,0
"6335",2012,"AB08",6,"CANO",0,0,0,NA,NA,0
"6336",2012,"AB08",6,"PICO",0,0,0,NA,NA,0
"6337",2012,"AB08",6,"PIEN",0,0,0,NA,NA,0
"6338",2012,"AB08",6,"PIMO",0,0,0,NA,NA,0
"6339",2012,"AB08",6,"PISI",0,0,0,NA,NA,0
"6340",2012,"AB08",6,"PSME",0,0,0,NA,NA,0
"6341",2012,"AB08",6,"TABR",0,0,0,NA,NA,0
"6342",2012,"AB08",6,"THPL",235,9,1,NA,NA,0
"6343",2012,"AB08",6,"TSHE",335,7,17,NA,NA,13
"6344",2012,"AB08",6,"TSME",0,0,0,NA,NA,0
"6345",2012,"AE10",1,"ABAM",10,0,0,NA,NA,0
"6346",2012,"AE10",1,"ABGR",0,0,0,NA,NA,0
"6347",2012,"AE10",1,"ABLA",13,0,0,NA,NA,0
"6348",2012,"AE10",1,"ABPR",18,0,0,NA,NA,0
"6349",2012,"AE10",1,"ACGL",0,0,0,NA,NA,0
"6350",2012,"AE10",1,"ALRU",0,0,0,NA,NA,0
"6351",2012,"AE10",1,"CANO",0,0,0,NA,NA,0
"6352",2012,"AE10",1,"PICO",0,0,0,NA,NA,0
"6353",2012,"AE10",1,"PIEN",0,0,0,NA,NA,0
"6354",2012,"AE10",1,"PIMO",0,0,0,NA,NA,0
"6355",2012,"AE10",1,"PISI",0,0,0,NA,NA,0
"6356",2012,"AE10",1,"PSME",0,0,0,NA,NA,0
"6357",2012,"AE10",1,"TABR",0,0,0,NA,NA,0
"6358",2012,"AE10",1,"THPL",0,0,0,NA,NA,0
"6359",2012,"AE10",1,"TSHE",4,0,0,NA,NA,0
"6360",2012,"AE10",1,"TSME",2,0,0,NA,NA,0
"6361",2012,"AE10",2,"ABAM",17,0,0,NA,NA,0
"6362",2012,"AE10",2,"ABGR",0,0,0,NA,NA,0
"6363",2012,"AE10",2,"ABLA",2,0,0,NA,NA,0
"6364",2012,"AE10",2,"ABPR",13,1,0,NA,NA,0
"6365",2012,"AE10",2,"ACGL",0,0,0,NA,NA,0
"6366",2012,"AE10",2,"ALRU",0,0,0,NA,NA,0
"6367",2012,"AE10",2,"CANO",7,0,0,NA,NA,0
"6368",2012,"AE10",2,"PICO",0,0,0,NA,NA,0
"6369",2012,"AE10",2,"PIEN",0,0,0,NA,NA,0
"6370",2012,"AE10",2,"PIMO",0,0,0,NA,NA,0
"6371",2012,"AE10",2,"PISI",0,0,0,NA,NA,0
"6372",2012,"AE10",2,"PSME",0,0,0,NA,NA,0
"6373",2012,"AE10",2,"TABR",0,0,0,NA,NA,0
"6374",2012,"AE10",2,"THPL",0,0,0,NA,NA,0
"6375",2012,"AE10",2,"TSHE",0,0,0,NA,NA,0
"6376",2012,"AE10",2,"TSME",8,0,0,NA,NA,0
"6377",2012,"AE10",3,"ABAM",8,1,0,NA,NA,0
"6378",2012,"AE10",3,"ABGR",0,0,0,NA,NA,0
"6379",2012,"AE10",3,"ABLA",6,2,0,NA,NA,0
"6380",2012,"AE10",3,"ABPR",9,1,0,NA,NA,0
"6381",2012,"AE10",3,"ACGL",0,0,0,NA,NA,0
"6382",2012,"AE10",3,"ALRU",0,0,0,NA,NA,0
"6383",2012,"AE10",3,"CANO",4,4,0,NA,NA,0
"6384",2012,"AE10",3,"PICO",0,0,0,NA,NA,0
"6385",2012,"AE10",3,"PIEN",0,0,0,NA,NA,0
"6386",2012,"AE10",3,"PIMO",0,0,0,NA,NA,0
"6387",2012,"AE10",3,"PISI",0,0,0,NA,NA,0
"6388",2012,"AE10",3,"PSME",0,0,0,NA,NA,0
"6389",2012,"AE10",3,"TABR",0,0,0,NA,NA,0
"6390",2012,"AE10",3,"THPL",0,0,0,NA,NA,0
"6391",2012,"AE10",3,"TSHE",0,0,0,NA,NA,0
"6392",2012,"AE10",3,"TSME",8,6,0,NA,NA,0
"6393",2012,"AE10",4,"ABAM",5,0,0,NA,NA,0
"6394",2012,"AE10",4,"ABGR",0,0,0,NA,NA,0
"6395",2012,"AE10",4,"ABLA",5,0,0,NA,NA,0
"6396",2012,"AE10",4,"ABPR",9,0,0,NA,NA,0
"6397",2012,"AE10",4,"ACGL",0,0,0,NA,NA,0
"6398",2012,"AE10",4,"ALRU",0,0,0,NA,NA,0
"6399",2012,"AE10",4,"CANO",8,0,0,NA,NA,0
"6400",2012,"AE10",4,"PICO",0,0,0,NA,NA,0
"6401",2012,"AE10",4,"PIEN",0,0,0,NA,NA,0
"6402",2012,"AE10",4,"PIMO",0,0,0,NA,NA,0
"6403",2012,"AE10",4,"PISI",0,0,0,NA,NA,0
"6404",2012,"AE10",4,"PSME",0,0,0,NA,NA,0
"6405",2012,"AE10",4,"TABR",0,0,0,NA,NA,0
"6406",2012,"AE10",4,"THPL",0,0,0,NA,NA,0
"6407",2012,"AE10",4,"TSHE",0,0,0,NA,NA,0
"6408",2012,"AE10",4,"TSME",4,7,0,NA,NA,0
"6409",2012,"AE10",5,"ABAM",20,0,0,NA,NA,0
"6410",2012,"AE10",5,"ABGR",0,0,0,NA,NA,0
"6411",2012,"AE10",5,"ABLA",8,3,0,NA,NA,0
"6412",2012,"AE10",5,"ABPR",14,3,0,NA,NA,0
"6413",2012,"AE10",5,"ACGL",0,0,0,NA,NA,0
"6414",2012,"AE10",5,"ALRU",0,0,0,NA,NA,0
"6415",2012,"AE10",5,"CANO",13,0,0,NA,NA,0
"6416",2012,"AE10",5,"PICO",0,0,0,NA,NA,0
"6417",2012,"AE10",5,"PIEN",0,0,0,NA,NA,0
"6418",2012,"AE10",5,"PIMO",0,0,0,NA,NA,0
"6419",2012,"AE10",5,"PISI",0,0,0,NA,NA,0
"6420",2012,"AE10",5,"PSME",0,0,0,NA,NA,0
"6421",2012,"AE10",5,"TABR",0,0,0,NA,NA,0
"6422",2012,"AE10",5,"THPL",0,0,0,NA,NA,0
"6423",2012,"AE10",5,"TSHE",0,0,0,NA,NA,0
"6424",2012,"AE10",5,"TSME",21,0,0,NA,NA,0
"6425",2012,"AE10",6,"ABAM",9,0,0,NA,NA,0
"6426",2012,"AE10",6,"ABGR",0,0,0,NA,NA,0
"6427",2012,"AE10",6,"ABLA",10,1,0,NA,NA,0
"6428",2012,"AE10",6,"ABPR",6,1,0,NA,NA,0
"6429",2012,"AE10",6,"ACGL",0,0,0,NA,NA,0
"6430",2012,"AE10",6,"ALRU",0,0,0,NA,NA,0
"6431",2012,"AE10",6,"CANO",15,1,0,NA,NA,0
"6432",2012,"AE10",6,"PICO",0,0,0,NA,NA,0
"6433",2012,"AE10",6,"PIEN",0,0,0,NA,NA,0
"6434",2012,"AE10",6,"PIMO",0,0,0,NA,NA,0
"6435",2012,"AE10",6,"PISI",0,0,0,NA,NA,0
"6436",2012,"AE10",6,"PSME",0,0,0,NA,NA,0
"6437",2012,"AE10",6,"TABR",0,0,0,NA,NA,0
"6438",2012,"AE10",6,"THPL",0,0,0,NA,NA,0
"6439",2012,"AE10",6,"TSHE",0,0,0,NA,NA,0
"6440",2012,"AE10",6,"TSME",8,4,0,NA,NA,0
"6441",2012,"AG05",1,"ABAM",6,3,0,NA,NA,0
"6442",2012,"AG05",1,"ABGR",0,0,0,NA,NA,0
"6443",2012,"AG05",1,"ABLA",0,0,0,NA,NA,0
"6444",2012,"AG05",1,"ABPR",0,0,0,NA,NA,0
"6445",2012,"AG05",1,"ACGL",0,0,0,NA,NA,0
"6446",2012,"AG05",1,"ALRU",0,0,0,NA,NA,0
"6447",2012,"AG05",1,"CANO",0,0,0,NA,NA,0
"6448",2012,"AG05",1,"PICO",0,0,0,NA,NA,0
"6449",2012,"AG05",1,"PIEN",0,0,0,NA,NA,0
"6450",2012,"AG05",1,"PIMO",0,0,0,NA,NA,0
"6451",2012,"AG05",1,"PISI",0,0,0,NA,NA,0
"6452",2012,"AG05",1,"PSME",2,4,0,NA,NA,0
"6453",2012,"AG05",1,"TABR",0,0,0,NA,NA,0
"6454",2012,"AG05",1,"THPL",381,72,3,NA,NA,1
"6455",2012,"AG05",1,"TSHE",45,8,0,NA,NA,0
"6456",2012,"AG05",1,"TSME",0,0,0,NA,NA,0
"6457",2012,"AG05",2,"ABAM",9,2,0,NA,NA,0
"6458",2012,"AG05",2,"ABGR",0,0,0,NA,NA,0
"6459",2012,"AG05",2,"ABLA",0,0,0,NA,NA,0
"6460",2012,"AG05",2,"ABPR",0,0,0,NA,NA,0
"6461",2012,"AG05",2,"ACGL",0,0,0,NA,NA,0
"6462",2012,"AG05",2,"ALRU",0,0,0,NA,NA,0
"6463",2012,"AG05",2,"CANO",0,0,0,NA,NA,0
"6464",2012,"AG05",2,"PICO",0,0,0,NA,NA,0
"6465",2012,"AG05",2,"PIEN",0,0,0,NA,NA,0
"6466",2012,"AG05",2,"PIMO",0,0,0,NA,NA,0
"6467",2012,"AG05",2,"PISI",0,0,0,NA,NA,0
"6468",2012,"AG05",2,"PSME",1,0,0,NA,NA,0
"6469",2012,"AG05",2,"TABR",0,0,0,NA,NA,0
"6470",2012,"AG05",2,"THPL",267,44,4,NA,NA,5
"6471",2012,"AG05",2,"TSHE",40,0,0,NA,NA,0
"6472",2012,"AG05",2,"TSME",0,0,0,NA,NA,0
"6473",2012,"AG05",3,"ABAM",9,0,0,NA,NA,0
"6474",2012,"AG05",3,"ABGR",0,0,0,NA,NA,0
"6475",2012,"AG05",3,"ABLA",0,0,0,NA,NA,0
"6476",2012,"AG05",3,"ABPR",0,0,0,NA,NA,0
"6477",2012,"AG05",3,"ACGL",0,0,0,NA,NA,0
"6478",2012,"AG05",3,"ALRU",0,0,0,NA,NA,0
"6479",2012,"AG05",3,"CANO",0,0,0,NA,NA,0
"6480",2012,"AG05",3,"PICO",0,0,0,NA,NA,0
"6481",2012,"AG05",3,"PIEN",2,0,0,NA,NA,0
"6482",2012,"AG05",3,"PIMO",0,0,0,NA,NA,0
"6483",2012,"AG05",3,"PISI",0,0,0,NA,NA,0
"6484",2012,"AG05",3,"PSME",0,0,0,NA,NA,0
"6485",2012,"AG05",3,"TABR",0,0,0,NA,NA,0
"6486",2012,"AG05",3,"THPL",237,16,0,NA,NA,0
"6487",2012,"AG05",3,"TSHE",39,14,1,NA,NA,0
"6488",2012,"AG05",3,"TSME",0,0,0,NA,NA,0
"6489",2012,"AG05",4,"ABAM",9,0,0,NA,NA,0
"6490",2012,"AG05",4,"ABGR",0,0,0,NA,NA,0
"6491",2012,"AG05",4,"ABLA",0,0,0,NA,NA,0
"6492",2012,"AG05",4,"ABPR",0,0,0,NA,NA,0
"6493",2012,"AG05",4,"ACGL",0,0,0,NA,NA,0
"6494",2012,"AG05",4,"ALRU",0,0,0,NA,NA,0
"6495",2012,"AG05",4,"CANO",0,0,0,NA,NA,0
"6496",2012,"AG05",4,"PICO",0,0,0,NA,NA,0
"6497",2012,"AG05",4,"PIEN",0,0,0,NA,NA,0
"6498",2012,"AG05",4,"PIMO",0,0,0,NA,NA,0
"6499",2012,"AG05",4,"PISI",0,0,0,NA,NA,0
"6500",2012,"AG05",4,"PSME",2,0,0,NA,NA,0
"6501",2012,"AG05",4,"TABR",0,0,0,NA,NA,0
"6502",2012,"AG05",4,"THPL",202,22,10,NA,NA,8
"6503",2012,"AG05",4,"TSHE",46,26,0,NA,NA,0
"6504",2012,"AG05",4,"TSME",0,0,0,NA,NA,0
"6505",2012,"AG05",5,"ABAM",8,0,0,NA,NA,0
"6506",2012,"AG05",5,"ABGR",0,0,0,NA,NA,0
"6507",2012,"AG05",5,"ABLA",0,0,0,NA,NA,0
"6508",2012,"AG05",5,"ABPR",0,0,0,NA,NA,0
"6509",2012,"AG05",5,"ACGL",0,0,0,NA,NA,0
"6510",2012,"AG05",5,"ALRU",0,0,0,NA,NA,0
"6511",2012,"AG05",5,"CANO",0,0,0,NA,NA,0
"6512",2012,"AG05",5,"PICO",0,0,0,NA,NA,0
"6513",2012,"AG05",5,"PIEN",0,0,0,NA,NA,0
"6514",2012,"AG05",5,"PIMO",0,0,0,NA,NA,0
"6515",2012,"AG05",5,"PISI",0,0,0,NA,NA,0
"6516",2012,"AG05",5,"PSME",0,0,0,NA,NA,0
"6517",2012,"AG05",5,"TABR",0,0,0,NA,NA,0
"6518",2012,"AG05",5,"THPL",231,27,2,NA,NA,9
"6519",2012,"AG05",5,"TSHE",51,29,0,NA,NA,0
"6520",2012,"AG05",5,"TSME",0,0,0,NA,NA,0
"6521",2012,"AG05",6,"ABAM",4,1,0,NA,NA,0
"6522",2012,"AG05",6,"ABGR",0,0,0,NA,NA,0
"6523",2012,"AG05",6,"ABLA",0,0,0,NA,NA,0
"6524",2012,"AG05",6,"ABPR",0,0,0,NA,NA,0
"6525",2012,"AG05",6,"ACGL",0,0,0,NA,NA,0
"6526",2012,"AG05",6,"ALRU",0,0,0,NA,NA,0
"6527",2012,"AG05",6,"CANO",0,0,0,NA,NA,0
"6528",2012,"AG05",6,"PICO",0,0,0,NA,NA,0
"6529",2012,"AG05",6,"PIEN",0,0,0,NA,NA,0
"6530",2012,"AG05",6,"PIMO",0,0,0,NA,NA,0
"6531",2012,"AG05",6,"PISI",0,0,0,NA,NA,0
"6532",2012,"AG05",6,"PSME",0,0,0,NA,NA,0
"6533",2012,"AG05",6,"TABR",0,0,0,NA,NA,0
"6534",2012,"AG05",6,"THPL",224,14,5,NA,NA,32
"6535",2012,"AG05",6,"TSHE",29,51,0,NA,NA,0
"6536",2012,"AG05",6,"TSME",0,0,0,NA,NA,0
"6537",2012,"AM16",1,"ABAM",3,1,0,NA,NA,0
"6538",2012,"AM16",1,"ABGR",0,0,0,NA,NA,0
"6539",2012,"AM16",1,"ABLA",0,0,0,NA,NA,0
"6540",2012,"AM16",1,"ABPR",0,0,0,NA,NA,0
"6541",2012,"AM16",1,"ACGL",0,0,0,NA,NA,0
"6542",2012,"AM16",1,"ALRU",0,0,0,NA,NA,0
"6543",2012,"AM16",1,"CANO",7,0,1,NA,NA,0
"6544",2012,"AM16",1,"PICO",0,0,0,NA,NA,0
"6545",2012,"AM16",1,"PIEN",0,0,0,NA,NA,0
"6546",2012,"AM16",1,"PIMO",0,0,0,NA,NA,0
"6547",2012,"AM16",1,"PISI",0,0,0,NA,NA,0
"6548",2012,"AM16",1,"PSME",0,0,0,NA,NA,0
"6549",2012,"AM16",1,"TABR",0,0,0,NA,NA,0
"6550",2012,"AM16",1,"THPL",0,1,0,NA,NA,0
"6551",2012,"AM16",1,"TSHE",93,19,1,NA,NA,0
"6552",2012,"AM16",1,"TSME",17,1,0,NA,NA,0
"6553",2012,"AM16",2,"ABAM",15,4,1,NA,NA,23
"6554",2012,"AM16",2,"ABGR",0,0,0,NA,NA,0
"6555",2012,"AM16",2,"ABLA",0,0,0,NA,NA,0
"6556",2012,"AM16",2,"ABPR",0,0,0,NA,NA,0
"6557",2012,"AM16",2,"ACGL",0,0,0,NA,NA,0
"6558",2012,"AM16",2,"ALRU",0,0,0,NA,NA,0
"6559",2012,"AM16",2,"CANO",18,3,0,NA,NA,0
"6560",2012,"AM16",2,"PICO",0,0,0,NA,NA,0
"6561",2012,"AM16",2,"PIEN",0,0,0,NA,NA,0
"6562",2012,"AM16",2,"PIMO",0,0,0,NA,NA,0
"6563",2012,"AM16",2,"PISI",0,0,0,NA,NA,0
"6564",2012,"AM16",2,"PSME",0,0,0,NA,NA,0
"6565",2012,"AM16",2,"TABR",0,0,0,NA,NA,0
"6566",2012,"AM16",2,"THPL",0,0,0,NA,NA,0
"6567",2012,"AM16",2,"TSHE",198,21,2,NA,NA,0
"6568",2012,"AM16",2,"TSME",69,0,0,NA,NA,0
"6569",2012,"AM16",3,"ABAM",0,0,0,NA,NA,0
"6570",2012,"AM16",3,"ABGR",0,0,0,NA,NA,0
"6571",2012,"AM16",3,"ABLA",0,0,0,NA,NA,0
"6572",2012,"AM16",3,"ABPR",0,0,0,NA,NA,0
"6573",2012,"AM16",3,"ACGL",0,0,0,NA,NA,0
"6574",2012,"AM16",3,"ALRU",0,0,0,NA,NA,0
"6575",2012,"AM16",3,"CANO",18,2,0,NA,NA,0
"6576",2012,"AM16",3,"PICO",0,0,0,NA,NA,0
"6577",2012,"AM16",3,"PIEN",0,0,0,NA,NA,0
"6578",2012,"AM16",3,"PIMO",0,0,0,NA,NA,0
"6579",2012,"AM16",3,"PISI",0,0,0,NA,NA,0
"6580",2012,"AM16",3,"PSME",0,0,0,NA,NA,0
"6581",2012,"AM16",3,"TABR",0,0,0,NA,NA,0
"6582",2012,"AM16",3,"THPL",0,0,0,NA,NA,0
"6583",2012,"AM16",3,"TSHE",241,10,0,NA,NA,0
"6584",2012,"AM16",3,"TSME",51,0,1,NA,NA,2
"6585",2012,"AM16",4,"ABAM",3,1,0,NA,NA,0
"6586",2012,"AM16",4,"ABGR",0,0,0,NA,NA,0
"6587",2012,"AM16",4,"ABLA",0,0,0,NA,NA,0
"6588",2012,"AM16",4,"ABPR",0,0,0,NA,NA,0
"6589",2012,"AM16",4,"ACGL",0,0,0,NA,NA,0
"6590",2012,"AM16",4,"ALRU",0,0,0,NA,NA,0
"6591",2012,"AM16",4,"CANO",10,0,1,NA,NA,0
"6592",2012,"AM16",4,"PICO",0,0,0,NA,NA,0
"6593",2012,"AM16",4,"PIEN",0,0,0,NA,NA,0
"6594",2012,"AM16",4,"PIMO",0,0,0,NA,NA,0
"6595",2012,"AM16",4,"PISI",0,0,0,NA,NA,0
"6596",2012,"AM16",4,"PSME",2,0,0,NA,NA,0
"6597",2012,"AM16",4,"TABR",0,0,0,NA,NA,0
"6598",2012,"AM16",4,"THPL",0,0,0,NA,NA,0
"6599",2012,"AM16",4,"TSHE",132,8,0,NA,NA,0
"6600",2012,"AM16",4,"TSME",56,0,0,NA,NA,0
"6601",2012,"AM16",5,"ABAM",2,0,0,NA,NA,0
"6602",2012,"AM16",5,"ABGR",0,0,0,NA,NA,0
"6603",2012,"AM16",5,"ABLA",0,0,0,NA,NA,0
"6604",2012,"AM16",5,"ABPR",0,0,0,NA,NA,0
"6605",2012,"AM16",5,"ACGL",0,0,0,NA,NA,0
"6606",2012,"AM16",5,"ALRU",0,0,0,NA,NA,0
"6607",2012,"AM16",5,"CANO",22,12,3,NA,NA,6
"6608",2012,"AM16",5,"PICO",0,0,0,NA,NA,0
"6609",2012,"AM16",5,"PIEN",0,0,0,NA,NA,0
"6610",2012,"AM16",5,"PIMO",0,0,0,NA,NA,0
"6611",2012,"AM16",5,"PISI",0,0,0,NA,NA,0
"6612",2012,"AM16",5,"PSME",0,0,0,NA,NA,0
"6613",2012,"AM16",5,"TABR",0,0,0,NA,NA,0
"6614",2012,"AM16",5,"THPL",0,0,0,NA,NA,0
"6615",2012,"AM16",5,"TSHE",40,40,0,NA,NA,0
"6616",2012,"AM16",5,"TSME",57,41,0,NA,NA,0
"6617",2012,"AM16",6,"ABAM",2,0,0,NA,NA,0
"6618",2012,"AM16",6,"ABGR",0,0,0,NA,NA,0
"6619",2012,"AM16",6,"ABLA",0,0,0,NA,NA,0
"6620",2012,"AM16",6,"ABPR",0,0,0,NA,NA,0
"6621",2012,"AM16",6,"ACGL",0,0,0,NA,NA,0
"6622",2012,"AM16",6,"ALRU",0,0,0,NA,NA,0
"6623",2012,"AM16",6,"CANO",26,10,14,NA,NA,30
"6624",2012,"AM16",6,"PICO",0,0,0,NA,NA,0
"6625",2012,"AM16",6,"PIEN",0,0,0,NA,NA,0
"6626",2012,"AM16",6,"PIMO",0,0,0,NA,NA,0
"6627",2012,"AM16",6,"PISI",0,0,0,NA,NA,0
"6628",2012,"AM16",6,"PSME",0,0,0,NA,NA,0
"6629",2012,"AM16",6,"TABR",0,0,0,NA,NA,0
"6630",2012,"AM16",6,"THPL",0,0,0,NA,NA,0
"6631",2012,"AM16",6,"TSHE",145,50,0,NA,NA,0
"6632",2012,"AM16",6,"TSME",32,0,0,NA,NA,0
"6633",2012,"AO03",1,"ABAM",4,0,0,NA,NA,0
"6634",2012,"AO03",1,"ABGR",0,0,0,NA,NA,0
"6635",2012,"AO03",1,"ABLA",0,0,0,NA,NA,0
"6636",2012,"AO03",1,"ABPR",0,0,0,NA,NA,0
"6637",2012,"AO03",1,"ACGL",0,0,0,NA,NA,0
"6638",2012,"AO03",1,"ALRU",0,0,0,NA,NA,0
"6639",2012,"AO03",1,"CANO",0,0,0,NA,NA,0
"6640",2012,"AO03",1,"PICO",0,0,0,NA,NA,0
"6641",2012,"AO03",1,"PIEN",0,0,0,NA,NA,0
"6642",2012,"AO03",1,"PIMO",0,0,0,NA,NA,0
"6643",2012,"AO03",1,"PISI",0,0,0,NA,NA,0
"6644",2012,"AO03",1,"PSME",6,0,0,NA,NA,0
"6645",2012,"AO03",1,"TABR",0,0,0,NA,NA,0
"6646",2012,"AO03",1,"THPL",25,10,13,NA,NA,32
"6647",2012,"AO03",1,"TSHE",392,54,14,NA,NA,43
"6648",2012,"AO03",1,"TSME",0,0,0,NA,NA,0
"6649",2012,"AO03",2,"ABAM",6,0,0,NA,NA,0
"6650",2012,"AO03",2,"ABGR",0,0,0,NA,NA,0
"6651",2012,"AO03",2,"ABLA",0,0,0,NA,NA,0
"6652",2012,"AO03",2,"ABPR",0,0,0,NA,NA,0
"6653",2012,"AO03",2,"ACGL",0,0,0,NA,NA,0
"6654",2012,"AO03",2,"ALRU",0,0,0,NA,NA,0
"6655",2012,"AO03",2,"CANO",0,0,0,NA,NA,0
"6656",2012,"AO03",2,"PICO",0,0,0,NA,NA,0
"6657",2012,"AO03",2,"PIEN",0,0,0,NA,NA,0
"6658",2012,"AO03",2,"PIMO",0,0,0,NA,NA,0
"6659",2012,"AO03",2,"PISI",0,0,0,NA,NA,0
"6660",2012,"AO03",2,"PSME",6,0,0,NA,NA,0
"6661",2012,"AO03",2,"TABR",0,0,0,NA,NA,0
"6662",2012,"AO03",2,"THPL",55,12,10,NA,NA,11
"6663",2012,"AO03",2,"TSHE",369,119,5,NA,NA,9
"6664",2012,"AO03",2,"TSME",0,0,0,NA,NA,0
"6665",2012,"AO03",3,"ABAM",16,0,0,NA,NA,0
"6666",2012,"AO03",3,"ABGR",0,0,0,NA,NA,0
"6667",2012,"AO03",3,"ABLA",0,0,0,NA,NA,0
"6668",2012,"AO03",3,"ABPR",0,0,0,NA,NA,0
"6669",2012,"AO03",3,"ACGL",0,0,0,NA,NA,0
"6670",2012,"AO03",3,"ALRU",0,0,0,NA,NA,0
"6671",2012,"AO03",3,"CANO",0,0,0,NA,NA,0
"6672",2012,"AO03",3,"PICO",0,0,0,NA,NA,0
"6673",2012,"AO03",3,"PIEN",0,0,0,NA,NA,0
"6674",2012,"AO03",3,"PIMO",0,0,0,NA,NA,0
"6675",2012,"AO03",3,"PISI",0,0,0,NA,NA,0
"6676",2012,"AO03",3,"PSME",9,1,0,NA,NA,0
"6677",2012,"AO03",3,"TABR",0,0,0,NA,NA,0
"6678",2012,"AO03",3,"THPL",26,6,NA,NA,NA,16
"6679",2012,"AO03",3,"TSHE",363,155,16,NA,NA,36
"6680",2012,"AO03",3,"TSME",0,0,0,NA,NA,0
"6681",2012,"AO03",4,"ABAM",11,0,0,NA,NA,0
"6682",2012,"AO03",4,"ABGR",0,0,0,NA,NA,0
"6683",2012,"AO03",4,"ABLA",0,0,0,NA,NA,0
"6684",2012,"AO03",4,"ABPR",0,0,0,NA,NA,0
"6685",2012,"AO03",4,"ACGL",0,0,0,NA,NA,0
"6686",2012,"AO03",4,"ALRU",0,0,0,NA,NA,0
"6687",2012,"AO03",4,"CANO",0,0,0,NA,NA,0
"6688",2012,"AO03",4,"PICO",0,0,0,NA,NA,0
"6689",2012,"AO03",4,"PIEN",0,0,0,NA,NA,0
"6690",2012,"AO03",4,"PIMO",0,0,0,NA,NA,0
"6691",2012,"AO03",4,"PISI",0,0,0,NA,NA,0
"6692",2012,"AO03",4,"PSME",12,0,0,NA,NA,0
"6693",2012,"AO03",4,"TABR",0,0,0,NA,NA,0
"6694",2012,"AO03",4,"THPL",40,16,14,NA,NA,9
"6695",2012,"AO03",4,"TSHE",302,23,11,NA,NA,10
"6696",2012,"AO03",4,"TSME",0,0,0,NA,NA,0
"6697",2012,"AO03",5,"ABAM",2,2,0,NA,NA,0
"6698",2012,"AO03",5,"ABGR",0,0,0,NA,NA,0
"6699",2012,"AO03",5,"ABLA",0,0,0,NA,NA,0
"6700",2012,"AO03",5,"ABPR",0,0,0,NA,NA,0
"6701",2012,"AO03",5,"ACGL",0,0,0,NA,NA,0
"6702",2012,"AO03",5,"ALRU",0,0,0,NA,NA,0
"6703",2012,"AO03",5,"CANO",0,0,0,NA,NA,0
"6704",2012,"AO03",5,"PICO",0,0,0,NA,NA,0
"6705",2012,"AO03",5,"PIEN",0,0,0,NA,NA,0
"6706",2012,"AO03",5,"PIMO",0,0,0,NA,NA,0
"6707",2012,"AO03",5,"PISI",0,0,0,NA,NA,0
"6708",2012,"AO03",5,"PSME",11,0,0,NA,NA,0
"6709",2012,"AO03",5,"TABR",0,0,0,NA,NA,0
"6710",2012,"AO03",5,"THPL",10,11,0,NA,NA,0
"6711",2012,"AO03",5,"TSHE",188,45,2,NA,NA,0
"6712",2012,"AO03",5,"TSME",0,0,0,NA,NA,0
"6713",2012,"AO03",6,"ABAM",5,0,0,NA,NA,0
"6714",2012,"AO03",6,"ABGR",0,0,0,NA,NA,0
"6715",2012,"AO03",6,"ABLA",0,0,0,NA,NA,0
"6716",2012,"AO03",6,"ABPR",0,0,0,NA,NA,0
"6717",2012,"AO03",6,"ACGL",0,0,0,NA,NA,0
"6718",2012,"AO03",6,"ALRU",0,0,0,NA,NA,0
"6719",2012,"AO03",6,"CANO",0,0,0,NA,NA,0
"6720",2012,"AO03",6,"PICO",0,0,0,NA,NA,0
"6721",2012,"AO03",6,"PIEN",0,0,0,NA,NA,0
"6722",2012,"AO03",6,"PIMO",0,0,0,NA,NA,0
"6723",2012,"AO03",6,"PISI",0,0,0,NA,NA,0
"6724",2012,"AO03",6,"PSME",8,1,1,NA,NA,0
"6725",2012,"AO03",6,"TABR",0,0,0,NA,NA,0
"6726",2012,"AO03",6,"THPL",21,4,2,NA,NA,0
"6727",2012,"AO03",6,"TSHE",209,71,1,NA,NA,0
"6728",2012,"AO03",6,"TSME",0,0,0,NA,NA,0
"6729",2012,"AR07",1,"ABAM",11,1,0,NA,NA,0
"6730",2012,"AR07",1,"ABGR",0,0,0,NA,NA,0
"6731",2012,"AR07",1,"ABLA",0,0,0,NA,NA,0
"6732",2012,"AR07",1,"ABPR",0,0,0,NA,NA,0
"6733",2012,"AR07",1,"ACGL",0,0,0,NA,NA,0
"6734",2012,"AR07",1,"ALRU",0,0,0,NA,NA,0
"6735",2012,"AR07",1,"CANO",2,2,1,NA,NA,0
"6736",2012,"AR07",1,"PICO",0,0,0,NA,NA,0
"6737",2012,"AR07",1,"PIEN",0,0,0,NA,NA,0
"6738",2012,"AR07",1,"PIMO",0,0,0,NA,NA,0
"6739",2012,"AR07",1,"PISI",0,0,0,NA,NA,0
"6740",2012,"AR07",1,"PSME",0,0,0,NA,NA,0
"6741",2012,"AR07",1,"TABR",0,0,0,NA,NA,0
"6742",2012,"AR07",1,"THPL",0,0,0,NA,NA,0
"6743",2012,"AR07",1,"TSHE",0,0,0,NA,NA,0
"6744",2012,"AR07",1,"TSME",107,25,2,NA,NA,13
"6745",2012,"AR07",2,"ABAM",3,0,0,NA,NA,0
"6746",2012,"AR07",2,"ABGR",0,0,0,NA,NA,0
"6747",2012,"AR07",2,"ABLA",0,0,0,NA,NA,0
"6748",2012,"AR07",2,"ABPR",0,0,0,NA,NA,0
"6749",2012,"AR07",2,"ACGL",0,0,0,NA,NA,0
"6750",2012,"AR07",2,"ALRU",0,0,0,NA,NA,0
"6751",2012,"AR07",2,"CANO",4,4,3,NA,NA,0
"6752",2012,"AR07",2,"PICO",0,0,0,NA,NA,0
"6753",2012,"AR07",2,"PIEN",0,0,0,NA,NA,0
"6754",2012,"AR07",2,"PIMO",0,0,0,NA,NA,0
"6755",2012,"AR07",2,"PISI",0,0,0,NA,NA,0
"6756",2012,"AR07",2,"PSME",0,0,0,NA,NA,0
"6757",2012,"AR07",2,"TABR",0,0,0,NA,NA,0
"6758",2012,"AR07",2,"THPL",0,0,0,NA,NA,0
"6759",2012,"AR07",2,"TSHE",0,0,0,NA,NA,0
"6760",2012,"AR07",2,"TSME",71,36,0,NA,NA,0
"6761",2012,"AR07",3,"ABAM",7,1,0,NA,NA,0
"6762",2012,"AR07",3,"ABGR",0,0,0,NA,NA,0
"6763",2012,"AR07",3,"ABLA",0,0,0,NA,NA,0
"6764",2012,"AR07",3,"ABPR",0,0,0,NA,NA,0
"6765",2012,"AR07",3,"ACGL",0,0,0,NA,NA,0
"6766",2012,"AR07",3,"ALRU",0,0,0,NA,NA,0
"6767",2012,"AR07",3,"CANO",9,0,3,NA,NA,10
"6768",2012,"AR07",3,"PICO",0,0,0,NA,NA,0
"6769",2012,"AR07",3,"PIEN",0,0,0,NA,NA,0
"6770",2012,"AR07",3,"PIMO",0,0,0,NA,NA,0
"6771",2012,"AR07",3,"PISI",0,0,0,NA,NA,0
"6772",2012,"AR07",3,"PSME",0,0,0,NA,NA,0
"6773",2012,"AR07",3,"TABR",0,0,0,NA,NA,0
"6774",2012,"AR07",3,"THPL",0,0,0,NA,NA,0
"6775",2012,"AR07",3,"TSHE",0,0,0,NA,NA,0
"6776",2012,"AR07",3,"TSME",59,8,0,NA,NA,0
"6777",2012,"AR07",4,"ABAM",3,0,0,NA,NA,0
"6778",2012,"AR07",4,"ABGR",0,0,0,NA,NA,0
"6779",2012,"AR07",4,"ABLA",0,0,0,NA,NA,0
"6780",2012,"AR07",4,"ABPR",0,0,0,NA,NA,0
"6781",2012,"AR07",4,"ACGL",0,0,0,NA,NA,0
"6782",2012,"AR07",4,"ALRU",0,0,0,NA,NA,0
"6783",2012,"AR07",4,"CANO",4,0,1,NA,NA,0
"6784",2012,"AR07",4,"PICO",0,0,0,NA,NA,0
"6785",2012,"AR07",4,"PIEN",0,0,0,NA,NA,0
"6786",2012,"AR07",4,"PIMO",0,0,0,NA,NA,0
"6787",2012,"AR07",4,"PISI",0,0,0,NA,NA,0
"6788",2012,"AR07",4,"PSME",0,0,0,NA,NA,0
"6789",2012,"AR07",4,"TABR",0,0,0,NA,NA,0
"6790",2012,"AR07",4,"THPL",0,0,0,NA,NA,0
"6791",2012,"AR07",4,"TSHE",0,0,0,NA,NA,0
"6792",2012,"AR07",4,"TSME",46,3,1,NA,NA,0
"6793",2012,"AR07",5,"ABAM",1,0,0,NA,NA,0
"6794",2012,"AR07",5,"ABGR",0,0,0,NA,NA,0
"6795",2012,"AR07",5,"ABLA",0,0,0,NA,NA,0
"6796",2012,"AR07",5,"ABPR",0,0,0,NA,NA,0
"6797",2012,"AR07",5,"ACGL",0,0,0,NA,NA,0
"6798",2012,"AR07",5,"ALRU",0,0,0,NA,NA,0
"6799",2012,"AR07",5,"CANO",6,9,0,NA,NA,0
"6800",2012,"AR07",5,"PICO",0,0,0,NA,NA,0
"6801",2012,"AR07",5,"PIEN",0,0,0,NA,NA,0
"6802",2012,"AR07",5,"PIMO",0,0,0,NA,NA,0
"6803",2012,"AR07",5,"PISI",0,0,0,NA,NA,0
"6804",2012,"AR07",5,"PSME",0,0,0,NA,NA,0
"6805",2012,"AR07",5,"TABR",0,0,0,NA,NA,0
"6806",2012,"AR07",5,"THPL",0,0,0,NA,NA,0
"6807",2012,"AR07",5,"TSHE",0,0,0,NA,NA,0
"6808",2012,"AR07",5,"TSME",58,36,0,NA,NA,0
"6809",2012,"AR07",6,"ABAM",8,0,0,NA,NA,0
"6810",2012,"AR07",6,"ABGR",0,0,0,NA,NA,0
"6811",2012,"AR07",6,"ABLA",0,0,0,NA,NA,0
"6812",2012,"AR07",6,"ABPR",0,0,0,NA,NA,0
"6813",2012,"AR07",6,"ACGL",0,0,0,NA,NA,0
"6814",2012,"AR07",6,"ALRU",0,0,0,NA,NA,0
"6815",2012,"AR07",6,"CANO",10,17,2,NA,NA,0
"6816",2012,"AR07",6,"PICO",0,0,0,NA,NA,0
"6817",2012,"AR07",6,"PIEN",0,0,0,NA,NA,0
"6818",2012,"AR07",6,"PIMO",0,0,0,NA,NA,0
"6819",2012,"AR07",6,"PISI",0,0,0,NA,NA,0
"6820",2012,"AR07",6,"PSME",0,0,0,NA,NA,0
"6821",2012,"AR07",6,"TABR",0,0,0,NA,NA,0
"6822",2012,"AR07",6,"THPL",0,0,0,NA,NA,0
"6823",2012,"AR07",6,"TSHE",0,0,0,NA,NA,0
"6824",2012,"AR07",6,"TSME",109,32,0,NA,NA,0
"6825",2012,"AV02",1,"ABAM",0,0,0,NA,NA,0
"6826",2012,"AV02",1,"ABGR",0,0,0,NA,NA,0
"6827",2012,"AV02",1,"ABLA",0,0,0,NA,NA,0
"6828",2012,"AV02",1,"ABPR",0,0,0,NA,NA,0
"6829",2012,"AV02",1,"ACGL",0,0,0,NA,NA,0
"6830",2012,"AV02",1,"ALRU",0,0,0,NA,NA,0
"6831",2012,"AV02",1,"CANO",0,0,0,NA,NA,0
"6832",2012,"AV02",1,"PICO",0,0,0,NA,NA,0
"6833",2012,"AV02",1,"PIEN",0,0,0,NA,NA,0
"6834",2012,"AV02",1,"PIMO",0,0,0,NA,NA,0
"6835",2012,"AV02",1,"PISI",0,0,0,NA,NA,0
"6836",2012,"AV02",1,"PSME",2,0,0,NA,NA,0
"6837",2012,"AV02",1,"TABR",0,0,0,NA,NA,0
"6838",2012,"AV02",1,"THPL",3,0,0,NA,NA,0
"6839",2012,"AV02",1,"TSHE",388,44,17,NA,NA,21
"6840",2012,"AV02",1,"TSME",0,0,0,NA,NA,0
"6841",2012,"AV02",2,"ABAM",7,0,0,NA,NA,0
"6842",2012,"AV02",2,"ABGR",0,0,0,NA,NA,0
"6843",2012,"AV02",2,"ABLA",0,0,0,NA,NA,0
"6844",2012,"AV02",2,"ABPR",0,0,0,NA,NA,0
"6845",2012,"AV02",2,"ACGL",0,0,0,NA,NA,0
"6846",2012,"AV02",2,"ALRU",0,0,0,NA,NA,0
"6847",2012,"AV02",2,"CANO",0,0,0,NA,NA,0
"6848",2012,"AV02",2,"PICO",0,0,0,NA,NA,0
"6849",2012,"AV02",2,"PIEN",0,0,0,NA,NA,0
"6850",2012,"AV02",2,"PIMO",0,0,0,NA,NA,0
"6851",2012,"AV02",2,"PISI",0,0,0,NA,NA,0
"6852",2012,"AV02",2,"PSME",0,0,0,NA,NA,0
"6853",2012,"AV02",2,"TABR",0,0,0,NA,NA,0
"6854",2012,"AV02",2,"THPL",3,0,0,NA,NA,0
"6855",2012,"AV02",2,"TSHE",333,22,12,NA,NA,23
"6856",2012,"AV02",2,"TSME",0,0,0,NA,NA,0
"6857",2012,"AV02",3,"ABAM",3,0,0,NA,NA,0
"6858",2012,"AV02",3,"ABGR",0,0,0,NA,NA,0
"6859",2012,"AV02",3,"ABLA",0,0,0,NA,NA,0
"6860",2012,"AV02",3,"ABPR",0,0,0,NA,NA,0
"6861",2012,"AV02",3,"ACGL",0,0,0,NA,NA,0
"6862",2012,"AV02",3,"ALRU",0,0,0,NA,NA,0
"6863",2012,"AV02",3,"CANO",0,0,0,NA,NA,0
"6864",2012,"AV02",3,"PICO",0,0,0,NA,NA,0
"6865",2012,"AV02",3,"PIEN",0,0,0,NA,NA,0
"6866",2012,"AV02",3,"PIMO",0,0,0,NA,NA,0
"6867",2012,"AV02",3,"PISI",0,0,0,NA,NA,0
"6868",2012,"AV02",3,"PSME",0,0,0,NA,NA,0
"6869",2012,"AV02",3,"TABR",0,0,0,NA,NA,0
"6870",2012,"AV02",3,"THPL",7,0,0,NA,NA,0
"6871",2012,"AV02",3,"TSHE",222,80,10,NA,NA,3
"6872",2012,"AV02",3,"TSME",0,0,0,NA,NA,0
"6873",2012,"AV02",4,"ABAM",1,0,0,NA,NA,0
"6874",2012,"AV02",4,"ABGR",0,0,0,NA,NA,0
"6875",2012,"AV02",4,"ABLA",0,0,0,NA,NA,0
"6876",2012,"AV02",4,"ABPR",0,0,0,NA,NA,0
"6877",2012,"AV02",4,"ACGL",0,0,0,NA,NA,0
"6878",2012,"AV02",4,"ALRU",0,0,0,NA,NA,0
"6879",2012,"AV02",4,"CANO",0,0,0,NA,NA,0
"6880",2012,"AV02",4,"PICO",0,0,0,NA,NA,0
"6881",2012,"AV02",4,"PIEN",0,0,0,NA,NA,0
"6882",2012,"AV02",4,"PIMO",0,0,0,NA,NA,0
"6883",2012,"AV02",4,"PISI",0,0,0,NA,NA,0
"6884",2012,"AV02",4,"PSME",1,0,0,NA,NA,0
"6885",2012,"AV02",4,"TABR",0,0,0,NA,NA,0
"6886",2012,"AV02",4,"THPL",3,0,0,NA,NA,0
"6887",2012,"AV02",4,"TSHE",344,25,7,NA,NA,1
"6888",2012,"AV02",4,"TSME",0,0,0,NA,NA,0
"6889",2012,"AV02",5,"ABAM",1,0,0,NA,NA,0
"6890",2012,"AV02",5,"ABGR",0,0,0,NA,NA,0
"6891",2012,"AV02",5,"ABLA",0,0,0,NA,NA,0
"6892",2012,"AV02",5,"ABPR",0,0,0,NA,NA,0
"6893",2012,"AV02",5,"ACGL",0,0,0,NA,NA,0
"6894",2012,"AV02",5,"ALRU",0,0,0,NA,NA,0
"6895",2012,"AV02",5,"CANO",0,0,0,NA,NA,0
"6896",2012,"AV02",5,"PICO",0,0,0,NA,NA,0
"6897",2012,"AV02",5,"PIEN",0,0,0,NA,NA,0
"6898",2012,"AV02",5,"PIMO",0,0,0,NA,NA,0
"6899",2012,"AV02",5,"PISI",0,0,0,NA,NA,0
"6900",2012,"AV02",5,"PSME",0,0,0,NA,NA,0
"6901",2012,"AV02",5,"TABR",0,0,0,NA,NA,0
"6902",2012,"AV02",5,"THPL",2,0,0,NA,NA,0
"6903",2012,"AV02",5,"TSHE",488,65,5,NA,NA,2
"6904",2012,"AV02",5,"TSME",0,0,0,NA,NA,0
"6905",2012,"AV02",6,"ABAM",4,0,0,NA,NA,0
"6906",2012,"AV02",6,"ABGR",0,0,0,NA,NA,0
"6907",2012,"AV02",6,"ABLA",0,0,0,NA,NA,0
"6908",2012,"AV02",6,"ABPR",0,0,0,NA,NA,0
"6909",2012,"AV02",6,"ACGL",0,0,0,NA,NA,0
"6910",2012,"AV02",6,"ALRU",0,0,0,NA,NA,0
"6911",2012,"AV02",6,"CANO",0,0,0,NA,NA,0
"6912",2012,"AV02",6,"PICO",0,0,0,NA,NA,0
"6913",2012,"AV02",6,"PIEN",0,0,0,NA,NA,0
"6914",2012,"AV02",6,"PIMO",0,0,0,NA,NA,0
"6915",2012,"AV02",6,"PISI",0,0,0,NA,NA,0
"6916",2012,"AV02",6,"PSME",2,0,0,NA,NA,0
"6917",2012,"AV02",6,"TABR",0,0,0,NA,NA,0
"6918",2012,"AV02",6,"THPL",0,0,0,NA,NA,0
"6919",2012,"AV02",6,"TSHE",243,25,7,NA,NA,1
"6920",2012,"AV02",6,"TSME",0,0,0,NA,NA,0
"6921",2012,"AV06",1,"ABAM",4,0,0,NA,NA,0
"6922",2012,"AV06",1,"ABGR",0,0,0,NA,NA,0
"6923",2012,"AV06",1,"ABLA",0,0,0,NA,NA,0
"6924",2012,"AV06",1,"ABPR",0,0,0,NA,NA,0
"6925",2012,"AV06",1,"ACGL",0,0,0,NA,NA,0
"6926",2012,"AV06",1,"ALRU",0,0,0,NA,NA,0
"6927",2012,"AV06",1,"CANO",0,0,0,NA,NA,0
"6928",2012,"AV06",1,"PICO",0,0,0,NA,NA,0
"6929",2012,"AV06",1,"PIEN",0,0,0,NA,NA,0
"6930",2012,"AV06",1,"PIMO",0,0,0,NA,NA,0
"6931",2012,"AV06",1,"PISI",0,0,0,NA,NA,0
"6932",2012,"AV06",1,"PSME",0,0,0,NA,NA,0
"6933",2012,"AV06",1,"TABR",0,0,0,NA,NA,0
"6934",2012,"AV06",1,"THPL",9,5,0,NA,NA,0
"6935",2012,"AV06",1,"TSHE",38,0,4,NA,NA,0
"6936",2012,"AV06",1,"TSME",0,0,0,NA,NA,0
"6937",2012,"AV06",2,"ABAM",11,0,0,NA,NA,0
"6938",2012,"AV06",2,"ABGR",0,0,0,NA,NA,0
"6939",2012,"AV06",2,"ABLA",0,0,0,NA,NA,0
"6940",2012,"AV06",2,"ABPR",0,0,0,NA,NA,0
"6941",2012,"AV06",2,"ACGL",0,0,0,NA,NA,0
"6942",2012,"AV06",2,"ALRU",0,0,0,NA,NA,0
"6943",2012,"AV06",2,"CANO",0,0,0,NA,NA,0
"6944",2012,"AV06",2,"PICO",0,0,0,NA,NA,0
"6945",2012,"AV06",2,"PIEN",0,0,0,NA,NA,0
"6946",2012,"AV06",2,"PIMO",0,0,0,NA,NA,0
"6947",2012,"AV06",2,"PISI",0,0,0,NA,NA,0
"6948",2012,"AV06",2,"PSME",0,0,0,NA,NA,0
"6949",2012,"AV06",2,"TABR",0,0,0,NA,NA,0
"6950",2012,"AV06",2,"THPL",28,1,1,NA,NA,6
"6951",2012,"AV06",2,"TSHE",4,4,13,NA,NA,0
"6952",2012,"AV06",2,"TSME",0,0,0,NA,NA,0
"6953",2012,"AV06",3,"ABAM",3,0,0,NA,NA,0
"6954",2012,"AV06",3,"ABGR",0,0,0,NA,NA,0
"6955",2012,"AV06",3,"ABLA",0,0,0,NA,NA,0
"6956",2012,"AV06",3,"ABPR",0,0,0,NA,NA,0
"6957",2012,"AV06",3,"ACGL",0,0,0,NA,NA,0
"6958",2012,"AV06",3,"ALRU",0,0,0,NA,NA,0
"6959",2012,"AV06",3,"CANO",0,0,0,NA,NA,0
"6960",2012,"AV06",3,"PICO",0,0,0,NA,NA,0
"6961",2012,"AV06",3,"PIEN",0,0,0,NA,NA,0
"6962",2012,"AV06",3,"PIMO",0,0,0,NA,NA,0
"6963",2012,"AV06",3,"PISI",0,0,0,NA,NA,0
"6964",2012,"AV06",3,"PSME",0,0,0,NA,NA,0
"6965",2012,"AV06",3,"TABR",0,0,0,NA,NA,0
"6966",2012,"AV06",3,"THPL",51,2,0,NA,NA,0
"6967",2012,"AV06",3,"TSHE",11,3,9,NA,NA,0
"6968",2012,"AV06",3,"TSME",0,0,0,NA,NA,0
"6969",2012,"AV06",4,"ABAM",9,0,0,NA,NA,0
"6970",2012,"AV06",4,"ABGR",0,0,0,NA,NA,0
"6971",2012,"AV06",4,"ABLA",0,0,0,NA,NA,0
"6972",2012,"AV06",4,"ABPR",0,0,0,NA,NA,0
"6973",2012,"AV06",4,"ACGL",0,0,0,NA,NA,0
"6974",2012,"AV06",4,"ALRU",0,0,0,NA,NA,0
"6975",2012,"AV06",4,"CANO",0,0,0,NA,NA,0
"6976",2012,"AV06",4,"PICO",0,0,0,NA,NA,0
"6977",2012,"AV06",4,"PIEN",0,0,0,NA,NA,0
"6978",2012,"AV06",4,"PIMO",0,0,0,NA,NA,0
"6979",2012,"AV06",4,"PISI",0,0,0,NA,NA,0
"6980",2012,"AV06",4,"PSME",1,0,0,NA,NA,0
"6981",2012,"AV06",4,"TABR",0,0,0,NA,NA,0
"6982",2012,"AV06",4,"THPL",7,0,0,NA,NA,0
"6983",2012,"AV06",4,"TSHE",54,8,12,NA,NA,0
"6984",2012,"AV06",4,"TSME",0,0,0,NA,NA,0
"6985",2012,"AV06",5,"ABAM",15,6,0,NA,NA,0
"6986",2012,"AV06",5,"ABGR",0,0,0,NA,NA,0
"6987",2012,"AV06",5,"ABLA",0,0,0,NA,NA,0
"6988",2012,"AV06",5,"ABPR",0,0,0,NA,NA,0
"6989",2012,"AV06",5,"ACGL",0,0,0,NA,NA,0
"6990",2012,"AV06",5,"ALRU",0,0,0,NA,NA,0
"6991",2012,"AV06",5,"CANO",0,0,0,NA,NA,0
"6992",2012,"AV06",5,"PICO",0,0,0,NA,NA,0
"6993",2012,"AV06",5,"PIEN",0,0,0,NA,NA,0
"6994",2012,"AV06",5,"PIMO",0,0,0,NA,NA,0
"6995",2012,"AV06",5,"PISI",0,0,0,NA,NA,0
"6996",2012,"AV06",5,"PSME",2,0,0,NA,NA,0
"6997",2012,"AV06",5,"TABR",0,0,0,NA,NA,0
"6998",2012,"AV06",5,"THPL",9,3,0,NA,NA,0
"6999",2012,"AV06",5,"TSHE",21,4,0,NA,NA,0
"7000",2012,"AV06",5,"TSME",0,0,0,NA,NA,0
"7001",2012,"AV06",6,"ABAM",4,0,0,NA,NA,0
"7002",2012,"AV06",6,"ABGR",0,0,0,NA,NA,0
"7003",2012,"AV06",6,"ABLA",0,0,0,NA,NA,0
"7004",2012,"AV06",6,"ABPR",0,0,0,NA,NA,0
"7005",2012,"AV06",6,"ACGL",0,0,0,NA,NA,0
"7006",2012,"AV06",6,"ALRU",0,0,0,NA,NA,0
"7007",2012,"AV06",6,"CANO",0,0,0,NA,NA,0
"7008",2012,"AV06",6,"PICO",0,0,0,NA,NA,0
"7009",2012,"AV06",6,"PIEN",0,0,0,NA,NA,0
"7010",2012,"AV06",6,"PIMO",0,0,0,NA,NA,0
"7011",2012,"AV06",6,"PISI",0,0,0,NA,NA,0
"7012",2012,"AV06",6,"PSME",0,0,0,NA,NA,0
"7013",2012,"AV06",6,"TABR",0,0,0,NA,NA,0
"7014",2012,"AV06",6,"THPL",3,2,0,NA,NA,0
"7015",2012,"AV06",6,"TSHE",12,9,1,NA,NA,0
"7016",2012,"AV06",6,"TSME",0,0,0,NA,NA,0
"7017",2012,"AV14",1,"ABAM",10,0,0,NA,NA,0
"7018",2012,"AV14",1,"ABGR",0,0,0,NA,NA,0
"7019",2012,"AV14",1,"ABLA",0,0,0,NA,NA,0
"7020",2012,"AV14",1,"ABPR",0,0,0,NA,NA,0
"7021",2012,"AV14",1,"ACGL",0,0,0,NA,NA,0
"7022",2012,"AV14",1,"ALRU",0,0,0,NA,NA,0
"7023",2012,"AV14",1,"CANO",0,0,0,NA,NA,0
"7024",2012,"AV14",1,"PICO",0,0,0,NA,NA,0
"7025",2012,"AV14",1,"PIEN",0,0,0,NA,NA,0
"7026",2012,"AV14",1,"PIMO",0,0,0,NA,NA,0
"7027",2012,"AV14",1,"PISI",0,0,0,NA,NA,0
"7028",2012,"AV14",1,"PSME",0,0,0,NA,NA,0
"7029",2012,"AV14",1,"TABR",0,0,0,NA,NA,0
"7030",2012,"AV14",1,"THPL",0,0,0,NA,NA,0
"7031",2012,"AV14",1,"TSHE",219,9,8,NA,NA,46
"7032",2012,"AV14",1,"TSME",0,0,0,NA,NA,0
"7033",2012,"AV14",2,"ABAM",19,0,0,NA,NA,0
"7034",2012,"AV14",2,"ABGR",0,0,0,NA,NA,0
"7035",2012,"AV14",2,"ABLA",0,0,0,NA,NA,0
"7036",2012,"AV14",2,"ABPR",0,0,0,NA,NA,0
"7037",2012,"AV14",2,"ACGL",0,0,0,NA,NA,0
"7038",2012,"AV14",2,"ALRU",0,0,0,NA,NA,0
"7039",2012,"AV14",2,"CANO",0,0,0,NA,NA,0
"7040",2012,"AV14",2,"PICO",0,0,0,NA,NA,0
"7041",2012,"AV14",2,"PIEN",0,0,0,NA,NA,0
"7042",2012,"AV14",2,"PIMO",0,0,0,NA,NA,0
"7043",2012,"AV14",2,"PISI",0,0,0,NA,NA,0
"7044",2012,"AV14",2,"PSME",0,0,0,NA,NA,0
"7045",2012,"AV14",2,"TABR",0,0,0,NA,NA,0
"7046",2012,"AV14",2,"THPL",0,0,0,NA,NA,0
"7047",2012,"AV14",2,"TSHE",314,4,6,NA,NA,13
"7048",2012,"AV14",2,"TSME",0,0,0,NA,NA,0
"7049",2012,"AV14",3,"ABAM",8,0,0,NA,NA,0
"7050",2012,"AV14",3,"ABGR",0,0,0,NA,NA,0
"7051",2012,"AV14",3,"ABLA",0,0,0,NA,NA,0
"7052",2012,"AV14",3,"ABPR",0,0,0,NA,NA,0
"7053",2012,"AV14",3,"ACGL",0,0,0,NA,NA,0
"7054",2012,"AV14",3,"ALRU",0,0,0,NA,NA,0
"7055",2012,"AV14",3,"CANO",0,0,0,NA,NA,0
"7056",2012,"AV14",3,"PICO",0,0,0,NA,NA,0
"7057",2012,"AV14",3,"PIEN",0,0,0,NA,NA,0
"7058",2012,"AV14",3,"PIMO",0,0,0,NA,NA,0
"7059",2012,"AV14",3,"PISI",0,0,0,NA,NA,0
"7060",2012,"AV14",3,"PSME",0,0,0,NA,NA,0
"7061",2012,"AV14",3,"TABR",0,0,0,NA,NA,0
"7062",2012,"AV14",3,"THPL",0,0,0,NA,NA,0
"7063",2012,"AV14",3,"TSHE",197,8,28,NA,NA,61
"7064",2012,"AV14",3,"TSME",0,0,0,NA,NA,0
"7065",2012,"AV14",4,"ABAM",11,2,0,NA,NA,0
"7066",2012,"AV14",4,"ABGR",0,0,0,NA,NA,0
"7067",2012,"AV14",4,"ABLA",0,0,0,NA,NA,0
"7068",2012,"AV14",4,"ABPR",0,0,0,NA,NA,0
"7069",2012,"AV14",4,"ACGL",0,0,0,NA,NA,0
"7070",2012,"AV14",4,"ALRU",0,0,0,NA,NA,0
"7071",2012,"AV14",4,"CANO",0,0,0,NA,NA,0
"7072",2012,"AV14",4,"PICO",0,0,0,NA,NA,0
"7073",2012,"AV14",4,"PIEN",0,0,0,NA,NA,0
"7074",2012,"AV14",4,"PIMO",0,0,0,NA,NA,0
"7075",2012,"AV14",4,"PISI",0,0,0,NA,NA,0
"7076",2012,"AV14",4,"PSME",0,0,0,NA,NA,0
"7077",2012,"AV14",4,"TABR",0,0,0,NA,NA,0
"7078",2012,"AV14",4,"THPL",0,0,0,NA,NA,0
"7079",2012,"AV14",4,"TSHE",289,11,31,NA,NA,87
"7080",2012,"AV14",4,"TSME",0,0,0,NA,NA,0
"7081",2012,"AV14",5,"ABAM",7,0,0,NA,NA,0
"7082",2012,"AV14",5,"ABGR",0,0,0,NA,NA,0
"7083",2012,"AV14",5,"ABLA",0,0,0,NA,NA,0
"7084",2012,"AV14",5,"ABPR",0,0,0,NA,NA,0
"7085",2012,"AV14",5,"ACGL",0,0,0,NA,NA,0
"7086",2012,"AV14",5,"ALRU",0,0,0,NA,NA,0
"7087",2012,"AV14",5,"CANO",0,0,0,NA,NA,0
"7088",2012,"AV14",5,"PICO",0,0,0,NA,NA,0
"7089",2012,"AV14",5,"PIEN",0,0,0,NA,NA,0
"7090",2012,"AV14",5,"PIMO",0,0,0,NA,NA,0
"7091",2012,"AV14",5,"PISI",0,0,0,NA,NA,0
"7092",2012,"AV14",5,"PSME",0,0,0,NA,NA,0
"7093",2012,"AV14",5,"TABR",0,0,0,NA,NA,0
"7094",2012,"AV14",5,"THPL",0,0,0,NA,NA,0
"7095",2012,"AV14",5,"TSHE",317,13,55,NA,NA,134
"7096",2012,"AV14",5,"TSME",0,0,0,NA,NA,0
"7097",2012,"AV14",6,"ABAM",8,0,0,NA,NA,0
"7098",2012,"AV14",6,"ABGR",0,0,0,NA,NA,0
"7099",2012,"AV14",6,"ABLA",0,0,0,NA,NA,0
"7100",2012,"AV14",6,"ABPR",0,0,0,NA,NA,0
"7101",2012,"AV14",6,"ACGL",0,0,0,NA,NA,0
"7102",2012,"AV14",6,"ALRU",0,0,0,NA,NA,0
"7103",2012,"AV14",6,"CANO",0,0,0,NA,NA,0
"7104",2012,"AV14",6,"PICO",0,0,0,NA,NA,0
"7105",2012,"AV14",6,"PIEN",0,0,0,NA,NA,0
"7106",2012,"AV14",6,"PIMO",0,0,0,NA,NA,0
"7107",2012,"AV14",6,"PISI",0,0,0,NA,NA,0
"7108",2012,"AV14",6,"PSME",0,0,0,NA,NA,0
"7109",2012,"AV14",6,"TABR",0,0,0,NA,NA,0
"7110",2012,"AV14",6,"THPL",0,0,0,NA,NA,0
"7111",2012,"AV14",6,"TSHE",266,13,41,NA,NA,43
"7112",2012,"AV14",6,"TSME",0,0,0,NA,NA,0
"7113",2012,"AX15",1,"ABAM",0,0,0,NA,NA,0
"7114",2012,"AX15",1,"ABGR",0,0,0,NA,NA,0
"7115",2012,"AX15",1,"ABLA",0,0,0,NA,NA,0
"7116",2012,"AX15",1,"ABPR",0,0,0,NA,NA,0
"7117",2012,"AX15",1,"ACGL",0,0,0,NA,NA,0
"7118",2012,"AX15",1,"ALRU",0,0,0,NA,NA,0
"7119",2012,"AX15",1,"CANO",0,0,0,NA,NA,0
"7120",2012,"AX15",1,"PICO",0,0,0,NA,NA,0
"7121",2012,"AX15",1,"PIEN",0,0,0,NA,NA,0
"7122",2012,"AX15",1,"PIMO",0,0,0,NA,NA,0
"7123",2012,"AX15",1,"PISI",0,0,0,NA,NA,0
"7124",2012,"AX15",1,"PSME",0,0,0,NA,NA,0
"7125",2012,"AX15",1,"TABR",0,0,0,NA,NA,0
"7126",2012,"AX15",1,"THPL",40,7,2,NA,NA,0
"7127",2012,"AX15",1,"TSHE",232,68,8,NA,NA,4
"7128",2012,"AX15",1,"TSME",0,0,0,NA,NA,0
"7129",2012,"AX15",2,"ABAM",0,0,0,NA,NA,0
"7130",2012,"AX15",2,"ABGR",0,0,0,NA,NA,0
"7131",2012,"AX15",2,"ABLA",0,0,0,NA,NA,0
"7132",2012,"AX15",2,"ABPR",0,0,0,NA,NA,0
"7133",2012,"AX15",2,"ACGL",0,0,0,NA,NA,0
"7134",2012,"AX15",2,"ALRU",0,0,0,NA,NA,0
"7135",2012,"AX15",2,"CANO",0,0,0,NA,NA,0
"7136",2012,"AX15",2,"PICO",0,0,0,NA,NA,0
"7137",2012,"AX15",2,"PIEN",0,0,0,NA,NA,0
"7138",2012,"AX15",2,"PIMO",0,0,0,NA,NA,0
"7139",2012,"AX15",2,"PISI",0,0,0,NA,NA,0
"7140",2012,"AX15",2,"PSME",0,0,0,NA,NA,0
"7141",2012,"AX15",2,"TABR",0,0,0,NA,NA,0
"7142",2012,"AX15",2,"THPL",23,0,0,NA,NA,0
"7143",2012,"AX15",2,"TSHE",179,86,10,NA,NA,18
"7144",2012,"AX15",2,"TSME",0,0,0,NA,NA,0
"7145",2012,"AX15",3,"ABAM",0,0,0,NA,NA,0
"7146",2012,"AX15",3,"ABGR",0,0,0,NA,NA,0
"7147",2012,"AX15",3,"ABLA",0,0,0,NA,NA,0
"7148",2012,"AX15",3,"ABPR",0,0,0,NA,NA,0
"7149",2012,"AX15",3,"ACGL",0,0,0,NA,NA,0
"7150",2012,"AX15",3,"ALRU",0,0,0,NA,NA,0
"7151",2012,"AX15",3,"CANO",0,0,0,NA,NA,0
"7152",2012,"AX15",3,"PICO",0,0,0,NA,NA,0
"7153",2012,"AX15",3,"PIEN",0,0,0,NA,NA,0
"7154",2012,"AX15",3,"PIMO",0,0,0,NA,NA,0
"7155",2012,"AX15",3,"PISI",0,0,0,NA,NA,0
"7156",2012,"AX15",3,"PSME",0,0,0,NA,NA,0
"7157",2012,"AX15",3,"TABR",0,0,0,NA,NA,0
"7158",2012,"AX15",3,"THPL",11,4,0,NA,NA,0
"7159",2012,"AX15",3,"TSHE",233,56,3,NA,NA,2
"7160",2012,"AX15",3,"TSME",0,0,0,NA,NA,0
"7161",2012,"AX15",4,"ABAM",0,0,0,NA,NA,0
"7162",2012,"AX15",4,"ABGR",0,0,0,NA,NA,0
"7163",2012,"AX15",4,"ABLA",0,0,0,NA,NA,0
"7164",2012,"AX15",4,"ABPR",0,0,0,NA,NA,0
"7165",2012,"AX15",4,"ACGL",0,0,0,NA,NA,0
"7166",2012,"AX15",4,"ALRU",0,0,0,NA,NA,0
"7167",2012,"AX15",4,"CANO",0,0,0,NA,NA,0
"7168",2012,"AX15",4,"PICO",0,0,0,NA,NA,0
"7169",2012,"AX15",4,"PIEN",0,0,0,NA,NA,0
"7170",2012,"AX15",4,"PIMO",1,0,0,NA,NA,0
"7171",2012,"AX15",4,"PISI",0,0,0,NA,NA,0
"7172",2012,"AX15",4,"PSME",0,0,0,NA,NA,0
"7173",2012,"AX15",4,"TABR",0,0,0,NA,NA,0
"7174",2012,"AX15",4,"THPL",28,1,0,NA,NA,0
"7175",2012,"AX15",4,"TSHE",292,49,4,NA,NA,6
"7176",2012,"AX15",4,"TSME",0,0,0,NA,NA,0
"7177",2012,"AX15",5,"ABAM",0,0,0,NA,NA,0
"7178",2012,"AX15",5,"ABGR",0,0,0,NA,NA,0
"7179",2012,"AX15",5,"ABLA",0,0,0,NA,NA,0
"7180",2012,"AX15",5,"ABPR",0,0,0,NA,NA,0
"7181",2012,"AX15",5,"ACGL",0,0,0,NA,NA,0
"7182",2012,"AX15",5,"ALRU",0,0,0,NA,NA,0
"7183",2012,"AX15",5,"CANO",0,0,0,NA,NA,0
"7184",2012,"AX15",5,"PICO",0,0,0,NA,NA,0
"7185",2012,"AX15",5,"PIEN",0,0,0,NA,NA,0
"7186",2012,"AX15",5,"PIMO",0,0,0,NA,NA,0
"7187",2012,"AX15",5,"PISI",0,0,0,NA,NA,0
"7188",2012,"AX15",5,"PSME",3,0,0,NA,NA,0
"7189",2012,"AX15",5,"TABR",0,0,0,NA,NA,0
"7190",2012,"AX15",5,"THPL",12,2,0,NA,NA,0
"7191",2012,"AX15",5,"TSHE",223,60,6,NA,NA,6
"7192",2012,"AX15",5,"TSME",0,0,0,NA,NA,0
"7193",2012,"AX15",6,"ABAM",0,0,0,NA,NA,0
"7194",2012,"AX15",6,"ABGR",0,0,0,NA,NA,0
"7195",2012,"AX15",6,"ABLA",0,0,0,NA,NA,0
"7196",2012,"AX15",6,"ABPR",0,0,0,NA,NA,0
"7197",2012,"AX15",6,"ACGL",0,0,0,NA,NA,0
"7198",2012,"AX15",6,"ALRU",0,0,0,NA,NA,0
"7199",2012,"AX15",6,"CANO",0,0,0,NA,NA,0
"7200",2012,"AX15",6,"PICO",0,0,0,NA,NA,0
"7201",2012,"AX15",6,"PIEN",0,0,0,NA,NA,0
"7202",2012,"AX15",6,"PIMO",0,0,0,NA,NA,0
"7203",2012,"AX15",6,"PISI",0,0,0,NA,NA,0
"7204",2012,"AX15",6,"PSME",1,0,0,NA,NA,0
"7205",2012,"AX15",6,"TABR",0,0,0,NA,NA,0
"7206",2012,"AX15",6,"THPL",7,3,0,NA,NA,0
"7207",2012,"AX15",6,"TSHE",199,33,7,NA,NA,9
"7208",2012,"AX15",6,"TSME",0,0,0,NA,NA,0
"7209",2012,"PARA",1,"ABAM",13,0,0,NA,NA,0
"7210",2012,"PARA",1,"ABGR",0,0,0,NA,NA,0
"7211",2012,"PARA",1,"ABLA",0,0,0,NA,NA,0
"7212",2012,"PARA",1,"ABPR",0,0,0,NA,NA,0
"7213",2012,"PARA",1,"ACGL",0,0,0,NA,NA,0
"7214",2012,"PARA",1,"ALRU",0,0,0,NA,NA,0
"7215",2012,"PARA",1,"CANO",0,0,0,NA,NA,0
"7216",2012,"PARA",1,"PICO",0,0,0,NA,NA,0
"7217",2012,"PARA",1,"PIEN",0,0,0,NA,NA,0
"7218",2012,"PARA",1,"PIMO",0,0,0,NA,NA,0
"7219",2012,"PARA",1,"PISI",0,0,0,NA,NA,0
"7220",2012,"PARA",1,"PSME",0,0,0,NA,NA,0
"7221",2012,"PARA",1,"TABR",0,0,0,NA,NA,0
"7222",2012,"PARA",1,"THPL",0,0,0,NA,NA,0
"7223",2012,"PARA",1,"TSHE",0,0,0,NA,NA,0
"7224",2012,"PARA",1,"TSME",56,0,0,NA,NA,0
"7225",2012,"PARA",2,"ABAM",7,5,0,NA,NA,0
"7226",2012,"PARA",2,"ABGR",0,0,0,NA,NA,0
"7227",2012,"PARA",2,"ABLA",0,0,0,NA,NA,0
"7228",2012,"PARA",2,"ABPR",0,0,0,NA,NA,0
"7229",2012,"PARA",2,"ACGL",0,0,0,NA,NA,0
"7230",2012,"PARA",2,"ALRU",0,0,0,NA,NA,0
"7231",2012,"PARA",2,"CANO",0,0,0,NA,NA,0
"7232",2012,"PARA",2,"PICO",0,0,0,NA,NA,0
"7233",2012,"PARA",2,"PIEN",0,0,0,NA,NA,0
"7234",2012,"PARA",2,"PIMO",0,0,0,NA,NA,0
"7235",2012,"PARA",2,"PISI",0,0,0,NA,NA,0
"7236",2012,"PARA",2,"PSME",0,0,0,NA,NA,0
"7237",2012,"PARA",2,"TABR",0,0,0,NA,NA,0
"7238",2012,"PARA",2,"THPL",0,0,0,NA,NA,0
"7239",2012,"PARA",2,"TSHE",0,0,0,NA,NA,0
"7240",2012,"PARA",2,"TSME",56,5,1,NA,NA,28
"7241",2012,"PARA",3,"ABAM",7,2,0,NA,NA,0
"7242",2012,"PARA",3,"ABGR",0,0,0,NA,NA,0
"7243",2012,"PARA",3,"ABLA",0,0,0,NA,NA,0
"7244",2012,"PARA",3,"ABPR",0,0,0,NA,NA,0
"7245",2012,"PARA",3,"ACGL",0,0,0,NA,NA,0
"7246",2012,"PARA",3,"ALRU",0,0,0,NA,NA,0
"7247",2012,"PARA",3,"CANO",0,0,0,NA,NA,0
"7248",2012,"PARA",3,"PICO",0,0,0,NA,NA,0
"7249",2012,"PARA",3,"PIEN",0,0,0,NA,NA,0
"7250",2012,"PARA",3,"PIMO",0,0,0,NA,NA,0
"7251",2012,"PARA",3,"PISI",0,0,0,NA,NA,0
"7252",2012,"PARA",3,"PSME",0,0,0,NA,NA,0
"7253",2012,"PARA",3,"TABR",0,0,0,NA,NA,0
"7254",2012,"PARA",3,"THPL",0,0,0,NA,NA,0
"7255",2012,"PARA",3,"TSHE",0,0,0,NA,NA,0
"7256",2012,"PARA",3,"TSME",85,15,1,NA,NA,0
"7257",2012,"PARA",4,"ABAM",8,0,0,NA,NA,0
"7258",2012,"PARA",4,"ABGR",0,0,0,NA,NA,0
"7259",2012,"PARA",4,"ABLA",0,0,0,NA,NA,0
"7260",2012,"PARA",4,"ABPR",0,0,0,NA,NA,0
"7261",2012,"PARA",4,"ACGL",0,0,0,NA,NA,0
"7262",2012,"PARA",4,"ALRU",0,0,0,NA,NA,0
"7263",2012,"PARA",4,"CANO",0,0,0,NA,NA,0
"7264",2012,"PARA",4,"PICO",0,0,0,NA,NA,0
"7265",2012,"PARA",4,"PIEN",0,0,0,NA,NA,0
"7266",2012,"PARA",4,"PIMO",0,0,0,NA,NA,0
"7267",2012,"PARA",4,"PISI",0,0,0,NA,NA,0
"7268",2012,"PARA",4,"PSME",0,0,0,NA,NA,0
"7269",2012,"PARA",4,"TABR",0,0,0,NA,NA,0
"7270",2012,"PARA",4,"THPL",0,0,0,NA,NA,0
"7271",2012,"PARA",4,"TSHE",0,0,0,NA,NA,0
"7272",2012,"PARA",4,"TSME",67,16,2,NA,NA,72
"7273",2012,"PARA",5,"ABAM",11,0,0,NA,NA,0
"7274",2012,"PARA",5,"ABGR",0,0,0,NA,NA,0
"7275",2012,"PARA",5,"ABLA",0,0,0,NA,NA,0
"7276",2012,"PARA",5,"ABPR",0,0,0,NA,NA,0
"7277",2012,"PARA",5,"ACGL",0,0,0,NA,NA,0
"7278",2012,"PARA",5,"ALRU",0,0,0,NA,NA,0
"7279",2012,"PARA",5,"CANO",0,0,0,NA,NA,0
"7280",2012,"PARA",5,"PICO",0,0,0,NA,NA,0
"7281",2012,"PARA",5,"PIEN",0,0,0,NA,NA,0
"7282",2012,"PARA",5,"PIMO",0,0,0,NA,NA,0
"7283",2012,"PARA",5,"PISI",0,0,0,NA,NA,0
"7284",2012,"PARA",5,"PSME",0,0,0,NA,NA,0
"7285",2012,"PARA",5,"TABR",0,0,0,NA,NA,0
"7286",2012,"PARA",5,"THPL",0,0,0,NA,NA,0
"7287",2012,"PARA",5,"TSHE",0,0,0,NA,NA,0
"7288",2012,"PARA",5,"TSME",60,3,0,NA,NA,0
"7289",2012,"PARA",6,"ABAM",7,4,0,NA,NA,0
"7290",2012,"PARA",6,"ABGR",0,0,0,NA,NA,0
"7291",2012,"PARA",6,"ABLA",0,0,0,NA,NA,0
"7292",2012,"PARA",6,"ABPR",0,0,0,NA,NA,0
"7293",2012,"PARA",6,"ACGL",0,0,0,NA,NA,0
"7294",2012,"PARA",6,"ALRU",0,0,0,NA,NA,0
"7295",2012,"PARA",6,"CANO",1,0,0,NA,NA,0
"7296",2012,"PARA",6,"PICO",0,0,0,NA,NA,0
"7297",2012,"PARA",6,"PIEN",0,0,0,NA,NA,0
"7298",2012,"PARA",6,"PIMO",0,0,0,NA,NA,0
"7299",2012,"PARA",6,"PISI",0,0,0,NA,NA,0
"7300",2012,"PARA",6,"PSME",0,0,0,NA,NA,0
"7301",2012,"PARA",6,"TABR",0,0,0,NA,NA,0
"7302",2012,"PARA",6,"THPL",0,0,0,NA,NA,0
"7303",2012,"PARA",6,"TSHE",0,0,0,NA,NA,0
"7304",2012,"PARA",6,"TSME",58,5,4,NA,NA,28
"7305",2012,"PP17",1,"ABAM",1,0,0,NA,NA,0
"7306",2012,"PP17",1,"ABGR",0,0,0,NA,NA,0
"7307",2012,"PP17",1,"ABLA",0,0,0,NA,NA,0
"7308",2012,"PP17",1,"ABPR",0,0,0,NA,NA,0
"7309",2012,"PP17",1,"ACGL",0,0,0,NA,NA,0
"7310",2012,"PP17",1,"ALRU",0,0,0,NA,NA,0
"7311",2012,"PP17",1,"CANO",3,0,0,NA,NA,0
"7312",2012,"PP17",1,"PICO",0,0,0,NA,NA,0
"7313",2012,"PP17",1,"PIEN",0,0,0,NA,NA,0
"7314",2012,"PP17",1,"PIMO",0,0,0,NA,NA,0
"7315",2012,"PP17",1,"PISI",0,0,0,NA,NA,0
"7316",2012,"PP17",1,"PSME",9,8,1,NA,NA,0
"7317",2012,"PP17",1,"TABR",0,0,0,NA,NA,0
"7318",2012,"PP17",1,"THPL",0,0,0,NA,NA,0
"7319",2012,"PP17",1,"TSHE",14,1,0,NA,NA,0
"7320",2012,"PP17",1,"TSME",0,0,0,NA,NA,0
"7321",2012,"PP17",2,"ABAM",2,0,0,NA,NA,0
"7322",2012,"PP17",2,"ABGR",0,0,0,NA,NA,0
"7323",2012,"PP17",2,"ABLA",0,0,0,NA,NA,0
"7324",2012,"PP17",2,"ABPR",0,0,0,NA,NA,0
"7325",2012,"PP17",2,"ACGL",0,0,0,NA,NA,0
"7326",2012,"PP17",2,"ALRU",0,0,0,NA,NA,0
"7327",2012,"PP17",2,"CANO",0,0,0,NA,NA,0
"7328",2012,"PP17",2,"PICO",0,0,0,NA,NA,0
"7329",2012,"PP17",2,"PIEN",0,0,0,NA,NA,0
"7330",2012,"PP17",2,"PIMO",0,0,0,NA,NA,0
"7331",2012,"PP17",2,"PISI",0,0,0,NA,NA,0
"7332",2012,"PP17",2,"PSME",6,8,0,NA,NA,0
"7333",2012,"PP17",2,"TABR",0,0,0,NA,NA,0
"7334",2012,"PP17",2,"THPL",0,0,0,NA,NA,0
"7335",2012,"PP17",2,"TSHE",15,4,0,NA,NA,0
"7336",2012,"PP17",2,"TSME",0,0,0,NA,NA,0
"7337",2012,"PP17",3,"ABAM",0,0,0,NA,NA,0
"7338",2012,"PP17",3,"ABGR",0,0,0,NA,NA,0
"7339",2012,"PP17",3,"ABLA",0,0,0,NA,NA,0
"7340",2012,"PP17",3,"ABPR",0,0,0,NA,NA,0
"7341",2012,"PP17",3,"ACGL",0,0,0,NA,NA,0
"7342",2012,"PP17",3,"ALRU",0,0,0,NA,NA,0
"7343",2012,"PP17",3,"CANO",2,0,0,NA,NA,0
"7344",2012,"PP17",3,"PICO",0,0,0,NA,NA,0
"7345",2012,"PP17",3,"PIEN",0,0,0,NA,NA,0
"7346",2012,"PP17",3,"PIMO",0,0,0,NA,NA,0
"7347",2012,"PP17",3,"PISI",0,0,0,NA,NA,0
"7348",2012,"PP17",3,"PSME",4,2,0,NA,NA,0
"7349",2012,"PP17",3,"TABR",0,0,0,NA,NA,0
"7350",2012,"PP17",3,"THPL",0,0,0,NA,NA,0
"7351",2012,"PP17",3,"TSHE",16,2,0,NA,NA,0
"7352",2012,"PP17",3,"TSME",0,0,0,NA,NA,0
"7353",2012,"PP17",4,"ABAM",0,0,0,NA,NA,0
"7354",2012,"PP17",4,"ABGR",0,0,0,NA,NA,0
"7355",2012,"PP17",4,"ABLA",1,0,0,NA,NA,0
"7356",2012,"PP17",4,"ABPR",0,0,0,NA,NA,0
"7357",2012,"PP17",4,"ACGL",0,0,0,NA,NA,0
"7358",2012,"PP17",4,"ALRU",0,0,0,NA,NA,0
"7359",2012,"PP17",4,"CANO",0,0,0,NA,NA,0
"7360",2012,"PP17",4,"PICO",0,0,0,NA,NA,0
"7361",2012,"PP17",4,"PIEN",0,0,0,NA,NA,0
"7362",2012,"PP17",4,"PIMO",0,0,0,NA,NA,0
"7363",2012,"PP17",4,"PISI",0,0,0,NA,NA,0
"7364",2012,"PP17",4,"PSME",23,4,0,NA,NA,0
"7365",2012,"PP17",4,"TABR",0,0,0,NA,NA,0
"7366",2012,"PP17",4,"THPL",0,0,0,NA,NA,0
"7367",2012,"PP17",4,"TSHE",7,0,0,NA,NA,0
"7368",2012,"PP17",4,"TSME",0,0,0,NA,NA,0
"7369",2012,"PP17",5,"ABAM",2,0,0,NA,NA,0
"7370",2012,"PP17",5,"ABGR",0,0,0,NA,NA,0
"7371",2012,"PP17",5,"ABLA",0,0,0,NA,NA,0
"7372",2012,"PP17",5,"ABPR",0,0,0,NA,NA,0
"7373",2012,"PP17",5,"ACGL",0,0,0,NA,NA,0
"7374",2012,"PP17",5,"ALRU",0,0,0,NA,NA,0
"7375",2012,"PP17",5,"CANO",7,0,0,NA,NA,0
"7376",2012,"PP17",5,"PICO",0,0,0,NA,NA,0
"7377",2012,"PP17",5,"PIEN",0,0,0,NA,NA,0
"7378",2012,"PP17",5,"PIMO",0,0,0,NA,NA,0
"7379",2012,"PP17",5,"PISI",0,0,0,NA,NA,0
"7380",2012,"PP17",5,"PSME",12,12,0,NA,NA,0
"7381",2012,"PP17",5,"TABR",0,0,0,NA,NA,0
"7382",2012,"PP17",5,"THPL",0,0,0,NA,NA,0
"7383",2012,"PP17",5,"TSHE",0,0,0,NA,NA,0
"7384",2012,"PP17",5,"TSME",0,0,0,NA,NA,0
"7385",2012,"PP17",6,"ABAM",0,0,0,NA,NA,0
"7386",2012,"PP17",6,"ABGR",0,0,0,NA,NA,0
"7387",2012,"PP17",6,"ABLA",0,0,0,NA,NA,0
"7388",2012,"PP17",6,"ABPR",0,0,0,NA,NA,0
"7389",2012,"PP17",6,"ACGL",0,0,0,NA,NA,0
"7390",2012,"PP17",6,"ALRU",0,0,0,NA,NA,0
"7391",2012,"PP17",6,"CANO",0,0,0,NA,NA,0
"7392",2012,"PP17",6,"PICO",0,0,0,NA,NA,0
"7393",2012,"PP17",6,"PIEN",0,0,0,NA,NA,0
"7394",2012,"PP17",6,"PIMO",0,0,0,NA,NA,0
"7395",2012,"PP17",6,"PISI",0,0,0,NA,NA,0
"7396",2012,"PP17",6,"PSME",44,57,0,NA,NA,0
"7397",2012,"PP17",6,"TABR",0,0,0,NA,NA,0
"7398",2012,"PP17",6,"THPL",1,0,0,NA,NA,0
"7399",2012,"PP17",6,"TSHE",11,0,0,NA,NA,0
"7400",2012,"PP17",6,"TSME",0,0,0,NA,NA,0
"7401",2012,"SPRY",1,"ABAM",8,0,0,NA,NA,0
"7402",2012,"SPRY",1,"ABGR",0,0,0,NA,NA,0
"7403",2012,"SPRY",1,"ABLA",0,0,0,NA,NA,0
"7404",2012,"SPRY",1,"ABPR",0,0,0,NA,NA,0
"7405",2012,"SPRY",1,"ACGL",0,0,0,NA,NA,0
"7406",2012,"SPRY",1,"ALRU",0,0,0,NA,NA,0
"7407",2012,"SPRY",1,"CANO",0,0,0,NA,NA,0
"7408",2012,"SPRY",1,"PICO",0,0,0,NA,NA,0
"7409",2012,"SPRY",1,"PIEN",0,0,0,NA,NA,0
"7410",2012,"SPRY",1,"PIMO",0,0,0,NA,NA,0
"7411",2012,"SPRY",1,"PISI",0,0,0,NA,NA,0
"7412",2012,"SPRY",1,"PSME",0,0,0,NA,NA,0
"7413",2012,"SPRY",1,"TABR",0,0,0,NA,NA,0
"7414",2012,"SPRY",1,"THPL",0,0,0,NA,NA,0
"7415",2012,"SPRY",1,"TSHE",0,0,0,NA,NA,0
"7416",2012,"SPRY",1,"TSME",32,0,0,NA,NA,0
"7417",2012,"SPRY",2,"ABAM",6,1,0,NA,NA,0
"7418",2012,"SPRY",2,"ABGR",0,0,0,NA,NA,0
"7419",2012,"SPRY",2,"ABLA",0,0,0,NA,NA,0
"7420",2012,"SPRY",2,"ABPR",0,0,0,NA,NA,0
"7421",2012,"SPRY",2,"ACGL",0,0,0,NA,NA,0
"7422",2012,"SPRY",2,"ALRU",0,0,0,NA,NA,0
"7423",2012,"SPRY",2,"CANO",0,0,0,NA,NA,0
"7424",2012,"SPRY",2,"PICO",0,0,0,NA,NA,0
"7425",2012,"SPRY",2,"PIEN",0,0,0,NA,NA,0
"7426",2012,"SPRY",2,"PIMO",0,0,0,NA,NA,0
"7427",2012,"SPRY",2,"PISI",0,0,0,NA,NA,0
"7428",2012,"SPRY",2,"PSME",0,0,0,NA,NA,0
"7429",2012,"SPRY",2,"TABR",0,0,0,NA,NA,0
"7430",2012,"SPRY",2,"THPL",0,0,0,NA,NA,0
"7431",2012,"SPRY",2,"TSHE",0,0,0,NA,NA,0
"7432",2012,"SPRY",2,"TSME",39,1,1,NA,NA,0
"7433",2012,"SPRY",3,"ABAM",17,0,0,NA,NA,0
"7434",2012,"SPRY",3,"ABGR",0,0,0,NA,NA,0
"7435",2012,"SPRY",3,"ABLA",0,0,0,NA,NA,0
"7436",2012,"SPRY",3,"ABPR",0,0,0,NA,NA,0
"7437",2012,"SPRY",3,"ACGL",0,0,0,NA,NA,0
"7438",2012,"SPRY",3,"ALRU",0,0,0,NA,NA,0
"7439",2012,"SPRY",3,"CANO",0,0,0,NA,NA,0
"7440",2012,"SPRY",3,"PICO",0,0,0,NA,NA,0
"7441",2012,"SPRY",3,"PIEN",0,0,0,NA,NA,0
"7442",2012,"SPRY",3,"PIMO",0,0,0,NA,NA,0
"7443",2012,"SPRY",3,"PISI",0,0,0,NA,NA,0
"7444",2012,"SPRY",3,"PSME",0,0,0,NA,NA,0
"7445",2012,"SPRY",3,"TABR",0,0,0,NA,NA,0
"7446",2012,"SPRY",3,"THPL",0,0,0,NA,NA,0
"7447",2012,"SPRY",3,"TSHE",0,0,0,NA,NA,0
"7448",2012,"SPRY",3,"TSME",48,0,0,NA,NA,0
"7449",2012,"SPRY",4,"ABAM",5,0,0,NA,NA,0
"7450",2012,"SPRY",4,"ABGR",0,0,0,NA,NA,0
"7451",2012,"SPRY",4,"ABLA",0,0,0,NA,NA,0
"7452",2012,"SPRY",4,"ABPR",0,0,0,NA,NA,0
"7453",2012,"SPRY",4,"ACGL",0,0,0,NA,NA,0
"7454",2012,"SPRY",4,"ALRU",0,0,0,NA,NA,0
"7455",2012,"SPRY",4,"CANO",2,0,0,NA,NA,0
"7456",2012,"SPRY",4,"PICO",0,0,0,NA,NA,0
"7457",2012,"SPRY",4,"PIEN",0,0,0,NA,NA,0
"7458",2012,"SPRY",4,"PIMO",0,0,0,NA,NA,0
"7459",2012,"SPRY",4,"PISI",0,0,0,NA,NA,0
"7460",2012,"SPRY",4,"PSME",1,0,0,NA,NA,0
"7461",2012,"SPRY",4,"TABR",0,0,0,NA,NA,0
"7462",2012,"SPRY",4,"THPL",0,0,0,NA,NA,0
"7463",2012,"SPRY",4,"TSHE",0,0,0,NA,NA,0
"7464",2012,"SPRY",4,"TSME",41,0,0,NA,NA,0
"7465",2012,"SPRY",5,"ABAM",9,0,0,NA,NA,0
"7466",2012,"SPRY",5,"ABGR",0,0,0,NA,NA,0
"7467",2012,"SPRY",5,"ABLA",0,0,0,NA,NA,0
"7468",2012,"SPRY",5,"ABPR",0,0,0,NA,NA,0
"7469",2012,"SPRY",5,"ACGL",0,0,0,NA,NA,0
"7470",2012,"SPRY",5,"ALRU",0,0,0,NA,NA,0
"7471",2012,"SPRY",5,"CANO",0,0,0,NA,NA,0
"7472",2012,"SPRY",5,"PICO",0,0,0,NA,NA,0
"7473",2012,"SPRY",5,"PIEN",0,0,0,NA,NA,0
"7474",2012,"SPRY",5,"PIMO",0,0,0,NA,NA,0
"7475",2012,"SPRY",5,"PISI",0,0,0,NA,NA,0
"7476",2012,"SPRY",5,"PSME",0,0,0,NA,NA,0
"7477",2012,"SPRY",5,"TABR",0,0,0,NA,NA,0
"7478",2012,"SPRY",5,"THPL",0,0,0,NA,NA,0
"7479",2012,"SPRY",5,"TSHE",0,0,0,NA,NA,0
"7480",2012,"SPRY",5,"TSME",33,0,0,NA,NA,0
"7481",2012,"SPRY",6,"ABAM",11,0,0,NA,NA,0
"7482",2012,"SPRY",6,"ABGR",0,0,0,NA,NA,0
"7483",2012,"SPRY",6,"ABLA",0,0,0,NA,NA,0
"7484",2012,"SPRY",6,"ABPR",0,0,0,NA,NA,0
"7485",2012,"SPRY",6,"ACGL",0,0,0,NA,NA,0
"7486",2012,"SPRY",6,"ALRU",0,0,0,NA,NA,0
"7487",2012,"SPRY",6,"CANO",0,0,0,NA,NA,0
"7488",2012,"SPRY",6,"PICO",0,0,0,NA,NA,0
"7489",2012,"SPRY",6,"PIEN",0,0,0,NA,NA,0
"7490",2012,"SPRY",6,"PIMO",0,0,0,NA,NA,0
"7491",2012,"SPRY",6,"PISI",0,0,0,NA,NA,0
"7492",2012,"SPRY",6,"PSME",0,0,0,NA,NA,0
"7493",2012,"SPRY",6,"TABR",0,0,0,NA,NA,0
"7494",2012,"SPRY",6,"THPL",0,0,0,NA,NA,0
"7495",2012,"SPRY",6,"TSHE",0,0,0,NA,NA,0
"7496",2012,"SPRY",6,"TSME",32,0,0,NA,NA,0
"7497",2012,"SUNR",1,"ABAM",58,10,0,NA,NA,0
"7498",2012,"SUNR",1,"ABGR",0,0,0,NA,NA,0
"7499",2012,"SUNR",1,"ABLA",20,0,0,NA,NA,0
"7500",2012,"SUNR",1,"ABPR",0,0,0,NA,NA,0
"7501",2012,"SUNR",1,"ACGL",0,0,0,NA,NA,0
"7502",2012,"SUNR",1,"ALRU",0,0,0,NA,NA,0
"7503",2012,"SUNR",1,"CANO",7,0,0,NA,NA,0
"7504",2012,"SUNR",1,"PICO",0,0,0,NA,NA,0
"7505",2012,"SUNR",1,"PIEN",0,0,0,NA,NA,0
"7506",2012,"SUNR",1,"PIMO",0,0,0,NA,NA,0
"7507",2012,"SUNR",1,"PISI",0,0,0,NA,NA,0
"7508",2012,"SUNR",1,"PSME",0,0,0,NA,NA,0
"7509",2012,"SUNR",1,"TABR",0,0,0,NA,NA,0
"7510",2012,"SUNR",1,"THPL",0,0,0,NA,NA,0
"7511",2012,"SUNR",1,"TSHE",0,0,0,NA,NA,0
"7512",2012,"SUNR",1,"TSME",40,0,0,NA,NA,0
"7513",2012,"SUNR",2,"ABAM",34,0,0,NA,NA,0
"7514",2012,"SUNR",2,"ABGR",0,0,0,NA,NA,0
"7515",2012,"SUNR",2,"ABLA",13,12,0,NA,NA,0
"7516",2012,"SUNR",2,"ABPR",0,0,0,NA,NA,0
"7517",2012,"SUNR",2,"ACGL",0,0,0,NA,NA,0
"7518",2012,"SUNR",2,"ALRU",0,0,0,NA,NA,0
"7519",2012,"SUNR",2,"CANO",19,3,1,NA,NA,0
"7520",2012,"SUNR",2,"PICO",0,0,0,NA,NA,0
"7521",2012,"SUNR",2,"PIEN",0,0,0,NA,NA,0
"7522",2012,"SUNR",2,"PIMO",0,0,0,NA,NA,0
"7523",2012,"SUNR",2,"PISI",0,0,0,NA,NA,0
"7524",2012,"SUNR",2,"PSME",0,0,0,NA,NA,0
"7525",2012,"SUNR",2,"TABR",0,0,0,NA,NA,0
"7526",2012,"SUNR",2,"THPL",0,0,0,NA,NA,0
"7527",2012,"SUNR",2,"TSHE",0,0,0,NA,NA,0
"7528",2012,"SUNR",2,"TSME",45,0,0,NA,NA,0
"7529",2012,"SUNR",3,"ABAM",35,6,0,NA,NA,0
"7530",2012,"SUNR",3,"ABGR",0,0,0,NA,NA,0
"7531",2012,"SUNR",3,"ABLA",9,2,0,NA,NA,0
"7532",2012,"SUNR",3,"ABPR",0,0,0,NA,NA,0
"7533",2012,"SUNR",3,"ACGL",0,0,0,NA,NA,0
"7534",2012,"SUNR",3,"ALRU",0,0,0,NA,NA,0
"7535",2012,"SUNR",3,"CANO",26,0,1,NA,NA,0
"7536",2012,"SUNR",3,"PICO",0,0,0,NA,NA,0
"7537",2012,"SUNR",3,"PIEN",0,0,0,NA,NA,0
"7538",2012,"SUNR",3,"PIMO",0,0,0,NA,NA,0
"7539",2012,"SUNR",3,"PISI",0,0,0,NA,NA,0
"7540",2012,"SUNR",3,"PSME",0,0,0,NA,NA,0
"7541",2012,"SUNR",3,"TABR",0,0,0,NA,NA,0
"7542",2012,"SUNR",3,"THPL",0,0,0,NA,NA,0
"7543",2012,"SUNR",3,"TSHE",0,0,0,NA,NA,0
"7544",2012,"SUNR",3,"TSME",26,0,0,NA,NA,0
"7545",2012,"SUNR",4,"ABAM",40,8,0,NA,NA,0
"7546",2012,"SUNR",4,"ABGR",0,0,0,NA,NA,0
"7547",2012,"SUNR",4,"ABLA",27,4,0,NA,NA,0
"7548",2012,"SUNR",4,"ABPR",0,0,0,NA,NA,0
"7549",2012,"SUNR",4,"ACGL",0,0,0,NA,NA,0
"7550",2012,"SUNR",4,"ALRU",0,0,0,NA,NA,0
"7551",2012,"SUNR",4,"CANO",18,0,1,NA,NA,11
"7552",2012,"SUNR",4,"PICO",0,0,0,NA,NA,0
"7553",2012,"SUNR",4,"PIEN",0,0,0,NA,NA,0
"7554",2012,"SUNR",4,"PIMO",0,0,0,NA,NA,0
"7555",2012,"SUNR",4,"PISI",0,0,0,NA,NA,0
"7556",2012,"SUNR",4,"PSME",0,0,0,NA,NA,0
"7557",2012,"SUNR",4,"TABR",0,0,0,NA,NA,0
"7558",2012,"SUNR",4,"THPL",0,0,0,NA,NA,0
"7559",2012,"SUNR",4,"TSHE",0,0,0,NA,NA,0
"7560",2012,"SUNR",4,"TSME",43,0,0,NA,NA,0
"7561",2012,"SUNR",5,"ABAM",32,5,0,NA,NA,0
"7562",2012,"SUNR",5,"ABGR",0,0,0,NA,NA,0
"7563",2012,"SUNR",5,"ABLA",35,9,0,NA,NA,0
"7564",2012,"SUNR",5,"ABPR",0,0,0,NA,NA,0
"7565",2012,"SUNR",5,"ACGL",0,0,0,NA,NA,0
"7566",2012,"SUNR",5,"ALRU",0,0,0,NA,NA,0
"7567",2012,"SUNR",5,"CANO",10,0,0,NA,NA,0
"7568",2012,"SUNR",5,"PICO",0,0,0,NA,NA,0
"7569",2012,"SUNR",5,"PIEN",0,0,0,NA,NA,0
"7570",2012,"SUNR",5,"PIMO",0,0,0,NA,NA,0
"7571",2012,"SUNR",5,"PISI",0,0,0,NA,NA,0
"7572",2012,"SUNR",5,"PSME",0,0,0,NA,NA,0
"7573",2012,"SUNR",5,"TABR",0,0,0,NA,NA,0
"7574",2012,"SUNR",5,"THPL",0,0,0,NA,NA,0
"7575",2012,"SUNR",5,"TSHE",0,0,0,NA,NA,0
"7576",2012,"SUNR",5,"TSME",14,2,1,NA,NA,13
"7577",2012,"SUNR",6,"ABAM",26,6,0,NA,NA,0
"7578",2012,"SUNR",6,"ABGR",0,0,0,NA,NA,0
"7579",2012,"SUNR",6,"ABLA",22,6,0,NA,NA,0
"7580",2012,"SUNR",6,"ABPR",0,0,0,NA,NA,0
"7581",2012,"SUNR",6,"ACGL",0,0,0,NA,NA,0
"7582",2012,"SUNR",6,"ALRU",0,0,0,NA,NA,0
"7583",2012,"SUNR",6,"CANO",2,0,0,NA,NA,0
"7584",2012,"SUNR",6,"PICO",0,0,0,NA,NA,0
"7585",2012,"SUNR",6,"PIEN",0,0,0,NA,NA,0
"7586",2012,"SUNR",6,"PIMO",0,0,0,NA,NA,0
"7587",2012,"SUNR",6,"PISI",0,0,0,NA,NA,0
"7588",2012,"SUNR",6,"PSME",0,0,0,NA,NA,0
"7589",2012,"SUNR",6,"TABR",0,0,0,NA,NA,0
"7590",2012,"SUNR",6,"THPL",0,0,0,NA,NA,0
"7591",2012,"SUNR",6,"TSHE",0,0,0,NA,NA,0
"7592",2012,"SUNR",6,"TSME",27,2,0,NA,NA,0
"7593",2012,"TA01",1,"ABAM",0,0,0,NA,NA,0
"7594",2012,"TA01",1,"ABGR",0,0,0,NA,NA,0
"7595",2012,"TA01",1,"ABLA",0,0,0,NA,NA,0
"7596",2012,"TA01",1,"ABPR",0,0,0,NA,NA,0
"7597",2012,"TA01",1,"ACGL",0,0,0,NA,NA,0
"7598",2012,"TA01",1,"ALRU",0,0,0,NA,NA,0
"7599",2012,"TA01",1,"CANO",0,0,0,NA,NA,0
"7600",2012,"TA01",1,"PICO",0,0,0,NA,NA,0
"7601",2012,"TA01",1,"PIEN",0,0,0,NA,NA,0
"7602",2012,"TA01",1,"PIMO",0,0,0,NA,NA,0
"7603",2012,"TA01",1,"PISI",0,0,0,NA,NA,0
"7604",2012,"TA01",1,"PSME",6,0,1,NA,NA,20
"7605",2012,"TA01",1,"TABR",0,0,0,NA,NA,0
"7606",2012,"TA01",1,"THPL",1,0,0,NA,NA,0
"7607",2012,"TA01",1,"TSHE",37,16,0,NA,NA,0
"7608",2012,"TA01",1,"TSME",0,0,0,NA,NA,0
"7609",2012,"TA01",2,"ABAM",0,0,0,NA,NA,0
"7610",2012,"TA01",2,"ABGR",0,0,0,NA,NA,0
"7611",2012,"TA01",2,"ABLA",0,0,0,NA,NA,0
"7612",2012,"TA01",2,"ABPR",0,0,0,NA,NA,0
"7613",2012,"TA01",2,"ACGL",0,0,0,NA,NA,0
"7614",2012,"TA01",2,"ALRU",0,0,0,NA,NA,0
"7615",2012,"TA01",2,"CANO",0,0,0,NA,NA,0
"7616",2012,"TA01",2,"PICO",0,0,0,NA,NA,0
"7617",2012,"TA01",2,"PIEN",0,0,0,NA,NA,0
"7618",2012,"TA01",2,"PIMO",0,0,0,NA,NA,0
"7619",2012,"TA01",2,"PISI",0,0,0,NA,NA,0
"7620",2012,"TA01",2,"PSME",0,0,0,NA,NA,0
"7621",2012,"TA01",2,"TABR",0,0,0,NA,NA,0
"7622",2012,"TA01",2,"THPL",0,0,0,NA,NA,0
"7623",2012,"TA01",2,"TSHE",17,7,0,NA,NA,0
"7624",2012,"TA01",2,"TSME",0,0,0,NA,NA,0
"7625",2012,"TA01",3,"ABAM",0,0,0,NA,NA,0
"7626",2012,"TA01",3,"ABGR",0,0,0,NA,NA,0
"7627",2012,"TA01",3,"ABLA",0,0,0,NA,NA,0
"7628",2012,"TA01",3,"ABPR",0,0,0,NA,NA,0
"7629",2012,"TA01",3,"ACGL",0,0,0,NA,NA,0
"7630",2012,"TA01",3,"ALRU",0,0,0,NA,NA,0
"7631",2012,"TA01",3,"CANO",0,0,0,NA,NA,0
"7632",2012,"TA01",3,"PICO",0,0,0,NA,NA,0
"7633",2012,"TA01",3,"PIEN",0,0,0,NA,NA,0
"7634",2012,"TA01",3,"PIMO",0,0,0,NA,NA,0
"7635",2012,"TA01",3,"PISI",0,0,0,NA,NA,0
"7636",2012,"TA01",3,"PSME",1,0,0,NA,NA,0
"7637",2012,"TA01",3,"TABR",0,0,0,NA,NA,0
"7638",2012,"TA01",3,"THPL",0,1,0,NA,NA,0
"7639",2012,"TA01",3,"TSHE",36,0,0,NA,NA,0
"7640",2012,"TA01",3,"TSME",0,0,0,NA,NA,0
"7641",2012,"TA01",4,"ABAM",0,0,0,NA,NA,0
"7642",2012,"TA01",4,"ABGR",0,0,0,NA,NA,0
"7643",2012,"TA01",4,"ABLA",0,0,0,NA,NA,0
"7644",2012,"TA01",4,"ABPR",0,0,0,NA,NA,0
"7645",2012,"TA01",4,"ACGL",0,0,0,NA,NA,0
"7646",2012,"TA01",4,"ALRU",0,0,0,NA,NA,0
"7647",2012,"TA01",4,"CANO",0,0,0,NA,NA,0
"7648",2012,"TA01",4,"PICO",0,0,0,NA,NA,0
"7649",2012,"TA01",4,"PIEN",0,0,0,NA,NA,0
"7650",2012,"TA01",4,"PIMO",0,0,0,NA,NA,0
"7651",2012,"TA01",4,"PISI",0,0,0,NA,NA,0
"7652",2012,"TA01",4,"PSME",1,1,0,NA,NA,0
"7653",2012,"TA01",4,"TABR",0,0,0,NA,NA,0
"7654",2012,"TA01",4,"THPL",0,0,0,NA,NA,0
"7655",2012,"TA01",4,"TSHE",18,0,0,NA,NA,0
"7656",2012,"TA01",4,"TSME",0,0,0,NA,NA,0
"7657",2012,"TA01",5,"ABAM",0,0,0,NA,NA,0
"7658",2012,"TA01",5,"ABGR",0,0,0,NA,NA,0
"7659",2012,"TA01",5,"ABLA",0,0,0,NA,NA,0
"7660",2012,"TA01",5,"ABPR",0,0,0,NA,NA,0
"7661",2012,"TA01",5,"ACGL",0,0,0,NA,NA,0
"7662",2012,"TA01",5,"ALRU",0,0,0,NA,NA,0
"7663",2012,"TA01",5,"CANO",0,0,0,NA,NA,0
"7664",2012,"TA01",5,"PICO",0,0,0,NA,NA,0
"7665",2012,"TA01",5,"PIEN",0,0,0,NA,NA,0
"7666",2012,"TA01",5,"PIMO",0,0,0,NA,NA,0
"7667",2012,"TA01",5,"PISI",0,0,0,NA,NA,0
"7668",2012,"TA01",5,"PSME",6,0,0,NA,NA,0
"7669",2012,"TA01",5,"TABR",0,0,0,NA,NA,0
"7670",2012,"TA01",5,"THPL",0,0,0,NA,NA,0
"7671",2012,"TA01",5,"TSHE",24,9,0,NA,NA,0
"7672",2012,"TA01",5,"TSME",0,0,0,NA,NA,0
"7673",2012,"TA01",6,"ABAM",0,0,0,NA,NA,0
"7674",2012,"TA01",6,"ABGR",0,0,0,NA,NA,0
"7675",2012,"TA01",6,"ABLA",0,0,0,NA,NA,0
"7676",2012,"TA01",6,"ABPR",0,0,0,NA,NA,0
"7677",2012,"TA01",6,"ACGL",0,0,0,NA,NA,0
"7678",2012,"TA01",6,"ALRU",0,0,0,NA,NA,0
"7679",2012,"TA01",6,"CANO",0,0,0,NA,NA,0
"7680",2012,"TA01",6,"PICO",0,0,0,NA,NA,0
"7681",2012,"TA01",6,"PIEN",0,0,0,NA,NA,0
"7682",2012,"TA01",6,"PIMO",0,0,0,NA,NA,0
"7683",2012,"TA01",6,"PISI",0,0,0,NA,NA,0
"7684",2012,"TA01",6,"PSME",3,0,0,NA,NA,0
"7685",2012,"TA01",6,"TABR",0,0,0,NA,NA,0
"7686",2012,"TA01",6,"THPL",2,0,0,NA,NA,0
"7687",2012,"TA01",6,"TSHE",42,22,0,NA,NA,0
"7688",2012,"TA01",6,"TSME",0,0,0,NA,NA,0
"7689",2012,"TB13",1,"ABAM",0,0,0,NA,NA,0
"7690",2012,"TB13",1,"ABGR",0,0,0,NA,NA,0
"7691",2012,"TB13",1,"ABLA",0,0,0,NA,NA,0
"7692",2012,"TB13",1,"ABPR",0,0,0,NA,NA,0
"7693",2012,"TB13",1,"ACGL",0,0,0,NA,NA,0
"7694",2012,"TB13",1,"ALRU",0,0,0,NA,NA,0
"7695",2012,"TB13",1,"CANO",0,0,0,NA,NA,0
"7696",2012,"TB13",1,"PICO",0,0,0,NA,NA,0
"7697",2012,"TB13",1,"PIEN",0,0,0,NA,NA,0
"7698",2012,"TB13",1,"PIMO",0,0,0,NA,NA,0
"7699",2012,"TB13",1,"PISI",0,0,0,NA,NA,0
"7700",2012,"TB13",1,"PSME",0,0,0,NA,NA,0
"7701",2012,"TB13",1,"TABR",0,0,0,NA,NA,0
"7702",2012,"TB13",1,"THPL",82,17,0,NA,NA,0
"7703",2012,"TB13",1,"TSHE",192,31,6,NA,NA,5
"7704",2012,"TB13",1,"TSME",0,0,0,NA,NA,0
"7705",2012,"TB13",2,"ABAM",2,0,0,NA,NA,0
"7706",2012,"TB13",2,"ABGR",0,0,0,NA,NA,0
"7707",2012,"TB13",2,"ABLA",0,0,0,NA,NA,0
"7708",2012,"TB13",2,"ABPR",0,0,0,NA,NA,0
"7709",2012,"TB13",2,"ACGL",0,0,0,NA,NA,0
"7710",2012,"TB13",2,"ALRU",0,0,0,NA,NA,0
"7711",2012,"TB13",2,"CANO",0,0,0,NA,NA,0
"7712",2012,"TB13",2,"PICO",0,0,0,NA,NA,0
"7713",2012,"TB13",2,"PIEN",0,0,0,NA,NA,0
"7714",2012,"TB13",2,"PIMO",0,0,0,NA,NA,0
"7715",2012,"TB13",2,"PISI",0,0,0,NA,NA,0
"7716",2012,"TB13",2,"PSME",1,0,0,NA,NA,0
"7717",2012,"TB13",2,"TABR",0,0,0,NA,NA,0
"7718",2012,"TB13",2,"THPL",97,21,0,NA,NA,0
"7719",2012,"TB13",2,"TSHE",142,27,7,NA,NA,5
"7720",2012,"TB13",2,"TSME",0,0,0,NA,NA,0
"7721",2012,"TB13",3,"ABAM",0,0,0,NA,NA,0
"7722",2012,"TB13",3,"ABGR",0,0,0,NA,NA,0
"7723",2012,"TB13",3,"ABLA",0,0,0,NA,NA,0
"7724",2012,"TB13",3,"ABPR",0,0,0,NA,NA,0
"7725",2012,"TB13",3,"ACGL",0,0,0,NA,NA,0
"7726",2012,"TB13",3,"ALRU",0,0,0,NA,NA,0
"7727",2012,"TB13",3,"CANO",0,0,0,NA,NA,0
"7728",2012,"TB13",3,"PICO",0,0,0,NA,NA,0
"7729",2012,"TB13",3,"PIEN",0,0,0,NA,NA,0
"7730",2012,"TB13",3,"PIMO",0,0,0,NA,NA,0
"7731",2012,"TB13",3,"PISI",0,0,0,NA,NA,0
"7732",2012,"TB13",3,"PSME",1,0,0,NA,NA,0
"7733",2012,"TB13",3,"TABR",0,0,0,NA,NA,0
"7734",2012,"TB13",3,"THPL",96,25,0,NA,NA,0
"7735",2012,"TB13",3,"TSHE",205,50,6,NA,NA,8
"7736",2012,"TB13",3,"TSME",0,0,0,NA,NA,0
"7737",2012,"TB13",4,"ABAM",0,0,0,NA,NA,0
"7738",2012,"TB13",4,"ABGR",0,0,0,NA,NA,0
"7739",2012,"TB13",4,"ABLA",0,0,0,NA,NA,0
"7740",2012,"TB13",4,"ABPR",0,0,0,NA,NA,0
"7741",2012,"TB13",4,"ACGL",0,0,0,NA,NA,0
"7742",2012,"TB13",4,"ALRU",0,0,0,NA,NA,0
"7743",2012,"TB13",4,"CANO",0,0,0,NA,NA,0
"7744",2012,"TB13",4,"PICO",0,0,0,NA,NA,0
"7745",2012,"TB13",4,"PIEN",0,0,0,NA,NA,0
"7746",2012,"TB13",4,"PIMO",0,0,0,NA,NA,0
"7747",2012,"TB13",4,"PISI",0,0,0,NA,NA,0
"7748",2012,"TB13",4,"PSME",0,0,0,NA,NA,0
"7749",2012,"TB13",4,"TABR",0,0,0,NA,NA,0
"7750",2012,"TB13",4,"THPL",115,25,3,NA,NA,5
"7751",2012,"TB13",4,"TSHE",214,63,5,NA,NA,2
"7752",2012,"TB13",4,"TSME",0,0,0,NA,NA,0
"7753",2012,"TB13",5,"ABAM",0,0,0,NA,NA,0
"7754",2012,"TB13",5,"ABGR",0,0,0,NA,NA,0
"7755",2012,"TB13",5,"ABLA",0,0,0,NA,NA,0
"7756",2012,"TB13",5,"ABPR",0,0,0,NA,NA,0
"7757",2012,"TB13",5,"ACGL",0,0,0,NA,NA,0
"7758",2012,"TB13",5,"ALRU",0,0,0,NA,NA,0
"7759",2012,"TB13",5,"CANO",0,0,0,NA,NA,0
"7760",2012,"TB13",5,"PICO",0,0,0,NA,NA,0
"7761",2012,"TB13",5,"PIEN",0,0,0,NA,NA,0
"7762",2012,"TB13",5,"PIMO",0,0,0,NA,NA,0
"7763",2012,"TB13",5,"PISI",0,0,0,NA,NA,0
"7764",2012,"TB13",5,"PSME",1,0,0,NA,NA,0
"7765",2012,"TB13",5,"TABR",0,0,0,NA,NA,0
"7766",2012,"TB13",5,"THPL",119,29,6,NA,NA,21
"7767",2012,"TB13",5,"TSHE",277,47,9,NA,NA,14
"7768",2012,"TB13",5,"TSME",0,0,0,NA,NA,0
"7769",2012,"TB13",6,"ABAM",0,0,0,NA,NA,0
"7770",2012,"TB13",6,"ABGR",0,0,0,NA,NA,0
"7771",2012,"TB13",6,"ABLA",0,0,0,NA,NA,0
"7772",2012,"TB13",6,"ABPR",0,0,0,NA,NA,0
"7773",2012,"TB13",6,"ACGL",0,0,0,NA,NA,0
"7774",2012,"TB13",6,"ALRU",0,0,0,NA,NA,0
"7775",2012,"TB13",6,"CANO",0,0,0,NA,NA,0
"7776",2012,"TB13",6,"PICO",0,0,0,NA,NA,0
"7777",2012,"TB13",6,"PIEN",0,0,0,NA,NA,0
"7778",2012,"TB13",6,"PIMO",0,0,0,NA,NA,0
"7779",2012,"TB13",6,"PISI",0,0,0,NA,NA,0
"7780",2012,"TB13",6,"PSME",1,0,0,NA,NA,0
"7781",2012,"TB13",6,"TABR",0,0,0,NA,NA,0
"7782",2012,"TB13",6,"THPL",85,32,6,NA,NA,1
"7783",2012,"TB13",6,"TSHE",164,48,13,NA,NA,25
"7784",2012,"TB13",6,"TSME",0,0,0,NA,NA,0
"7785",2012,"TO04",1,"ABAM",0,1,0,NA,NA,0
"7786",2012,"TO04",1,"ABGR",0,0,0,NA,NA,0
"7787",2012,"TO04",1,"ABLA",0,0,0,NA,NA,0
"7788",2012,"TO04",1,"ABPR",0,0,0,NA,NA,0
"7789",2012,"TO04",1,"ACGL",0,0,0,NA,NA,0
"7790",2012,"TO04",1,"ALRU",0,0,0,NA,NA,0
"7791",2012,"TO04",1,"CANO",0,0,0,NA,NA,0
"7792",2012,"TO04",1,"PICO",0,0,0,NA,NA,0
"7793",2012,"TO04",1,"PIEN",0,0,0,NA,NA,0
"7794",2012,"TO04",1,"PIMO",0,0,0,NA,NA,0
"7795",2012,"TO04",1,"PISI",0,0,0,NA,NA,0
"7796",2012,"TO04",1,"PSME",2,1,0,NA,NA,0
"7797",2012,"TO04",1,"TABR",0,0,0,NA,NA,0
"7798",2012,"TO04",1,"THPL",156,35,0,NA,NA,0
"7799",2012,"TO04",1,"TSHE",390,37,22,NA,NA,74
"7800",2012,"TO04",1,"TSME",0,0,0,NA,NA,0
"7801",2012,"TO04",2,"ABAM",0,0,0,NA,NA,0
"7802",2012,"TO04",2,"ABGR",0,0,0,NA,NA,0
"7803",2012,"TO04",2,"ABLA",0,0,0,NA,NA,0
"7804",2012,"TO04",2,"ABPR",0,0,0,NA,NA,0
"7805",2012,"TO04",2,"ACGL",0,0,0,NA,NA,0
"7806",2012,"TO04",2,"ALRU",0,0,0,NA,NA,0
"7807",2012,"TO04",2,"CANO",0,0,0,NA,NA,0
"7808",2012,"TO04",2,"PICO",0,0,0,NA,NA,0
"7809",2012,"TO04",2,"PIEN",0,0,0,NA,NA,0
"7810",2012,"TO04",2,"PIMO",0,0,0,NA,NA,0
"7811",2012,"TO04",2,"PISI",0,0,0,NA,NA,0
"7812",2012,"TO04",2,"PSME",4,0,0,NA,NA,0
"7813",2012,"TO04",2,"TABR",0,0,0,NA,NA,0
"7814",2012,"TO04",2,"THPL",148,11,1,NA,NA,12
"7815",2012,"TO04",2,"TSHE",46,133,55,NA,NA,110
"7816",2012,"TO04",2,"TSME",0,0,0,NA,NA,0
"7817",2012,"TO04",3,"ABAM",1,0,0,NA,NA,0
"7818",2012,"TO04",3,"ABGR",0,0,0,NA,NA,0
"7819",2012,"TO04",3,"ABLA",0,0,0,NA,NA,0
"7820",2012,"TO04",3,"ABPR",0,0,0,NA,NA,0
"7821",2012,"TO04",3,"ACGL",0,0,0,NA,NA,0
"7822",2012,"TO04",3,"ALRU",0,0,0,NA,NA,0
"7823",2012,"TO04",3,"CANO",0,0,0,NA,NA,0
"7824",2012,"TO04",3,"PICO",0,0,0,NA,NA,0
"7825",2012,"TO04",3,"PIEN",0,0,0,NA,NA,0
"7826",2012,"TO04",3,"PIMO",0,0,0,NA,NA,0
"7827",2012,"TO04",3,"PISI",0,0,0,NA,NA,0
"7828",2012,"TO04",3,"PSME",2,0,0,NA,NA,0
"7829",2012,"TO04",3,"TABR",0,0,0,NA,NA,0
"7830",2012,"TO04",3,"THPL",172,22,3,NA,NA,0
"7831",2012,"TO04",3,"TSHE",247,112,8,NA,NA,14
"7832",2012,"TO04",3,"TSME",0,0,0,NA,NA,0
"7833",2012,"TO04",4,"ABAM",4,1,0,NA,NA,0
"7834",2012,"TO04",4,"ABGR",0,0,0,NA,NA,0
"7835",2012,"TO04",4,"ABLA",0,0,0,NA,NA,0
"7836",2012,"TO04",4,"ABPR",0,0,0,NA,NA,0
"7837",2012,"TO04",4,"ACGL",0,0,0,NA,NA,0
"7838",2012,"TO04",4,"ALRU",0,0,0,NA,NA,0
"7839",2012,"TO04",4,"CANO",0,0,0,NA,NA,0
"7840",2012,"TO04",4,"PICO",0,0,0,NA,NA,0
"7841",2012,"TO04",4,"PIEN",0,0,0,NA,NA,0
"7842",2012,"TO04",4,"PIMO",0,0,0,NA,NA,0
"7843",2012,"TO04",4,"PISI",0,0,0,NA,NA,0
"7844",2012,"TO04",4,"PSME",0,0,0,NA,NA,0
"7845",2012,"TO04",4,"TABR",0,0,0,NA,NA,0
"7846",2012,"TO04",4,"THPL",211,65,2,NA,NA,0
"7847",2012,"TO04",4,"TSHE",194,71,5,NA,NA,8
"7848",2012,"TO04",4,"TSME",0,0,0,NA,NA,0
"7849",2012,"TO04",5,"ABAM",0,0,0,NA,NA,0
"7850",2012,"TO04",5,"ABGR",0,0,0,NA,NA,0
"7851",2012,"TO04",5,"ABLA",0,0,0,NA,NA,0
"7852",2012,"TO04",5,"ABPR",0,0,0,NA,NA,0
"7853",2012,"TO04",5,"ACGL",0,0,0,NA,NA,0
"7854",2012,"TO04",5,"ALRU",0,0,0,NA,NA,0
"7855",2012,"TO04",5,"CANO",0,0,0,NA,NA,0
"7856",2012,"TO04",5,"PICO",0,0,0,NA,NA,0
"7857",2012,"TO04",5,"PIEN",0,0,0,NA,NA,0
"7858",2012,"TO04",5,"PIMO",0,0,0,NA,NA,0
"7859",2012,"TO04",5,"PISI",0,0,0,NA,NA,0
"7860",2012,"TO04",5,"PSME",7,2,0,NA,NA,0
"7861",2012,"TO04",5,"TABR",0,0,0,NA,NA,0
"7862",2012,"TO04",5,"THPL",261,32,3,NA,NA,7
"7863",2012,"TO04",5,"TSHE",103,80,7,NA,NA,6
"7864",2012,"TO04",5,"TSME",0,0,0,NA,NA,0
"7865",2012,"TO04",6,"ABAM",0,0,0,NA,NA,0
"7866",2012,"TO04",6,"ABGR",0,0,0,NA,NA,0
"7867",2012,"TO04",6,"ABLA",0,0,0,NA,NA,0
"7868",2012,"TO04",6,"ABPR",0,0,0,NA,NA,0
"7869",2012,"TO04",6,"ACGL",0,0,0,NA,NA,0
"7870",2012,"TO04",6,"ALRU",0,0,0,NA,NA,0
"7871",2012,"TO04",6,"CANO",0,0,0,NA,NA,0
"7872",2012,"TO04",6,"PICO",0,0,0,NA,NA,0
"7873",2012,"TO04",6,"PIEN",0,0,0,NA,NA,0
"7874",2012,"TO04",6,"PIMO",0,0,0,NA,NA,0
"7875",2012,"TO04",6,"PISI",0,0,0,NA,NA,0
"7876",2012,"TO04",6,"PSME",4,1,0,NA,NA,0
"7877",2012,"TO04",6,"TABR",0,0,0,NA,NA,0
"7878",2012,"TO04",6,"THPL",350,72,5,NA,NA,9
"7879",2012,"TO04",6,"TSHE",161,37,0,NA,NA,0
"7880",2012,"TO04",6,"TSME",0,0,0,NA,NA,0
"7881",2012,"TO11",1,"ABAM",1,0,0,NA,NA,0
"7882",2012,"TO11",1,"ABGR",0,0,0,NA,NA,0
"7883",2012,"TO11",1,"ABLA",0,0,0,NA,NA,0
"7884",2012,"TO11",1,"ABPR",0,0,0,NA,NA,0
"7885",2012,"TO11",1,"ACGL",0,0,0,NA,NA,0
"7886",2012,"TO11",1,"ALRU",0,0,0,NA,NA,0
"7887",2012,"TO11",1,"CANO",0,0,0,NA,NA,0
"7888",2012,"TO11",1,"PICO",0,0,0,NA,NA,0
"7889",2012,"TO11",1,"PIEN",0,0,0,NA,NA,0
"7890",2012,"TO11",1,"PIMO",0,0,0,NA,NA,0
"7891",2012,"TO11",1,"PISI",0,0,0,NA,NA,0
"7892",2012,"TO11",1,"PSME",2,0,2,NA,NA,2
"7893",2012,"TO11",1,"TABR",0,0,0,NA,NA,0
"7894",2012,"TO11",1,"THPL",19,2,0,NA,NA,0
"7895",2012,"TO11",1,"TSHE",323,27,11,NA,NA,7
"7896",2012,"TO11",1,"TSME",0,0,0,NA,NA,0
"7897",2012,"TO11",2,"ABAM",0,0,0,NA,NA,0
"7898",2012,"TO11",2,"ABGR",0,0,0,NA,NA,0
"7899",2012,"TO11",2,"ABLA",0,0,0,NA,NA,0
"7900",2012,"TO11",2,"ABPR",0,0,0,NA,NA,0
"7901",2012,"TO11",2,"ACGL",0,0,0,NA,NA,0
"7902",2012,"TO11",2,"ALRU",0,0,0,NA,NA,0
"7903",2012,"TO11",2,"CANO",0,0,0,NA,NA,0
"7904",2012,"TO11",2,"PICO",0,0,0,NA,NA,0
"7905",2012,"TO11",2,"PIEN",0,0,0,NA,NA,0
"7906",2012,"TO11",2,"PIMO",0,0,0,NA,NA,0
"7907",2012,"TO11",2,"PISI",0,0,0,NA,NA,0
"7908",2012,"TO11",2,"PSME",3,0,0,NA,NA,0
"7909",2012,"TO11",2,"TABR",0,0,0,NA,NA,0
"7910",2012,"TO11",2,"THPL",14,6,0,NA,NA,0
"7911",2012,"TO11",2,"TSHE",354,32,12,NA,NA,44
"7912",2012,"TO11",2,"TSME",0,0,0,NA,NA,0
"7913",2012,"TO11",3,"ABAM",0,0,0,NA,NA,0
"7914",2012,"TO11",3,"ABGR",0,0,0,NA,NA,0
"7915",2012,"TO11",3,"ABLA",0,0,0,NA,NA,0
"7916",2012,"TO11",3,"ABPR",0,0,0,NA,NA,0
"7917",2012,"TO11",3,"ACGL",0,0,0,NA,NA,0
"7918",2012,"TO11",3,"ALRU",0,0,0,NA,NA,0
"7919",2012,"TO11",3,"CANO",0,0,0,NA,NA,0
"7920",2012,"TO11",3,"PICO",0,0,0,NA,NA,0
"7921",2012,"TO11",3,"PIEN",0,0,0,NA,NA,0
"7922",2012,"TO11",3,"PIMO",0,0,0,NA,NA,0
"7923",2012,"TO11",3,"PISI",0,0,0,NA,NA,0
"7924",2012,"TO11",3,"PSME",3,1,1,NA,NA,5
"7925",2012,"TO11",3,"TABR",0,0,0,NA,NA,0
"7926",2012,"TO11",3,"THPL",23,5,0,NA,NA,0
"7927",2012,"TO11",3,"TSHE",321,25,32,NA,NA,83
"7928",2012,"TO11",3,"TSME",0,0,0,NA,NA,0
"7929",2012,"TO11",4,"ABAM",0,0,0,NA,NA,0
"7930",2012,"TO11",4,"ABGR",0,0,0,NA,NA,0
"7931",2012,"TO11",4,"ABLA",0,0,0,NA,NA,0
"7932",2012,"TO11",4,"ABPR",0,0,0,NA,NA,0
"7933",2012,"TO11",4,"ACGL",0,0,0,NA,NA,0
"7934",2012,"TO11",4,"ALRU",0,0,0,NA,NA,0
"7935",2012,"TO11",4,"CANO",0,0,0,NA,NA,0
"7936",2012,"TO11",4,"PICO",0,0,0,NA,NA,0
"7937",2012,"TO11",4,"PIEN",0,0,0,NA,NA,0
"7938",2012,"TO11",4,"PIMO",0,0,0,NA,NA,0
"7939",2012,"TO11",4,"PISI",0,0,0,NA,NA,0
"7940",2012,"TO11",4,"PSME",3,0,0,NA,NA,0
"7941",2012,"TO11",4,"TABR",0,0,0,NA,NA,0
"7942",2012,"TO11",4,"THPL",10,5,0,NA,NA,0
"7943",2012,"TO11",4,"TSHE",299,62,27,NA,NA,34
"7944",2012,"TO11",4,"TSME",0,0,0,NA,NA,0
"7945",2012,"TO11",5,"ABAM",0,0,0,NA,NA,0
"7946",2012,"TO11",5,"ABGR",0,0,0,NA,NA,0
"7947",2012,"TO11",5,"ABLA",0,0,0,NA,NA,0
"7948",2012,"TO11",5,"ABPR",0,0,0,NA,NA,0
"7949",2012,"TO11",5,"ACGL",0,0,0,NA,NA,0
"7950",2012,"TO11",5,"ALRU",0,0,0,NA,NA,0
"7951",2012,"TO11",5,"CANO",0,0,0,NA,NA,0
"7952",2012,"TO11",5,"PICO",0,0,0,NA,NA,0
"7953",2012,"TO11",5,"PIEN",0,0,0,NA,NA,0
"7954",2012,"TO11",5,"PIMO",0,0,0,NA,NA,0
"7955",2012,"TO11",5,"PISI",0,0,0,NA,NA,0
"7956",2012,"TO11",5,"PSME",1,1,1,NA,NA,0
"7957",2012,"TO11",5,"TABR",0,0,0,NA,NA,0
"7958",2012,"TO11",5,"THPL",17,4,0,NA,NA,0
"7959",2012,"TO11",5,"TSHE",318,32,28,NA,NA,27
"7960",2012,"TO11",5,"TSME",0,0,0,NA,NA,0
"7961",2012,"TO11",6,"ABAM",0,0,0,NA,NA,0
"7962",2012,"TO11",6,"ABGR",0,0,0,NA,NA,0
"7963",2012,"TO11",6,"ABLA",0,0,0,NA,NA,0
"7964",2012,"TO11",6,"ABPR",0,0,0,NA,NA,0
"7965",2012,"TO11",6,"ACGL",0,0,0,NA,NA,0
"7966",2012,"TO11",6,"ALRU",0,0,0,NA,NA,0
"7967",2012,"TO11",6,"CANO",0,0,0,NA,NA,0
"7968",2012,"TO11",6,"PICO",0,0,0,NA,NA,0
"7969",2012,"TO11",6,"PIEN",0,0,0,NA,NA,0
"7970",2012,"TO11",6,"PIMO",0,0,0,NA,NA,0
"7971",2012,"TO11",6,"PISI",5,0,0,NA,NA,0
"7972",2012,"TO11",6,"PSME",5,0,0,NA,NA,0
"7973",2012,"TO11",6,"TABR",0,0,0,NA,NA,0
"7974",2012,"TO11",6,"THPL",14,4,0,NA,NA,0
"7975",2012,"TO11",6,"TSHE",199,120,6,NA,NA,6
"7976",2012,"TO11",6,"TSME",0,0,0,NA,NA,0
"7977",2013,"AB08",1,"ABAM",0,0,0,0,0,0
"7978",2013,"AB08",1,"ABGR",0,0,0,0,0,0
"7979",2013,"AB08",1,"ABLA",0,0,0,0,0,0
"7980",2013,"AB08",1,"ABPR",0,0,0,0,0,0
"7981",2013,"AB08",1,"ACGL",0,0,0,0,0,0
"7982",2013,"AB08",1,"ALRU",0,0,0,0,0,0
"7983",2013,"AB08",1,"CANO",0,0,0,0,0,0
"7984",2013,"AB08",1,"PICO",0,0,0,0,0,0
"7985",2013,"AB08",1,"PIEN",0,0,0,0,0,0
"7986",2013,"AB08",1,"PIMO",0,0,0,0,0,0
"7987",2013,"AB08",1,"PISI",0,0,0,0,0,0
"7988",2013,"AB08",1,"PSME",1,0,0,0,0,0
"7989",2013,"AB08",1,"TABR",0,0,0,0,0,0
"7990",2013,"AB08",1,"THPL",1,4,0,0,0,0
"7991",2013,"AB08",1,"TSHE",6,7,5,0,0,0
"7992",2013,"AB08",1,"TSME",0,0,0,0,0,0
"7993",2013,"AB08",2,"ABAM",0,0,0,0,0,0
"7994",2013,"AB08",2,"ABGR",0,0,0,0,0,0
"7995",2013,"AB08",2,"ABLA",0,0,0,0,0,0
"7996",2013,"AB08",2,"ABPR",0,0,0,0,0,0
"7997",2013,"AB08",2,"ACGL",0,0,0,0,0,0
"7998",2013,"AB08",2,"ALRU",0,0,0,0,0,0
"7999",2013,"AB08",2,"CANO",0,0,0,0,0,0
"8000",2013,"AB08",2,"PICO",0,0,0,0,0,0
"8001",2013,"AB08",2,"PIEN",0,0,0,0,0,0
"8002",2013,"AB08",2,"PIMO",0,0,0,0,0,0
"8003",2013,"AB08",2,"PISI",0,0,0,0,0,0
"8004",2013,"AB08",2,"PSME",0,0,0,0,0,0
"8005",2013,"AB08",2,"TABR",0,0,0,0,0,0
"8006",2013,"AB08",2,"THPL",1,0,0,0,0,0
"8007",2013,"AB08",2,"TSHE",9,12,5,0,0,0
"8008",2013,"AB08",2,"TSME",0,0,0,0,0,0
"8009",2013,"AB08",3,"ABAM",0,0,0,0,0,0
"8010",2013,"AB08",3,"ABGR",0,0,0,0,0,0
"8011",2013,"AB08",3,"ABLA",0,0,0,0,0,0
"8012",2013,"AB08",3,"ABPR",0,0,0,0,0,0
"8013",2013,"AB08",3,"ACGL",0,0,0,0,0,0
"8014",2013,"AB08",3,"ALRU",0,0,0,0,0,0
"8015",2013,"AB08",3,"CANO",1,0,0,0,0,0
"8016",2013,"AB08",3,"PICO",0,0,0,0,0,0
"8017",2013,"AB08",3,"PIEN",0,0,0,0,0,0
"8018",2013,"AB08",3,"PIMO",0,0,0,0,0,0
"8019",2013,"AB08",3,"PISI",0,0,0,0,0,0
"8020",2013,"AB08",3,"PSME",0,0,0,0,0,0
"8021",2013,"AB08",3,"TABR",0,0,0,0,0,0
"8022",2013,"AB08",3,"THPL",2,13,0,0,0,0
"8023",2013,"AB08",3,"TSHE",15,8,0,0,0,0
"8024",2013,"AB08",3,"TSME",0,0,0,0,0,0
"8025",2013,"AB08",4,"ABAM",0,0,0,0,0,0
"8026",2013,"AB08",4,"ABGR",0,0,0,0,0,0
"8027",2013,"AB08",4,"ABLA",0,0,0,0,0,0
"8028",2013,"AB08",4,"ABPR",0,0,0,0,0,0
"8029",2013,"AB08",4,"ACGL",0,0,0,0,0,0
"8030",2013,"AB08",4,"ALRU",0,0,0,0,0,0
"8031",2013,"AB08",4,"CANO",0,0,0,0,0,0
"8032",2013,"AB08",4,"PICO",0,0,0,0,0,0
"8033",2013,"AB08",4,"PIEN",0,0,0,0,0,0
"8034",2013,"AB08",4,"PIMO",0,0,0,0,0,0
"8035",2013,"AB08",4,"PISI",0,0,0,0,0,0
"8036",2013,"AB08",4,"PSME",1,0,0,0,0,0
"8037",2013,"AB08",4,"TABR",0,0,0,0,0,0
"8038",2013,"AB08",4,"THPL",0,10,0,0,0,0
"8039",2013,"AB08",4,"TSHE",24,12,10,0,0,0
"8040",2013,"AB08",4,"TSME",0,0,0,0,0,0
"8041",2013,"AB08",5,"ABAM",0,0,0,0,0,0
"8042",2013,"AB08",5,"ABGR",0,0,0,0,0,0
"8043",2013,"AB08",5,"ABLA",0,0,0,0,0,0
"8044",2013,"AB08",5,"ABPR",0,0,0,0,0,0
"8045",2013,"AB08",5,"ACGL",0,0,0,0,0,0
"8046",2013,"AB08",5,"ALRU",0,0,0,0,0,0
"8047",2013,"AB08",5,"CANO",0,0,0,0,0,0
"8048",2013,"AB08",5,"PICO",0,0,0,0,0,0
"8049",2013,"AB08",5,"PIEN",0,0,0,0,0,0
"8050",2013,"AB08",5,"PIMO",0,0,0,0,0,0
"8051",2013,"AB08",5,"PISI",0,0,0,0,0,0
"8052",2013,"AB08",5,"PSME",0,0,0,0,0,0
"8053",2013,"AB08",5,"TABR",0,0,0,0,0,0
"8054",2013,"AB08",5,"THPL",4,5,0,0,0,0
"8055",2013,"AB08",5,"TSHE",0,2,5,0,0,0
"8056",2013,"AB08",5,"TSME",0,0,0,0,0,0
"8057",2013,"AB08",6,"ABAM",0,0,0,0,0,0
"8058",2013,"AB08",6,"ABGR",0,0,0,0,0,0
"8059",2013,"AB08",6,"ABLA",0,0,0,0,0,0
"8060",2013,"AB08",6,"ABPR",0,0,0,0,0,0
"8061",2013,"AB08",6,"ACGL",0,0,0,0,0,0
"8062",2013,"AB08",6,"ALRU",0,0,0,0,0,0
"8063",2013,"AB08",6,"CANO",0,0,0,0,0,0
"8064",2013,"AB08",6,"PICO",0,0,0,0,0,0
"8065",2013,"AB08",6,"PIEN",0,0,0,0,0,0
"8066",2013,"AB08",6,"PIMO",0,0,0,0,0,0
"8067",2013,"AB08",6,"PISI",0,0,0,0,0,0
"8068",2013,"AB08",6,"PSME",0,1,0,0,0,0
"8069",2013,"AB08",6,"TABR",0,0,0,0,0,0
"8070",2013,"AB08",6,"THPL",1,5,0,0,0,0
"8071",2013,"AB08",6,"TSHE",6,5,16,0,0,0
"8072",2013,"AB08",6,"TSME",0,0,0,0,0,0
"8073",2013,"AE10",1,"ABAM",2,1,0,0,0,0
"8074",2013,"AE10",1,"ABGR",0,0,0,0,0,0
"8075",2013,"AE10",1,"ABLA",0,0,0,0,0,0
"8076",2013,"AE10",1,"ABPR",0,0,0,0,0,0
"8077",2013,"AE10",1,"ACGL",0,0,0,0,0,0
"8078",2013,"AE10",1,"ALRU",0,0,0,0,0,0
"8079",2013,"AE10",1,"CANO",1,1,0,0,0,0
"8080",2013,"AE10",1,"PICO",0,0,0,0,0,0
"8081",2013,"AE10",1,"PIEN",0,0,0,0,0,0
"8082",2013,"AE10",1,"PIMO",0,0,0,0,0,0
"8083",2013,"AE10",1,"PISI",0,0,0,0,0,0
"8084",2013,"AE10",1,"PSME",0,0,0,0,0,0
"8085",2013,"AE10",1,"TABR",0,0,0,0,0,0
"8086",2013,"AE10",1,"THPL",0,0,0,0,0,0
"8087",2013,"AE10",1,"TSHE",0,0,0,0,0,0
"8088",2013,"AE10",1,"TSME",0,2,0,0,0,0
"8089",2013,"AE10",2,"ABAM",1,2,0,0,0,0
"8090",2013,"AE10",2,"ABGR",0,0,0,0,0,0
"8091",2013,"AE10",2,"ABLA",0,0,0,0,0,0
"8092",2013,"AE10",2,"ABPR",2,0,1,0,0,0
"8093",2013,"AE10",2,"ACGL",0,0,0,0,0,0
"8094",2013,"AE10",2,"ALRU",0,0,0,0,0,0
"8095",2013,"AE10",2,"CANO",0,0,0,0,0,0
"8096",2013,"AE10",2,"PICO",0,0,0,0,0,0
"8097",2013,"AE10",2,"PIEN",0,0,0,0,0,0
"8098",2013,"AE10",2,"PIMO",0,0,0,0,0,0
"8099",2013,"AE10",2,"PISI",0,0,0,0,0,0
"8100",2013,"AE10",2,"PSME",0,0,0,0,0,0
"8101",2013,"AE10",2,"TABR",0,0,0,0,0,0
"8102",2013,"AE10",2,"THPL",0,0,0,0,0,0
"8103",2013,"AE10",2,"TSHE",0,0,0,0,0,0
"8104",2013,"AE10",2,"TSME",0,0,0,0,0,0
"8105",2013,"AE10",3,"ABAM",0,0,0,0,0,0
"8106",2013,"AE10",3,"ABGR",0,0,0,0,0,0
"8107",2013,"AE10",3,"ABLA",0,0,0,0,0,0
"8108",2013,"AE10",3,"ABPR",1,0,0,0,0,0
"8109",2013,"AE10",3,"ACGL",0,0,0,0,0,0
"8110",2013,"AE10",3,"ALRU",0,0,0,0,0,0
"8111",2013,"AE10",3,"CANO",1,1,0,0,0,0
"8112",2013,"AE10",3,"PICO",0,0,0,0,0,0
"8113",2013,"AE10",3,"PIEN",0,0,0,0,0,0
"8114",2013,"AE10",3,"PIMO",0,0,0,0,0,0
"8115",2013,"AE10",3,"PISI",0,0,0,0,0,0
"8116",2013,"AE10",3,"PSME",0,0,0,0,0,0
"8117",2013,"AE10",3,"TABR",0,0,0,0,0,0
"8118",2013,"AE10",3,"THPL",0,0,0,0,0,0
"8119",2013,"AE10",3,"TSHE",0,0,0,0,0,0
"8120",2013,"AE10",3,"TSME",0,1,0,0,0,0
"8121",2013,"AE10",4,"ABAM",2,0,0,0,0,0
"8122",2013,"AE10",4,"ABGR",0,0,0,0,0,0
"8123",2013,"AE10",4,"ABLA",0,0,0,0,0,0
"8124",2013,"AE10",4,"ABPR",0,0,0,0,0,0
"8125",2013,"AE10",4,"ACGL",0,0,0,0,0,0
"8126",2013,"AE10",4,"ALRU",0,0,0,0,0,0
"8127",2013,"AE10",4,"CANO",0,0,0,0,0,0
"8128",2013,"AE10",4,"PICO",0,0,0,0,0,0
"8129",2013,"AE10",4,"PIEN",0,0,0,0,0,0
"8130",2013,"AE10",4,"PIMO",0,0,0,0,0,0
"8131",2013,"AE10",4,"PISI",0,0,0,0,0,0
"8132",2013,"AE10",4,"PSME",0,0,0,0,0,0
"8133",2013,"AE10",4,"TABR",0,0,0,0,0,0
"8134",2013,"AE10",4,"THPL",0,0,0,0,0,0
"8135",2013,"AE10",4,"TSHE",0,0,0,0,0,0
"8136",2013,"AE10",4,"TSME",1,2,0,0,0,0
"8137",2013,"AE10",5,"ABAM",2,1,0,0,0,0
"8138",2013,"AE10",5,"ABGR",0,0,0,0,0,0
"8139",2013,"AE10",5,"ABLA",0,0,0,0,0,0
"8140",2013,"AE10",5,"ABPR",0,0,0,0,0,0
"8141",2013,"AE10",5,"ACGL",0,0,0,0,0,0
"8142",2013,"AE10",5,"ALRU",0,0,0,0,0,0
"8143",2013,"AE10",5,"CANO",0,0,0,0,0,0
"8144",2013,"AE10",5,"PICO",0,0,0,0,0,0
"8145",2013,"AE10",5,"PIEN",0,0,0,0,0,0
"8146",2013,"AE10",5,"PIMO",0,0,0,0,0,0
"8147",2013,"AE10",5,"PISI",0,0,0,0,0,0
"8148",2013,"AE10",5,"PSME",0,0,0,0,0,0
"8149",2013,"AE10",5,"TABR",0,0,0,0,0,0
"8150",2013,"AE10",5,"THPL",0,0,0,0,0,0
"8151",2013,"AE10",5,"TSHE",0,0,0,0,0,0
"8152",2013,"AE10",5,"TSME",0,2,0,0,0,0
"8153",2013,"AE10",6,"ABAM",0,0,0,0,0,0
"8154",2013,"AE10",6,"ABGR",0,0,0,0,0,0
"8155",2013,"AE10",6,"ABLA",0,0,0,0,0,0
"8156",2013,"AE10",6,"ABPR",0,0,0,0,0,0
"8157",2013,"AE10",6,"ACGL",0,0,0,0,0,0
"8158",2013,"AE10",6,"ALRU",0,0,0,0,0,0
"8159",2013,"AE10",6,"CANO",1,0,0,0,0,0
"8160",2013,"AE10",6,"PICO",0,0,0,0,0,0
"8161",2013,"AE10",6,"PIEN",0,0,0,0,0,0
"8162",2013,"AE10",6,"PIMO",0,0,0,0,0,0
"8163",2013,"AE10",6,"PISI",0,0,0,0,0,0
"8164",2013,"AE10",6,"PSME",0,0,0,0,0,0
"8165",2013,"AE10",6,"TABR",0,0,0,0,0,0
"8166",2013,"AE10",6,"THPL",0,0,0,0,0,0
"8167",2013,"AE10",6,"TSHE",0,0,0,0,0,0
"8168",2013,"AE10",6,"TSME",2,1,0,0,0,0
"8169",2013,"AG05",1,"ABAM",0,0,0,0,0,0
"8170",2013,"AG05",1,"ABGR",0,0,0,0,0,0
"8171",2013,"AG05",1,"ABLA",0,0,0,0,0,0
"8172",2013,"AG05",1,"ABPR",0,0,0,0,0,0
"8173",2013,"AG05",1,"ACGL",0,0,0,0,0,0
"8174",2013,"AG05",1,"ALRU",0,0,0,0,0,0
"8175",2013,"AG05",1,"CANO",0,0,0,0,0,0
"8176",2013,"AG05",1,"PICO",0,0,0,0,0,0
"8177",2013,"AG05",1,"PIEN",0,0,0,0,0,0
"8178",2013,"AG05",1,"PIMO",0,0,0,0,0,0
"8179",2013,"AG05",1,"PISI",0,0,0,0,0,0
"8180",2013,"AG05",1,"PSME",2,0,0,0,0,0
"8181",2013,"AG05",1,"TABR",0,0,0,0,0,0
"8182",2013,"AG05",1,"THPL",15,20,5,0,0,0
"8183",2013,"AG05",1,"TSHE",1,2,0,0,0,0
"8184",2013,"AG05",1,"TSME",0,0,0,0,0,0
"8185",2013,"AG05",2,"ABAM",2,0,0,0,0,0
"8186",2013,"AG05",2,"ABGR",0,0,0,0,0,0
"8187",2013,"AG05",2,"ABLA",0,0,0,0,0,0
"8188",2013,"AG05",2,"ABPR",0,0,0,0,0,0
"8189",2013,"AG05",2,"ACGL",0,0,0,0,0,0
"8190",2013,"AG05",2,"ALRU",0,0,0,0,0,0
"8191",2013,"AG05",2,"CANO",0,0,0,0,0,0
"8192",2013,"AG05",2,"PICO",0,0,0,0,0,0
"8193",2013,"AG05",2,"PIEN",0,0,0,0,0,0
"8194",2013,"AG05",2,"PIMO",0,0,0,0,0,0
"8195",2013,"AG05",2,"PISI",0,0,0,0,0,0
"8196",2013,"AG05",2,"PSME",1,0,0,0,0,0
"8197",2013,"AG05",2,"TABR",0,0,0,0,0,0
"8198",2013,"AG05",2,"THPL",5,18,5,0,0,0
"8199",2013,"AG05",2,"TSHE",2,5,0,0,0,0
"8200",2013,"AG05",2,"TSME",0,0,0,0,0,0
"8201",2013,"AG05",3,"ABAM",3,1,0,0,0,0
"8202",2013,"AG05",3,"ABGR",0,0,0,0,0,0
"8203",2013,"AG05",3,"ABLA",0,0,0,0,0,0
"8204",2013,"AG05",3,"ABPR",0,0,0,0,0,0
"8205",2013,"AG05",3,"ACGL",0,0,0,0,0,0
"8206",2013,"AG05",3,"ALRU",0,0,0,0,0,0
"8207",2013,"AG05",3,"CANO",0,0,0,0,0,0
"8208",2013,"AG05",3,"PICO",0,0,0,0,0,0
"8209",2013,"AG05",3,"PIEN",0,0,0,0,0,0
"8210",2013,"AG05",3,"PIMO",0,0,0,0,0,0
"8211",2013,"AG05",3,"PISI",0,0,0,0,0,0
"8212",2013,"AG05",3,"PSME",1,0,0,0,0,0
"8213",2013,"AG05",3,"TABR",0,0,0,0,0,0
"8214",2013,"AG05",3,"THPL",0,0,5,5,0,5
"8215",2013,"AG05",3,"TSHE",3,0,0,0,0,0
"8216",2013,"AG05",3,"TSME",0,0,0,0,0,0
"8217",2013,"AG05",4,"ABAM",1,0,0,0,0,0
"8218",2013,"AG05",4,"ABGR",0,0,0,0,0,0
"8219",2013,"AG05",4,"ABLA",0,0,0,0,0,0
"8220",2013,"AG05",4,"ABPR",0,0,0,0,0,0
"8221",2013,"AG05",4,"ACGL",0,0,0,0,0,0
"8222",2013,"AG05",4,"ALRU",0,0,0,0,0,0
"8223",2013,"AG05",4,"CANO",0,0,0,0,0,0
"8224",2013,"AG05",4,"PICO",0,0,0,0,0,0
"8225",2013,"AG05",4,"PIEN",0,0,0,0,0,0
"8226",2013,"AG05",4,"PIMO",0,0,0,0,0,0
"8227",2013,"AG05",4,"PISI",0,0,0,0,0,0
"8228",2013,"AG05",4,"PSME",3,0,0,0,0,0
"8229",2013,"AG05",4,"TABR",0,0,0,0,0,0
"8230",2013,"AG05",4,"THPL",5,6,47,25,49,74
"8231",2013,"AG05",4,"TSHE",1,5,0,0,0,0
"8232",2013,"AG05",4,"TSME",0,0,0,0,0,0
"8233",2013,"AG05",5,"ABAM",0,2,0,0,0,0
"8234",2013,"AG05",5,"ABGR",0,0,0,0,0,0
"8235",2013,"AG05",5,"ABLA",0,0,0,0,0,0
"8236",2013,"AG05",5,"ABPR",0,0,0,0,0,0
"8237",2013,"AG05",5,"ACGL",0,0,0,0,0,0
"8238",2013,"AG05",5,"ALRU",0,0,0,0,0,0
"8239",2013,"AG05",5,"CANO",0,0,0,0,0,0
"8240",2013,"AG05",5,"PICO",0,0,0,0,0,0
"8241",2013,"AG05",5,"PIEN",0,0,0,0,0,0
"8242",2013,"AG05",5,"PIMO",0,0,0,0,0,0
"8243",2013,"AG05",5,"PISI",0,0,0,0,0,0
"8244",2013,"AG05",5,"PSME",0,0,0,0,0,0
"8245",2013,"AG05",5,"TABR",0,0,0,0,0,0
"8246",2013,"AG05",5,"THPL",6,5,14,10,9,19
"8247",2013,"AG05",5,"TSHE",0,0,0,0,0,0
"8248",2013,"AG05",5,"TSME",0,0,0,0,0,0
"8249",2013,"AG05",6,"ABAM",0,2,0,0,0,0
"8250",2013,"AG05",6,"ABGR",0,0,0,0,0,0
"8251",2013,"AG05",6,"ABLA",0,0,0,0,0,0
"8252",2013,"AG05",6,"ABPR",0,0,0,0,0,0
"8253",2013,"AG05",6,"ACGL",0,0,0,0,0,0
"8254",2013,"AG05",6,"ALRU",0,0,0,0,0,0
"8255",2013,"AG05",6,"CANO",0,0,0,0,0,0
"8256",2013,"AG05",6,"PICO",0,0,0,0,0,0
"8257",2013,"AG05",6,"PIEN",0,0,0,0,0,0
"8258",2013,"AG05",6,"PIMO",0,0,0,0,0,0
"8259",2013,"AG05",6,"PISI",0,0,0,0,0,0
"8260",2013,"AG05",6,"PSME",1,1,0,0,0,0
"8261",2013,"AG05",6,"TABR",0,0,0,0,0,0
"8262",2013,"AG05",6,"THPL",2,1,4,7,3,10
"8263",2013,"AG05",6,"TSHE",0,2,0,0,0,0
"8264",2013,"AG05",6,"TSME",0,0,0,0,0,0
"8265",2013,"AM16",1,"ABAM",0,0,0,0,0,0
"8266",2013,"AM16",1,"ABGR",0,0,0,0,0,0
"8267",2013,"AM16",1,"ABLA",0,0,0,0,0,0
"8268",2013,"AM16",1,"ABPR",0,0,0,0,0,0
"8269",2013,"AM16",1,"ACGL",0,0,0,0,0,0
"8270",2013,"AM16",1,"ALRU",0,0,0,0,0,0
"8271",2013,"AM16",1,"CANO",0,1,1,0,0,0
"8272",2013,"AM16",1,"PICO",0,0,0,0,0,0
"8273",2013,"AM16",1,"PIEN",0,0,0,0,0,0
"8274",2013,"AM16",1,"PIMO",0,0,0,0,0,0
"8275",2013,"AM16",1,"PISI",0,0,0,0,0,0
"8276",2013,"AM16",1,"PSME",0,0,0,0,0,0
"8277",2013,"AM16",1,"TABR",0,0,0,0,0,0
"8278",2013,"AM16",1,"THPL",0,0,0,0,0,0
"8279",2013,"AM16",1,"TSHE",5,0,1,0,0,0
"8280",2013,"AM16",1,"TSME",1,0,0,0,0,0
"8281",2013,"AM16",2,"ABAM",0,1,0,0,0,0
"8282",2013,"AM16",2,"ABGR",0,0,0,0,0,0
"8283",2013,"AM16",2,"ABLA",0,0,0,0,0,0
"8284",2013,"AM16",2,"ABPR",0,0,0,0,0,0
"8285",2013,"AM16",2,"ACGL",0,0,0,0,0,0
"8286",2013,"AM16",2,"ALRU",0,0,0,0,0,0
"8287",2013,"AM16",2,"CANO",2,1,2,0,0,0
"8288",2013,"AM16",2,"PICO",0,0,0,0,0,0
"8289",2013,"AM16",2,"PIEN",0,0,0,0,0,0
"8290",2013,"AM16",2,"PIMO",0,0,0,0,0,0
"8291",2013,"AM16",2,"PISI",0,0,0,0,0,0
"8292",2013,"AM16",2,"PSME",0,0,0,0,0,0
"8293",2013,"AM16",2,"TABR",0,0,0,0,0,0
"8294",2013,"AM16",2,"THPL",0,0,0,0,0,0
"8295",2013,"AM16",2,"TSHE",10,9,0,0,0,0
"8296",2013,"AM16",2,"TSME",6,0,0,0,0,0
"8297",2013,"AM16",3,"ABAM",0,0,0,0,0,0
"8298",2013,"AM16",3,"ABGR",0,0,0,0,0,0
"8299",2013,"AM16",3,"ABLA",0,0,0,0,0,0
"8300",2013,"AM16",3,"ABPR",0,0,0,0,0,0
"8301",2013,"AM16",3,"ACGL",0,0,0,0,0,0
"8302",2013,"AM16",3,"ALRU",0,0,0,0,0,0
"8303",2013,"AM16",3,"CANO",0,0,0,0,0,0
"8304",2013,"AM16",3,"PICO",0,0,0,0,0,0
"8305",2013,"AM16",3,"PIEN",0,0,0,0,0,0
"8306",2013,"AM16",3,"PIMO",0,0,0,0,0,0
"8307",2013,"AM16",3,"PISI",0,0,0,0,0,0
"8308",2013,"AM16",3,"PSME",0,0,0,0,0,0
"8309",2013,"AM16",3,"TABR",0,0,0,0,0,0
"8310",2013,"AM16",3,"THPL",0,0,0,0,0,0
"8311",2013,"AM16",3,"TSHE",4,4,0,0,0,0
"8312",2013,"AM16",3,"TSME",2,1,1,21,9,30
"8313",2013,"AM16",4,"ABAM",0,0,0,0,0,0
"8314",2013,"AM16",4,"ABGR",0,0,0,0,0,0
"8315",2013,"AM16",4,"ABLA",0,0,0,0,0,0
"8316",2013,"AM16",4,"ABPR",0,0,0,0,0,0
"8317",2013,"AM16",4,"ACGL",0,0,0,0,0,0
"8318",2013,"AM16",4,"ALRU",0,0,0,0,0,0
"8319",2013,"AM16",4,"CANO",4,1,4,0,0,0
"8320",2013,"AM16",4,"PICO",0,0,0,0,0,0
"8321",2013,"AM16",4,"PIEN",0,0,0,0,0,0
"8322",2013,"AM16",4,"PIMO",0,0,0,0,0,0
"8323",2013,"AM16",4,"PISI",0,0,0,0,0,0
"8324",2013,"AM16",4,"PSME",0,0,0,0,0,0
"8325",2013,"AM16",4,"TABR",0,0,0,0,0,0
"8326",2013,"AM16",4,"THPL",0,0,0,0,0,0
"8327",2013,"AM16",4,"TSHE",2,7,0,0,0,0
"8328",2013,"AM16",4,"TSME",4,2,0,0,0,0
"8329",2013,"AM16",5,"ABAM",0,0,0,0,0,0
"8330",2013,"AM16",5,"ABGR",0,0,0,0,0,0
"8331",2013,"AM16",5,"ABLA",0,0,0,0,0,0
"8332",2013,"AM16",5,"ABPR",0,0,0,0,0,0
"8333",2013,"AM16",5,"ACGL",0,0,0,0,0,0
"8334",2013,"AM16",5,"ALRU",0,0,0,0,0,0
"8335",2013,"AM16",5,"CANO",9,1,3,7,0,7
"8336",2013,"AM16",5,"PICO",0,0,0,0,0,0
"8337",2013,"AM16",5,"PIEN",0,0,0,0,0,0
"8338",2013,"AM16",5,"PIMO",0,0,0,0,0,0
"8339",2013,"AM16",5,"PISI",0,0,0,0,0,0
"8340",2013,"AM16",5,"PSME",0,0,0,0,0,0
"8341",2013,"AM16",5,"TABR",0,0,0,0,0,0
"8342",2013,"AM16",5,"THPL",0,0,0,0,0,0
"8343",2013,"AM16",5,"TSHE",5,10,0,0,0,0
"8344",2013,"AM16",5,"TSME",3,0,0,0,0,0
"8345",2013,"AM16",6,"ABAM",0,0,0,0,0,0
"8346",2013,"AM16",6,"ABGR",0,0,0,0,0,0
"8347",2013,"AM16",6,"ABLA",0,0,0,0,0,0
"8348",2013,"AM16",6,"ABPR",0,0,0,0,0,0
"8349",2013,"AM16",6,"ACGL",0,0,0,0,0,0
"8350",2013,"AM16",6,"ALRU",0,0,0,0,0,0
"8351",2013,"AM16",6,"CANO",8,4,26,10,0,10
"8352",2013,"AM16",6,"PICO",0,0,0,0,0,0
"8353",2013,"AM16",6,"PIEN",0,0,0,0,0,0
"8354",2013,"AM16",6,"PIMO",0,0,0,0,0,0
"8355",2013,"AM16",6,"PISI",0,0,0,0,0,0
"8356",2013,"AM16",6,"PSME",0,0,0,0,0,0
"8357",2013,"AM16",6,"TABR",0,0,0,0,0,0
"8358",2013,"AM16",6,"THPL",0,0,0,0,0,0
"8359",2013,"AM16",6,"TSHE",13,12,1,0,0,0
"8360",2013,"AM16",6,"TSME",2,1,0,0,0,0
"8361",2013,"AO03",1,"ABAM",0,0,0,0,0,0
"8362",2013,"AO03",1,"ABGR",0,0,0,0,0,0
"8363",2013,"AO03",1,"ABLA",0,0,0,0,0,0
"8364",2013,"AO03",1,"ABPR",0,0,0,0,0,0
"8365",2013,"AO03",1,"ACGL",0,0,0,0,0,0
"8366",2013,"AO03",1,"ALRU",0,0,0,0,0,0
"8367",2013,"AO03",1,"CANO",0,0,0,0,0,0
"8368",2013,"AO03",1,"PICO",0,0,0,0,0,0
"8369",2013,"AO03",1,"PIEN",0,0,0,0,0,0
"8370",2013,"AO03",1,"PIMO",0,0,0,0,0,0
"8371",2013,"AO03",1,"PISI",0,0,0,0,0,0
"8372",2013,"AO03",1,"PSME",1,0,0,0,0,0
"8373",2013,"AO03",1,"TABR",0,0,0,0,0,0
"8374",2013,"AO03",1,"THPL",7,28,1,0,0,0
"8375",2013,"AO03",1,"TSHE",15,45,7,0,1,1
"8376",2013,"AO03",1,"TSME",0,0,0,0,0,0
"8377",2013,"AO03",2,"ABAM",1,0,0,0,0,0
"8378",2013,"AO03",2,"ABGR",0,0,0,0,0,0
"8379",2013,"AO03",2,"ABLA",0,0,0,0,0,0
"8380",2013,"AO03",2,"ABPR",0,0,0,0,0,0
"8381",2013,"AO03",2,"ACGL",0,0,0,0,0,0
"8382",2013,"AO03",2,"ALRU",0,0,0,0,0,0
"8383",2013,"AO03",2,"CANO",0,0,0,0,0,0
"8384",2013,"AO03",2,"PICO",0,0,0,0,0,0
"8385",2013,"AO03",2,"PIEN",0,0,0,0,0,0
"8386",2013,"AO03",2,"PIMO",0,0,0,0,0,0
"8387",2013,"AO03",2,"PISI",0,0,0,0,0,0
"8388",2013,"AO03",2,"PSME",1,0,0,0,0,0
"8389",2013,"AO03",2,"TABR",0,0,0,0,0,0
"8390",2013,"AO03",2,"THPL",67,62,8,8,13,21
"8391",2013,"AO03",2,"TSHE",99,35,22,22,39,61
"8392",2013,"AO03",2,"TSME",0,0,0,0,0,0
"8393",2013,"AO03",3,"ABAM",1,0,0,0,0,0
"8394",2013,"AO03",3,"ABGR",0,0,0,0,0,0
"8395",2013,"AO03",3,"ABLA",0,0,0,0,0,0
"8396",2013,"AO03",3,"ABPR",0,0,0,0,0,0
"8397",2013,"AO03",3,"ACGL",0,0,0,0,0,0
"8398",2013,"AO03",3,"ALRU",0,0,0,0,0,0
"8399",2013,"AO03",3,"CANO",0,0,0,0,0,0
"8400",2013,"AO03",3,"PICO",0,0,0,0,0,0
"8401",2013,"AO03",3,"PIEN",0,0,0,0,0,0
"8402",2013,"AO03",3,"PIMO",0,0,0,0,0,0
"8403",2013,"AO03",3,"PISI",0,0,0,0,0,0
"8404",2013,"AO03",3,"PSME",1,0,0,0,0,0
"8405",2013,"AO03",3,"TABR",0,0,0,0,0,0
"8406",2013,"AO03",3,"THPL",16,53,9,7,37,44
"8407",2013,"AO03",3,"TSHE",40,170,81,38,141,179
"8408",2013,"AO03",3,"TSME",0,0,0,0,0,0
"8409",2013,"AO03",4,"ABAM",2,2,0,0,0,0
"8410",2013,"AO03",4,"ABGR",0,0,0,0,0,0
"8411",2013,"AO03",4,"ABLA",0,0,0,0,0,0
"8412",2013,"AO03",4,"ABPR",0,0,0,0,0,0
"8413",2013,"AO03",4,"ACGL",0,0,0,0,0,0
"8414",2013,"AO03",4,"ALRU",0,0,0,0,0,0
"8415",2013,"AO03",4,"CANO",0,0,0,0,0,0
"8416",2013,"AO03",4,"PICO",0,0,0,0,0,0
"8417",2013,"AO03",4,"PIEN",0,0,0,0,0,0
"8418",2013,"AO03",4,"PIMO",0,0,0,0,0,0
"8419",2013,"AO03",4,"PISI",0,0,0,0,0,0
"8420",2013,"AO03",4,"PSME",0,8,4,5,5,10
"8421",2013,"AO03",4,"TABR",0,0,0,0,0,0
"8422",2013,"AO03",4,"THPL",17,77,3,0,3,3
"8423",2013,"AO03",4,"TSHE",38,65,28,16,44,60
"8424",2013,"AO03",4,"TSME",0,0,0,0,0,0
"8425",2013,"AO03",5,"ABAM",0,0,0,0,0,0
"8426",2013,"AO03",5,"ABGR",0,0,0,0,0,0
"8427",2013,"AO03",5,"ABLA",0,0,0,0,0,0
"8428",2013,"AO03",5,"ABPR",0,0,0,0,0,0
"8429",2013,"AO03",5,"ACGL",0,0,0,0,0,0
"8430",2013,"AO03",5,"ALRU",0,0,0,0,0,0
"8431",2013,"AO03",5,"CANO",0,0,0,0,0,0
"8432",2013,"AO03",5,"PICO",0,0,0,0,0,0
"8433",2013,"AO03",5,"PIEN",0,0,0,0,0,0
"8434",2013,"AO03",5,"PIMO",0,0,0,0,0,0
"8435",2013,"AO03",5,"PISI",0,0,0,0,0,0
"8436",2013,"AO03",5,"PSME",3,3,2,2,5,7
"8437",2013,"AO03",5,"TABR",0,0,0,0,0,0
"8438",2013,"AO03",5,"THPL",11,30,1,0,0,0
"8439",2013,"AO03",5,"TSHE",17,43,3,6,15,21
"8440",2013,"AO03",5,"TSME",0,0,0,0,0,0
"8441",2013,"AO03",6,"ABAM",0,0,0,0,0,0
"8442",2013,"AO03",6,"ABGR",0,0,0,0,0,0
"8443",2013,"AO03",6,"ABLA",0,0,0,0,0,0
"8444",2013,"AO03",6,"ABPR",0,0,0,0,0,0
"8445",2013,"AO03",6,"ACGL",0,0,0,0,0,0
"8446",2013,"AO03",6,"ALRU",0,0,0,0,0,0
"8447",2013,"AO03",6,"CANO",0,0,0,0,0,0
"8448",2013,"AO03",6,"PICO",0,0,0,0,0,0
"8449",2013,"AO03",6,"PIEN",0,0,0,0,0,0
"8450",2013,"AO03",6,"PIMO",0,0,0,0,0,0
"8451",2013,"AO03",6,"PISI",0,0,0,0,0,0
"8452",2013,"AO03",6,"PSME",1,4,4,0,4,4
"8453",2013,"AO03",6,"TABR",0,0,0,0,0,0
"8454",2013,"AO03",6,"THPL",8,18,0,0,0,0
"8455",2013,"AO03",6,"TSHE",10,32,2,0,0,0
"8456",2013,"AO03",6,"TSME",0,0,0,0,0,0
"8457",2013,"AR07",1,"ABAM",1,0,0,0,0,0
"8458",2013,"AR07",1,"ABGR",0,0,0,0,0,0
"8459",2013,"AR07",1,"ABLA",0,0,0,0,0,0
"8460",2013,"AR07",1,"ABPR",0,0,0,0,0,0
"8461",2013,"AR07",1,"ACGL",0,0,0,0,0,0
"8462",2013,"AR07",1,"ALRU",0,0,0,0,0,0
"8463",2013,"AR07",1,"CANO",1,1,0,0,0,0
"8464",2013,"AR07",1,"PICO",0,0,0,0,0,0
"8465",2013,"AR07",1,"PIEN",0,0,0,0,0,0
"8466",2013,"AR07",1,"PIMO",0,0,0,0,0,0
"8467",2013,"AR07",1,"PISI",0,0,0,0,0,0
"8468",2013,"AR07",1,"PSME",0,0,0,0,0,0
"8469",2013,"AR07",1,"TABR",0,0,0,0,0,0
"8470",2013,"AR07",1,"THPL",0,0,0,0,0,0
"8471",2013,"AR07",1,"TSHE",0,0,0,0,0,0
"8472",2013,"AR07",1,"TSME",3,6,3,0,0,0
"8473",2013,"AR07",2,"ABAM",0,0,0,0,0,0
"8474",2013,"AR07",2,"ABGR",0,0,0,0,0,0
"8475",2013,"AR07",2,"ABLA",0,0,0,0,0,0
"8476",2013,"AR07",2,"ABPR",0,0,0,0,0,0
"8477",2013,"AR07",2,"ACGL",0,0,0,0,0,0
"8478",2013,"AR07",2,"ALRU",0,0,0,0,0,0
"8479",2013,"AR07",2,"CANO",6,2,4,2,1,3
"8480",2013,"AR07",2,"PICO",0,0,0,0,0,0
"8481",2013,"AR07",2,"PIEN",0,0,0,0,0,0
"8482",2013,"AR07",2,"PIMO",0,0,0,0,0,0
"8483",2013,"AR07",2,"PISI",0,0,0,0,0,0
"8484",2013,"AR07",2,"PSME",0,0,0,0,0,0
"8485",2013,"AR07",2,"TABR",0,0,0,0,0,0
"8486",2013,"AR07",2,"THPL",0,0,0,0,0,0
"8487",2013,"AR07",2,"TSHE",0,0,0,0,0,0
"8488",2013,"AR07",2,"TSME",3,3,0,0,0,0
"8489",2013,"AR07",3,"ABAM",0,0,0,0,0,0
"8490",2013,"AR07",3,"ABGR",0,0,0,0,0,0
"8491",2013,"AR07",3,"ABLA",0,0,0,0,0,0
"8492",2013,"AR07",3,"ABPR",0,0,0,0,0,0
"8493",2013,"AR07",3,"ACGL",0,0,0,0,0,0
"8494",2013,"AR07",3,"ALRU",0,0,0,0,0,0
"8495",2013,"AR07",3,"CANO",8,2,7,1,0,1
"8496",2013,"AR07",3,"PICO",0,0,0,0,0,0
"8497",2013,"AR07",3,"PIEN",0,0,0,0,0,0
"8498",2013,"AR07",3,"PIMO",0,0,0,0,0,0
"8499",2013,"AR07",3,"PISI",0,0,0,0,0,0
"8500",2013,"AR07",3,"PSME",0,0,0,0,0,0
"8501",2013,"AR07",3,"TABR",0,0,0,0,0,0
"8502",2013,"AR07",3,"THPL",0,0,0,0,0,0
"8503",2013,"AR07",3,"TSHE",0,0,0,0,0,0
"8504",2013,"AR07",3,"TSME",1,5,0,0,0,0
"8505",2013,"AR07",4,"ABAM",0,0,0,0,0,0
"8506",2013,"AR07",4,"ABGR",0,0,0,0,0,0
"8507",2013,"AR07",4,"ABLA",0,0,0,0,0,0
"8508",2013,"AR07",4,"ABPR",0,0,0,0,0,0
"8509",2013,"AR07",4,"ACGL",0,0,0,0,0,0
"8510",2013,"AR07",4,"ALRU",0,0,0,0,0,0
"8511",2013,"AR07",4,"CANO",4,4,0,0,0,0
"8512",2013,"AR07",4,"PICO",0,0,0,0,0,0
"8513",2013,"AR07",4,"PIEN",0,0,0,0,0,0
"8514",2013,"AR07",4,"PIMO",0,0,0,0,0,0
"8515",2013,"AR07",4,"PISI",0,0,0,0,0,0
"8516",2013,"AR07",4,"PSME",0,0,0,0,0,0
"8517",2013,"AR07",4,"TABR",0,0,0,0,0,0
"8518",2013,"AR07",4,"THPL",0,0,0,0,0,0
"8519",2013,"AR07",4,"TSHE",0,0,0,0,0,0
"8520",2013,"AR07",4,"TSME",1,2,0,0,0,0
"8521",2013,"AR07",5,"ABAM",0,1,0,0,0,0
"8522",2013,"AR07",5,"ABGR",0,0,0,0,0,0
"8523",2013,"AR07",5,"ABLA",0,0,0,0,0,0
"8524",2013,"AR07",5,"ABPR",0,0,0,0,0,0
"8525",2013,"AR07",5,"ACGL",0,0,0,0,0,0
"8526",2013,"AR07",5,"ALRU",0,0,0,0,0,0
"8527",2013,"AR07",5,"CANO",0,4,1,1,0,1
"8528",2013,"AR07",5,"PICO",0,0,0,0,0,0
"8529",2013,"AR07",5,"PIEN",0,0,0,0,0,0
"8530",2013,"AR07",5,"PIMO",0,0,0,0,0,0
"8531",2013,"AR07",5,"PISI",0,0,0,0,0,0
"8532",2013,"AR07",5,"PSME",0,0,0,0,0,0
"8533",2013,"AR07",5,"TABR",0,0,0,0,0,0
"8534",2013,"AR07",5,"THPL",0,0,0,0,0,0
"8535",2013,"AR07",5,"TSHE",0,0,0,0,0,0
"8536",2013,"AR07",5,"TSME",4,10,0,0,0,0
"8537",2013,"AR07",6,"ABAM",0,0,0,0,0,0
"8538",2013,"AR07",6,"ABGR",0,0,0,0,0,0
"8539",2013,"AR07",6,"ABLA",0,0,0,0,0,0
"8540",2013,"AR07",6,"ABPR",0,0,0,0,0,0
"8541",2013,"AR07",6,"ACGL",0,0,0,0,0,0
"8542",2013,"AR07",6,"ALRU",0,0,0,0,0,0
"8543",2013,"AR07",6,"CANO",1,4,1,0,0,0
"8544",2013,"AR07",6,"PICO",0,0,0,0,0,0
"8545",2013,"AR07",6,"PIEN",0,0,0,0,0,0
"8546",2013,"AR07",6,"PIMO",0,0,0,0,0,0
"8547",2013,"AR07",6,"PISI",0,0,0,0,0,0
"8548",2013,"AR07",6,"PSME",0,0,0,0,0,0
"8549",2013,"AR07",6,"TABR",0,0,0,0,0,0
"8550",2013,"AR07",6,"THPL",0,0,0,0,0,0
"8551",2013,"AR07",6,"TSHE",0,0,0,0,0,0
"8552",2013,"AR07",6,"TSME",1,2,0,0,0,0
"8553",2013,"AV02",1,"ABAM",0,0,0,0,0,0
"8554",2013,"AV02",1,"ABGR",0,0,0,0,0,0
"8555",2013,"AV02",1,"ABLA",0,0,0,0,0,0
"8556",2013,"AV02",1,"ABPR",0,0,0,0,0,0
"8557",2013,"AV02",1,"ACGL",0,0,0,0,0,0
"8558",2013,"AV02",1,"ALRU",0,0,0,0,0,0
"8559",2013,"AV02",1,"CANO",0,0,0,0,0,0
"8560",2013,"AV02",1,"PICO",0,0,0,0,0,0
"8561",2013,"AV02",1,"PIEN",0,0,0,0,0,0
"8562",2013,"AV02",1,"PIMO",0,0,0,0,0,0
"8563",2013,"AV02",1,"PISI",0,0,0,0,0,0
"8564",2013,"AV02",1,"PSME",1,0,0,0,0,0
"8565",2013,"AV02",1,"TABR",0,0,0,0,0,0
"8566",2013,"AV02",1,"THPL",0,1,0,0,0,0
"8567",2013,"AV02",1,"TSHE",14,15,7,0,0,0
"8568",2013,"AV02",1,"TSME",0,0,0,0,0,0
"8569",2013,"AV02",2,"ABAM",1,1,0,0,0,0
"8570",2013,"AV02",2,"ABGR",0,0,0,0,0,0
"8571",2013,"AV02",2,"ABLA",0,0,0,0,0,0
"8572",2013,"AV02",2,"ABPR",0,0,0,0,0,0
"8573",2013,"AV02",2,"ACGL",0,0,0,0,0,0
"8574",2013,"AV02",2,"ALRU",0,0,0,0,0,0
"8575",2013,"AV02",2,"CANO",0,0,0,0,0,0
"8576",2013,"AV02",2,"PICO",0,0,0,0,0,0
"8577",2013,"AV02",2,"PIEN",0,0,0,0,0,0
"8578",2013,"AV02",2,"PIMO",0,0,0,0,0,0
"8579",2013,"AV02",2,"PISI",0,0,0,0,0,0
"8580",2013,"AV02",2,"PSME",0,0,0,0,0,0
"8581",2013,"AV02",2,"TABR",0,0,0,0,0,0
"8582",2013,"AV02",2,"THPL",0,4,0,0,0,0
"8583",2013,"AV02",2,"TSHE",6,35,7,1,16,17
"8584",2013,"AV02",2,"TSME",0,0,0,0,0,0
"8585",2013,"AV02",3,"ABAM",1,0,0,0,0,0
"8586",2013,"AV02",3,"ABGR",0,0,0,0,0,0
"8587",2013,"AV02",3,"ABLA",0,0,0,0,0,0
"8588",2013,"AV02",3,"ABPR",0,0,0,0,0,0
"8589",2013,"AV02",3,"ACGL",0,0,0,0,0,0
"8590",2013,"AV02",3,"ALRU",0,0,0,0,0,0
"8591",2013,"AV02",3,"CANO",0,0,0,0,0,0
"8592",2013,"AV02",3,"PICO",0,0,0,0,0,0
"8593",2013,"AV02",3,"PIEN",0,0,0,0,0,0
"8594",2013,"AV02",3,"PIMO",0,0,0,0,0,0
"8595",2013,"AV02",3,"PISI",0,0,0,0,0,0
"8596",2013,"AV02",3,"PSME",0,0,0,0,0,0
"8597",2013,"AV02",3,"TABR",0,0,0,0,0,0
"8598",2013,"AV02",3,"THPL",2,0,0,0,0,0
"8599",2013,"AV02",3,"TSHE",51,0,10,7,2,9
"8600",2013,"AV02",3,"TSME",0,0,0,0,0,0
"8601",2013,"AV02",4,"ABAM",0,0,0,0,0,0
"8602",2013,"AV02",4,"ABGR",0,0,0,0,0,0
"8603",2013,"AV02",4,"ABLA",0,0,0,0,0,0
"8604",2013,"AV02",4,"ABPR",0,0,0,0,0,0
"8605",2013,"AV02",4,"ACGL",0,0,0,0,0,0
"8606",2013,"AV02",4,"ALRU",0,0,0,0,0,0
"8607",2013,"AV02",4,"CANO",0,0,0,0,0,0
"8608",2013,"AV02",4,"PICO",0,0,0,0,0,0
"8609",2013,"AV02",4,"PIEN",0,0,0,0,0,0
"8610",2013,"AV02",4,"PIMO",0,0,0,0,0,0
"8611",2013,"AV02",4,"PISI",0,0,0,0,0,0
"8612",2013,"AV02",4,"PSME",0,2,0,0,0,0
"8613",2013,"AV02",4,"TABR",0,0,0,0,0,0
"8614",2013,"AV02",4,"THPL",0,0,0,0,0,0
"8615",2013,"AV02",4,"TSHE",70,35,11,10,0,10
"8616",2013,"AV02",4,"TSME",0,0,0,0,0,0
"8617",2013,"AV02",5,"ABAM",0,0,0,0,0,0
"8618",2013,"AV02",5,"ABGR",0,0,0,0,0,0
"8619",2013,"AV02",5,"ABLA",0,0,0,0,0,0
"8620",2013,"AV02",5,"ABPR",0,0,0,0,0,0
"8621",2013,"AV02",5,"ACGL",0,0,0,0,0,0
"8622",2013,"AV02",5,"ALRU",0,0,0,0,0,0
"8623",2013,"AV02",5,"CANO",0,0,0,0,0,0
"8624",2013,"AV02",5,"PICO",0,0,0,0,0,0
"8625",2013,"AV02",5,"PIEN",0,0,0,0,0,0
"8626",2013,"AV02",5,"PIMO",0,0,0,0,0,0
"8627",2013,"AV02",5,"PISI",0,0,0,0,0,0
"8628",2013,"AV02",5,"PSME",0,0,0,0,0,0
"8629",2013,"AV02",5,"TABR",0,0,0,0,0,0
"8630",2013,"AV02",5,"THPL",1,0,0,0,0,0
"8631",2013,"AV02",5,"TSHE",60,4,6,0,0,0
"8632",2013,"AV02",5,"TSME",0,0,0,0,0,0
"8633",2013,"AV02",6,"ABAM",2,0,0,0,0,0
"8634",2013,"AV02",6,"ABGR",0,0,0,0,0,0
"8635",2013,"AV02",6,"ABLA",0,0,0,0,0,0
"8636",2013,"AV02",6,"ABPR",0,0,0,0,0,0
"8637",2013,"AV02",6,"ACGL",0,0,0,0,0,0
"8638",2013,"AV02",6,"ALRU",0,0,0,0,0,0
"8639",2013,"AV02",6,"CANO",0,0,0,0,0,0
"8640",2013,"AV02",6,"PICO",0,0,0,0,0,0
"8641",2013,"AV02",6,"PIEN",0,0,0,0,0,0
"8642",2013,"AV02",6,"PIMO",0,0,0,0,0,0
"8643",2013,"AV02",6,"PISI",0,0,0,0,0,0
"8644",2013,"AV02",6,"PSME",0,0,0,0,0,0
"8645",2013,"AV02",6,"TABR",0,0,0,0,0,0
"8646",2013,"AV02",6,"THPL",0,0,0,0,0,0
"8647",2013,"AV02",6,"TSHE",6,20,1,0,1,1
"8648",2013,"AV02",6,"TSME",0,0,0,0,0,0
"8649",2013,"AV06",1,"ABAM",1,0,0,0,0,0
"8650",2013,"AV06",1,"ABGR",0,0,0,0,0,0
"8651",2013,"AV06",1,"ABLA",0,0,0,0,0,0
"8652",2013,"AV06",1,"ABPR",0,0,0,0,0,0
"8653",2013,"AV06",1,"ACGL",0,0,0,0,0,0
"8654",2013,"AV06",1,"ALRU",0,0,0,0,0,0
"8655",2013,"AV06",1,"CANO",0,0,0,0,0,0
"8656",2013,"AV06",1,"PICO",0,0,0,0,0,0
"8657",2013,"AV06",1,"PIEN",0,0,0,0,0,0
"8658",2013,"AV06",1,"PIMO",0,0,0,0,0,0
"8659",2013,"AV06",1,"PISI",0,0,0,0,0,0
"8660",2013,"AV06",1,"PSME",0,1,0,0,0,0
"8661",2013,"AV06",1,"TABR",0,0,0,0,0,0
"8662",2013,"AV06",1,"THPL",0,1,0,0,0,0
"8663",2013,"AV06",1,"TSHE",2,5,1,0,0,0
"8664",2013,"AV06",1,"TSME",0,0,0,0,0,0
"8665",2013,"AV06",2,"ABAM",0,0,0,0,0,0
"8666",2013,"AV06",2,"ABGR",0,0,0,0,0,0
"8667",2013,"AV06",2,"ABLA",0,0,0,0,0,0
"8668",2013,"AV06",2,"ABPR",0,0,0,0,0,0
"8669",2013,"AV06",2,"ACGL",0,0,0,0,0,0
"8670",2013,"AV06",2,"ALRU",0,0,0,0,0,0
"8671",2013,"AV06",2,"CANO",0,0,0,0,0,0
"8672",2013,"AV06",2,"PICO",0,0,0,0,0,0
"8673",2013,"AV06",2,"PIEN",0,0,0,0,0,0
"8674",2013,"AV06",2,"PIMO",0,0,0,0,0,0
"8675",2013,"AV06",2,"PISI",0,0,0,0,0,0
"8676",2013,"AV06",2,"PSME",0,0,0,0,0,0
"8677",2013,"AV06",2,"TABR",0,0,0,0,0,0
"8678",2013,"AV06",2,"THPL",0,0,0,0,0,0
"8679",2013,"AV06",2,"TSHE",1,3,11,0,0,0
"8680",2013,"AV06",2,"TSME",0,0,0,0,0,0
"8681",2013,"AV06",3,"ABAM",1,0,0,0,0,0
"8682",2013,"AV06",3,"ABGR",0,0,0,0,0,0
"8683",2013,"AV06",3,"ABLA",0,0,0,0,0,0
"8684",2013,"AV06",3,"ABPR",0,0,0,0,0,0
"8685",2013,"AV06",3,"ACGL",0,0,0,0,0,0
"8686",2013,"AV06",3,"ALRU",0,0,0,0,0,0
"8687",2013,"AV06",3,"CANO",0,0,0,0,0,0
"8688",2013,"AV06",3,"PICO",0,0,0,0,0,0
"8689",2013,"AV06",3,"PIEN",0,0,0,0,0,0
"8690",2013,"AV06",3,"PIMO",0,0,0,0,0,0
"8691",2013,"AV06",3,"PISI",0,0,0,0,0,0
"8692",2013,"AV06",3,"PSME",0,0,0,0,0,0
"8693",2013,"AV06",3,"TABR",0,0,0,0,0,0
"8694",2013,"AV06",3,"THPL",1,0,0,0,0,0
"8695",2013,"AV06",3,"TSHE",11,8,12,2,0,2
"8696",2013,"AV06",3,"TSME",0,0,0,0,0,0
"8697",2013,"AV06",4,"ABAM",0,0,0,0,0,0
"8698",2013,"AV06",4,"ABGR",0,0,0,0,0,0
"8699",2013,"AV06",4,"ABLA",0,0,0,0,0,0
"8700",2013,"AV06",4,"ABPR",0,1,0,0,0,0
"8701",2013,"AV06",4,"ACGL",0,0,0,0,0,0
"8702",2013,"AV06",4,"ALRU",0,0,0,0,0,0
"8703",2013,"AV06",4,"CANO",0,0,0,0,0,0
"8704",2013,"AV06",4,"PICO",0,0,0,0,0,0
"8705",2013,"AV06",4,"PIEN",0,0,0,0,0,0
"8706",2013,"AV06",4,"PIMO",0,0,0,0,0,0
"8707",2013,"AV06",4,"PISI",0,0,0,0,0,0
"8708",2013,"AV06",4,"PSME",0,0,0,0,0,0
"8709",2013,"AV06",4,"TABR",0,0,0,0,0,0
"8710",2013,"AV06",4,"THPL",0,0,0,0,0,0
"8711",2013,"AV06",4,"TSHE",0,0,8,0,0,0
"8712",2013,"AV06",4,"TSME",0,0,0,0,0,0
"8713",2013,"AV06",5,"ABAM",0,0,0,0,0,0
"8714",2013,"AV06",5,"ABGR",0,0,0,0,0,0
"8715",2013,"AV06",5,"ABLA",0,0,0,0,0,0
"8716",2013,"AV06",5,"ABPR",0,0,0,0,0,0
"8717",2013,"AV06",5,"ACGL",0,0,0,0,0,0
"8718",2013,"AV06",5,"ALRU",0,0,0,0,0,0
"8719",2013,"AV06",5,"CANO",0,0,0,0,0,0
"8720",2013,"AV06",5,"PICO",0,0,0,0,0,0
"8721",2013,"AV06",5,"PIEN",0,0,0,0,0,0
"8722",2013,"AV06",5,"PIMO",0,0,0,0,0,0
"8723",2013,"AV06",5,"PISI",0,0,0,0,0,0
"8724",2013,"AV06",5,"PSME",0,1,0,0,0,0
"8725",2013,"AV06",5,"TABR",0,0,0,0,0,0
"8726",2013,"AV06",5,"THPL",0,3,0,0,0,0
"8727",2013,"AV06",5,"TSHE",3,7,0,0,0,0
"8728",2013,"AV06",5,"TSME",0,0,0,0,0,0
"8729",2013,"AV06",6,"ABAM",0,1,0,0,0,0
"8730",2013,"AV06",6,"ABGR",0,0,0,0,0,0
"8731",2013,"AV06",6,"ABLA",0,0,0,0,0,0
"8732",2013,"AV06",6,"ABPR",0,0,0,0,0,0
"8733",2013,"AV06",6,"ACGL",0,0,0,0,0,0
"8734",2013,"AV06",6,"ALRU",0,0,0,0,0,0
"8735",2013,"AV06",6,"CANO",0,0,0,0,0,0
"8736",2013,"AV06",6,"PICO",0,0,0,0,0,0
"8737",2013,"AV06",6,"PIEN",0,0,0,0,0,0
"8738",2013,"AV06",6,"PIMO",0,0,0,0,0,0
"8739",2013,"AV06",6,"PISI",0,0,0,0,0,0
"8740",2013,"AV06",6,"PSME",0,0,0,0,0,0
"8741",2013,"AV06",6,"TABR",0,0,0,0,0,0
"8742",2013,"AV06",6,"THPL",0,1,0,0,0,0
"8743",2013,"AV06",6,"TSHE",1,1,0,0,0,0
"8744",2013,"AV06",6,"TSME",0,0,0,0,0,0
"8745",2013,"AV14",1,"ABAM",0,0,0,0,0,0
"8746",2013,"AV14",1,"ABGR",0,0,0,0,0,0
"8747",2013,"AV14",1,"ABLA",0,0,0,0,0,0
"8748",2013,"AV14",1,"ABPR",0,0,0,0,0,0
"8749",2013,"AV14",1,"ACGL",0,0,0,0,0,0
"8750",2013,"AV14",1,"ALRU",0,0,0,0,0,0
"8751",2013,"AV14",1,"CANO",0,0,0,0,0,0
"8752",2013,"AV14",1,"PICO",0,0,0,0,0,0
"8753",2013,"AV14",1,"PIEN",0,0,0,0,0,0
"8754",2013,"AV14",1,"PIMO",0,0,0,0,0,0
"8755",2013,"AV14",1,"PISI",0,0,0,0,0,0
"8756",2013,"AV14",1,"PSME",0,0,0,0,0,0
"8757",2013,"AV14",1,"TABR",0,0,0,0,0,0
"8758",2013,"AV14",1,"THPL",0,0,0,0,0,0
"8759",2013,"AV14",1,"TSHE",18,2,3,14,0,14
"8760",2013,"AV14",1,"TSME",0,0,0,0,0,0
"8761",2013,"AV14",2,"ABAM",1,0,0,0,0,0
"8762",2013,"AV14",2,"ABGR",0,0,0,0,0,0
"8763",2013,"AV14",2,"ABLA",0,0,0,0,0,0
"8764",2013,"AV14",2,"ABPR",0,0,0,0,0,0
"8765",2013,"AV14",2,"ACGL",0,0,0,0,0,0
"8766",2013,"AV14",2,"ALRU",0,0,0,0,0,0
"8767",2013,"AV14",2,"CANO",0,0,0,0,0,0
"8768",2013,"AV14",2,"PICO",0,0,0,0,0,0
"8769",2013,"AV14",2,"PIEN",0,0,0,0,0,0
"8770",2013,"AV14",2,"PIMO",0,0,0,0,0,0
"8771",2013,"AV14",2,"PISI",0,0,0,0,0,0
"8772",2013,"AV14",2,"PSME",0,0,0,0,0,0
"8773",2013,"AV14",2,"TABR",0,0,0,0,0,0
"8774",2013,"AV14",2,"THPL",0,0,0,0,0,0
"8775",2013,"AV14",2,"TSHE",11,37,4,1,13,14
"8776",2013,"AV14",2,"TSME",0,0,0,0,0,0
"8777",2013,"AV14",3,"ABAM",0,0,0,0,0,0
"8778",2013,"AV14",3,"ABGR",0,0,0,0,0,0
"8779",2013,"AV14",3,"ABLA",0,0,0,0,0,0
"8780",2013,"AV14",3,"ABPR",0,0,0,0,0,0
"8781",2013,"AV14",3,"ACGL",0,0,0,0,0,0
"8782",2013,"AV14",3,"ALRU",0,0,0,0,0,0
"8783",2013,"AV14",3,"CANO",0,0,0,0,0,0
"8784",2013,"AV14",3,"PICO",0,0,0,0,0,0
"8785",2013,"AV14",3,"PIEN",0,0,0,0,0,0
"8786",2013,"AV14",3,"PIMO",0,0,0,0,0,0
"8787",2013,"AV14",3,"PISI",0,0,0,0,0,0
"8788",2013,"AV14",3,"PSME",0,0,0,0,0,0
"8789",2013,"AV14",3,"TABR",0,0,0,0,0,0
"8790",2013,"AV14",3,"THPL",0,0,0,0,0,0
"8791",2013,"AV14",3,"TSHE",11,44,29,15,31,46
"8792",2013,"AV14",3,"TSME",0,0,0,0,0,0
"8793",2013,"AV14",4,"ABAM",0,0,0,0,0,0
"8794",2013,"AV14",4,"ABGR",0,0,0,0,0,0
"8795",2013,"AV14",4,"ABLA",0,0,0,0,0,0
"8796",2013,"AV14",4,"ABPR",0,0,0,0,0,0
"8797",2013,"AV14",4,"ACGL",0,0,0,0,0,0
"8798",2013,"AV14",4,"ALRU",0,0,0,0,0,0
"8799",2013,"AV14",4,"CANO",0,0,0,0,0,0
"8800",2013,"AV14",4,"PICO",0,0,0,0,0,0
"8801",2013,"AV14",4,"PIEN",0,0,0,0,0,0
"8802",2013,"AV14",4,"PIMO",0,0,0,0,0,0
"8803",2013,"AV14",4,"PISI",0,0,0,0,0,0
"8804",2013,"AV14",4,"PSME",0,0,0,0,0,0
"8805",2013,"AV14",4,"TABR",0,0,0,0,0,0
"8806",2013,"AV14",4,"THPL",0,0,0,0,0,0
"8807",2013,"AV14",4,"TSHE",17,6,44,18,0,18
"8808",2013,"AV14",4,"TSME",0,0,0,0,0,0
"8809",2013,"AV14",5,"ABAM",0,0,0,0,0,0
"8810",2013,"AV14",5,"ABGR",0,0,0,0,0,0
"8811",2013,"AV14",5,"ABLA",0,0,0,0,0,0
"8812",2013,"AV14",5,"ABPR",0,0,0,0,0,0
"8813",2013,"AV14",5,"ACGL",0,0,0,0,0,0
"8814",2013,"AV14",5,"ALRU",0,0,0,0,0,0
"8815",2013,"AV14",5,"CANO",0,0,0,0,0,0
"8816",2013,"AV14",5,"PICO",0,0,0,0,0,0
"8817",2013,"AV14",5,"PIEN",0,0,0,0,0,0
"8818",2013,"AV14",5,"PIMO",0,0,0,0,0,0
"8819",2013,"AV14",5,"PISI",0,0,0,0,0,0
"8820",2013,"AV14",5,"PSME",0,0,0,0,0,0
"8821",2013,"AV14",5,"TABR",0,0,0,0,0,0
"8822",2013,"AV14",5,"THPL",0,0,0,0,0,0
"8823",2013,"AV14",5,"TSHE",21,4,52,18,1,19
"8824",2013,"AV14",5,"TSME",0,0,0,0,0,0
"8825",2013,"AV14",6,"ABAM",0,0,0,0,0,0
"8826",2013,"AV14",6,"ABGR",0,0,0,0,0,0
"8827",2013,"AV14",6,"ABLA",0,0,0,0,0,0
"8828",2013,"AV14",6,"ABPR",0,0,0,0,0,0
"8829",2013,"AV14",6,"ACGL",0,0,0,0,0,0
"8830",2013,"AV14",6,"ALRU",0,0,0,0,0,0
"8831",2013,"AV14",6,"CANO",0,0,0,0,0,0
"8832",2013,"AV14",6,"PICO",0,0,0,0,0,0
"8833",2013,"AV14",6,"PIEN",0,0,0,0,0,0
"8834",2013,"AV14",6,"PIMO",0,0,0,0,0,0
"8835",2013,"AV14",6,"PISI",0,0,0,0,0,0
"8836",2013,"AV14",6,"PSME",0,0,0,0,0,0
"8837",2013,"AV14",6,"TABR",0,0,0,0,0,0
"8838",2013,"AV14",6,"THPL",0,0,0,0,0,0
"8839",2013,"AV14",6,"TSHE",16,0,19,9,0,9
"8840",2013,"AV14",6,"TSME",0,0,0,0,0,0
"8841",2013,"AX15",1,"ABAM",0,0,0,0,0,0
"8842",2013,"AX15",1,"ABGR",0,0,0,0,0,0
"8843",2013,"AX15",1,"ABLA",0,0,0,0,0,0
"8844",2013,"AX15",1,"ABPR",0,0,0,0,0,0
"8845",2013,"AX15",1,"ACGL",0,0,0,0,0,0
"8846",2013,"AX15",1,"ALRU",0,0,0,0,0,0
"8847",2013,"AX15",1,"CANO",0,0,0,0,0,0
"8848",2013,"AX15",1,"PICO",0,0,0,0,0,0
"8849",2013,"AX15",1,"PIEN",0,0,0,0,0,0
"8850",2013,"AX15",1,"PIMO",0,0,0,0,0,0
"8851",2013,"AX15",1,"PISI",0,0,0,0,0,0
"8852",2013,"AX15",1,"PSME",0,0,0,0,0,0
"8853",2013,"AX15",1,"TABR",0,0,0,0,0,0
"8854",2013,"AX15",1,"THPL",3,2,25,0,0,0
"8855",2013,"AX15",1,"TSHE",10,13,7,0,0,0
"8856",2013,"AX15",1,"TSME",0,0,0,0,0,0
"8857",2013,"AX15",2,"ABAM",0,0,0,0,0,0
"8858",2013,"AX15",2,"ABGR",0,0,0,0,0,0
"8859",2013,"AX15",2,"ABLA",0,0,0,0,0,0
"8860",2013,"AX15",2,"ABPR",0,0,0,0,0,0
"8861",2013,"AX15",2,"ACGL",0,0,0,0,0,0
"8862",2013,"AX15",2,"ALRU",0,0,0,0,0,0
"8863",2013,"AX15",2,"CANO",0,0,0,0,0,0
"8864",2013,"AX15",2,"PICO",0,0,0,0,0,0
"8865",2013,"AX15",2,"PIEN",0,0,0,0,0,0
"8866",2013,"AX15",2,"PIMO",0,0,0,0,0,0
"8867",2013,"AX15",2,"PISI",0,0,0,0,0,0
"8868",2013,"AX15",2,"PSME",0,0,0,0,0,0
"8869",2013,"AX15",2,"TABR",0,0,0,0,0,0
"8870",2013,"AX15",2,"THPL",0,2,5,0,0,0
"8871",2013,"AX15",2,"TSHE",15,9,1,0,0,0
"8872",2013,"AX15",2,"TSME",0,0,0,0,0,0
"8873",2013,"AX15",3,"ABAM",0,0,0,0,0,0
"8874",2013,"AX15",3,"ABGR",0,0,0,0,0,0
"8875",2013,"AX15",3,"ABLA",0,0,0,0,0,0
"8876",2013,"AX15",3,"ABPR",0,0,0,0,0,0
"8877",2013,"AX15",3,"ACGL",0,0,0,0,0,0
"8878",2013,"AX15",3,"ALRU",0,0,0,0,0,0
"8879",2013,"AX15",3,"CANO",0,0,0,0,0,0
"8880",2013,"AX15",3,"PICO",0,0,0,0,0,0
"8881",2013,"AX15",3,"PIEN",0,0,0,0,0,0
"8882",2013,"AX15",3,"PIMO",0,0,0,0,0,0
"8883",2013,"AX15",3,"PISI",0,0,0,0,0,0
"8884",2013,"AX15",3,"PSME",0,0,0,0,0,0
"8885",2013,"AX15",3,"TABR",0,0,0,0,0,0
"8886",2013,"AX15",3,"THPL",1,0,3,0,0,0
"8887",2013,"AX15",3,"TSHE",7,10,1,0,0,0
"8888",2013,"AX15",3,"TSME",0,0,0,0,0,0
"8889",2013,"AX15",4,"ABAM",0,0,0,0,0,0
"8890",2013,"AX15",4,"ABGR",0,0,0,0,0,0
"8891",2013,"AX15",4,"ABLA",0,0,0,0,0,0
"8892",2013,"AX15",4,"ABPR",0,0,0,0,0,0
"8893",2013,"AX15",4,"ACGL",0,0,0,0,0,0
"8894",2013,"AX15",4,"ALRU",0,0,0,0,0,0
"8895",2013,"AX15",4,"CANO",0,0,0,0,0,0
"8896",2013,"AX15",4,"PICO",0,0,0,0,0,0
"8897",2013,"AX15",4,"PIEN",0,0,0,0,0,0
"8898",2013,"AX15",4,"PIMO",0,0,0,0,0,0
"8899",2013,"AX15",4,"PISI",0,0,0,0,0,0
"8900",2013,"AX15",4,"PSME",0,0,0,0,0,0
"8901",2013,"AX15",4,"TABR",0,0,0,0,0,0
"8902",2013,"AX15",4,"THPL",2,0,2,0,0,0
"8903",2013,"AX15",4,"TSHE",16,7,3,0,0,0
"8904",2013,"AX15",4,"TSME",0,0,0,0,0,0
"8905",2013,"AX15",5,"ABAM",0,0,0,0,0,0
"8906",2013,"AX15",5,"ABGR",0,0,0,0,0,0
"8907",2013,"AX15",5,"ABLA",0,0,0,0,0,0
"8908",2013,"AX15",5,"ABPR",0,0,0,0,0,0
"8909",2013,"AX15",5,"ACGL",0,0,0,0,0,0
"8910",2013,"AX15",5,"ALRU",0,0,0,0,0,0
"8911",2013,"AX15",5,"CANO",0,0,0,0,0,0
"8912",2013,"AX15",5,"PICO",0,0,0,0,0,0
"8913",2013,"AX15",5,"PIEN",0,0,0,0,0,0
"8914",2013,"AX15",5,"PIMO",0,0,0,0,0,0
"8915",2013,"AX15",5,"PISI",0,0,0,0,0,0
"8916",2013,"AX15",5,"PSME",0,0,0,0,0,0
"8917",2013,"AX15",5,"TABR",0,0,0,0,0,0
"8918",2013,"AX15",5,"THPL",0,0,0,0,0,0
"8919",2013,"AX15",5,"TSHE",19,15,1,0,0,0
"8920",2013,"AX15",5,"TSME",0,0,0,0,0,0
"8921",2013,"AX15",6,"ABAM",0,0,0,0,0,0
"8922",2013,"AX15",6,"ABGR",0,0,0,0,0,0
"8923",2013,"AX15",6,"ABLA",0,0,0,0,0,0
"8924",2013,"AX15",6,"ABPR",0,0,0,0,0,0
"8925",2013,"AX15",6,"ACGL",0,0,0,0,0,0
"8926",2013,"AX15",6,"ALRU",0,0,0,0,0,0
"8927",2013,"AX15",6,"CANO",0,0,0,0,0,0
"8928",2013,"AX15",6,"PICO",0,0,0,0,0,0
"8929",2013,"AX15",6,"PIEN",0,0,0,0,0,0
"8930",2013,"AX15",6,"PIMO",0,0,0,0,0,0
"8931",2013,"AX15",6,"PISI",0,0,0,0,0,0
"8932",2013,"AX15",6,"PSME",0,0,0,0,0,0
"8933",2013,"AX15",6,"TABR",0,0,0,0,0,0
"8934",2013,"AX15",6,"THPL",1,0,0,0,0,0
"8935",2013,"AX15",6,"TSHE",30,19,6,0,0,0
"8936",2013,"AX15",6,"TSME",0,0,0,0,0,0
"8937",2013,"PARA",1,"ABAM",1,0,0,0,0,0
"8938",2013,"PARA",1,"ABGR",0,0,0,0,0,0
"8939",2013,"PARA",1,"ABLA",0,0,0,0,0,0
"8940",2013,"PARA",1,"ABPR",0,0,0,0,0,0
"8941",2013,"PARA",1,"ACGL",0,0,0,0,0,0
"8942",2013,"PARA",1,"ALRU",0,0,0,0,0,0
"8943",2013,"PARA",1,"CANO",0,0,0,0,0,0
"8944",2013,"PARA",1,"PICO",0,0,0,0,0,0
"8945",2013,"PARA",1,"PIEN",0,0,0,0,0,0
"8946",2013,"PARA",1,"PIMO",0,0,0,0,0,0
"8947",2013,"PARA",1,"PISI",0,0,0,0,0,0
"8948",2013,"PARA",1,"PSME",0,0,0,0,0,0
"8949",2013,"PARA",1,"TABR",0,0,0,0,0,0
"8950",2013,"PARA",1,"THPL",0,0,0,0,0,0
"8951",2013,"PARA",1,"TSHE",0,0,0,0,0,0
"8952",2013,"PARA",1,"TSME",0,1,0,0,0,0
"8953",2013,"PARA",2,"ABAM",0,3,0,0,0,0
"8954",2013,"PARA",2,"ABGR",0,0,0,0,0,0
"8955",2013,"PARA",2,"ABLA",0,0,0,0,0,0
"8956",2013,"PARA",2,"ABPR",0,0,0,0,0,0
"8957",2013,"PARA",2,"ACGL",0,0,0,0,0,0
"8958",2013,"PARA",2,"ALRU",0,0,0,0,0,0
"8959",2013,"PARA",2,"CANO",0,0,0,0,0,0
"8960",2013,"PARA",2,"PICO",0,0,0,0,0,0
"8961",2013,"PARA",2,"PIEN",0,0,0,0,0,0
"8962",2013,"PARA",2,"PIMO",0,0,0,0,0,0
"8963",2013,"PARA",2,"PISI",0,0,0,0,0,0
"8964",2013,"PARA",2,"PSME",0,0,0,0,0,0
"8965",2013,"PARA",2,"TABR",0,0,0,0,0,0
"8966",2013,"PARA",2,"THPL",0,0,0,0,0,0
"8967",2013,"PARA",2,"TSHE",0,0,0,0,0,0
"8968",2013,"PARA",2,"TSME",2,0,1,10,7,17
"8969",2013,"PARA",3,"ABAM",0,0,0,0,0,0
"8970",2013,"PARA",3,"ABGR",0,0,0,0,0,0
"8971",2013,"PARA",3,"ABLA",0,2,0,0,0,0
"8972",2013,"PARA",3,"ABPR",0,0,0,0,0,0
"8973",2013,"PARA",3,"ACGL",0,0,0,0,0,0
"8974",2013,"PARA",3,"ALRU",0,0,0,0,0,0
"8975",2013,"PARA",3,"CANO",0,0,0,0,0,0
"8976",2013,"PARA",3,"PICO",0,0,0,0,0,0
"8977",2013,"PARA",3,"PIEN",0,0,0,0,0,0
"8978",2013,"PARA",3,"PIMO",0,0,0,0,0,0
"8979",2013,"PARA",3,"PISI",0,0,0,0,0,0
"8980",2013,"PARA",3,"PSME",0,0,0,0,0,0
"8981",2013,"PARA",3,"TABR",0,0,0,0,0,0
"8982",2013,"PARA",3,"THPL",0,0,0,0,0,0
"8983",2013,"PARA",3,"TSHE",0,0,0,0,0,0
"8984",2013,"PARA",3,"TSME",5,5,0,0,0,0
"8985",2013,"PARA",4,"ABAM",0,0,0,0,0,0
"8986",2013,"PARA",4,"ABGR",0,0,0,0,0,0
"8987",2013,"PARA",4,"ABLA",0,0,0,0,0,0
"8988",2013,"PARA",4,"ABPR",0,0,0,0,0,0
"8989",2013,"PARA",4,"ACGL",0,0,0,0,0,0
"8990",2013,"PARA",4,"ALRU",0,0,0,0,0,0
"8991",2013,"PARA",4,"CANO",0,0,0,0,0,0
"8992",2013,"PARA",4,"PICO",0,0,0,0,0,0
"8993",2013,"PARA",4,"PIEN",2,0,0,0,0,0
"8994",2013,"PARA",4,"PIMO",0,0,0,0,0,0
"8995",2013,"PARA",4,"PISI",0,0,0,0,0,0
"8996",2013,"PARA",4,"PSME",0,0,0,0,0,0
"8997",2013,"PARA",4,"TABR",0,0,0,0,0,0
"8998",2013,"PARA",4,"THPL",0,0,0,0,0,0
"8999",2013,"PARA",4,"TSHE",0,0,0,0,0,0
"9000",2013,"PARA",4,"TSME",5,0,0,0,0,0
"9001",2013,"PARA",5,"ABAM",0,0,0,0,0,0
"9002",2013,"PARA",5,"ABGR",0,0,0,0,0,0
"9003",2013,"PARA",5,"ABLA",0,0,0,0,0,0
"9004",2013,"PARA",5,"ABPR",0,0,0,0,0,0
"9005",2013,"PARA",5,"ACGL",0,0,0,0,0,0
"9006",2013,"PARA",5,"ALRU",0,0,0,0,0,0
"9007",2013,"PARA",5,"CANO",0,0,0,0,0,0
"9008",2013,"PARA",5,"PICO",0,0,0,0,0,0
"9009",2013,"PARA",5,"PIEN",0,0,0,0,0,0
"9010",2013,"PARA",5,"PIMO",0,0,0,0,0,0
"9011",2013,"PARA",5,"PISI",0,0,0,0,0,0
"9012",2013,"PARA",5,"PSME",0,0,0,0,0,0
"9013",2013,"PARA",5,"TABR",0,0,0,0,0,0
"9014",2013,"PARA",5,"THPL",0,0,0,0,0,0
"9015",2013,"PARA",5,"TSHE",0,0,0,0,0,0
"9016",2013,"PARA",5,"TSME",8,3,1,0,0,0
"9017",2013,"PARA",6,"ABAM",0,0,0,0,0,0
"9018",2013,"PARA",6,"ABGR",0,0,0,0,0,0
"9019",2013,"PARA",6,"ABLA",0,0,0,0,0,0
"9020",2013,"PARA",6,"ABPR",0,0,0,0,0,0
"9021",2013,"PARA",6,"ACGL",0,0,0,0,0,0
"9022",2013,"PARA",6,"ALRU",0,0,0,0,0,0
"9023",2013,"PARA",6,"CANO",0,0,0,0,0,0
"9024",2013,"PARA",6,"PICO",0,0,0,0,0,0
"9025",2013,"PARA",6,"PIEN",0,0,0,0,0,0
"9026",2013,"PARA",6,"PIMO",0,0,0,0,0,0
"9027",2013,"PARA",6,"PISI",0,0,0,0,0,0
"9028",2013,"PARA",6,"PSME",0,0,0,0,0,0
"9029",2013,"PARA",6,"TABR",0,0,0,0,0,0
"9030",2013,"PARA",6,"THPL",0,0,0,0,0,0
"9031",2013,"PARA",6,"TSHE",0,0,0,0,0,0
"9032",2013,"PARA",6,"TSME",5,0,8,15,25,40
"9033",2013,"PP17",1,"ABAM",0,0,0,0,0,0
"9034",2013,"PP17",1,"ABGR",0,0,0,0,0,0
"9035",2013,"PP17",1,"ABLA",0,0,0,0,0,0
"9036",2013,"PP17",1,"ABPR",0,0,0,0,0,0
"9037",2013,"PP17",1,"ACGL",0,0,0,0,0,0
"9038",2013,"PP17",1,"ALRU",0,0,0,0,0,0
"9039",2013,"PP17",1,"CANO",0,1,0,0,0,0
"9040",2013,"PP17",1,"PICO",0,0,0,0,0,0
"9041",2013,"PP17",1,"PIEN",0,0,0,0,0,0
"9042",2013,"PP17",1,"PIMO",0,0,0,0,0,0
"9043",2013,"PP17",1,"PISI",0,0,0,0,0,0
"9044",2013,"PP17",1,"PSME",1,1,0,0,0,0
"9045",2013,"PP17",1,"TABR",0,0,0,0,0,0
"9046",2013,"PP17",1,"THPL",0,0,0,0,0,0
"9047",2013,"PP17",1,"TSHE",0,1,0,0,0,0
"9048",2013,"PP17",1,"TSME",0,0,0,0,0,0
"9049",2013,"PP17",2,"ABAM",0,0,0,0,0,0
"9050",2013,"PP17",2,"ABGR",0,0,0,0,0,0
"9051",2013,"PP17",2,"ABLA",0,0,0,0,0,0
"9052",2013,"PP17",2,"ABPR",0,0,0,0,0,0
"9053",2013,"PP17",2,"ACGL",0,0,0,0,0,0
"9054",2013,"PP17",2,"ALRU",0,0,0,0,0,0
"9055",2013,"PP17",2,"CANO",0,4,0,0,0,0
"9056",2013,"PP17",2,"PICO",1,1,0,0,0,0
"9057",2013,"PP17",2,"PIEN",0,0,0,0,0,0
"9058",2013,"PP17",2,"PIMO",0,0,0,0,0,0
"9059",2013,"PP17",2,"PISI",0,0,0,0,0,0
"9060",2013,"PP17",2,"PSME",3,0,0,0,0,0
"9061",2013,"PP17",2,"TABR",0,0,0,0,0,0
"9062",2013,"PP17",2,"THPL",0,0,0,0,0,0
"9063",2013,"PP17",2,"TSHE",0,1,0,0,0,0
"9064",2013,"PP17",2,"TSME",0,3,2,9,11,20
"9065",2013,"PP17",3,"ABAM",0,0,0,0,0,0
"9066",2013,"PP17",3,"ABGR",0,0,0,0,0,0
"9067",2013,"PP17",3,"ABLA",0,0,0,0,0,0
"9068",2013,"PP17",3,"ABPR",0,0,0,0,0,0
"9069",2013,"PP17",3,"ACGL",0,0,0,0,0,0
"9070",2013,"PP17",3,"ALRU",0,0,0,0,0,0
"9071",2013,"PP17",3,"CANO",0,0,0,0,0,0
"9072",2013,"PP17",3,"PICO",1,0,0,0,0,0
"9073",2013,"PP17",3,"PIEN",0,0,0,0,0,0
"9074",2013,"PP17",3,"PIMO",0,0,0,0,0,0
"9075",2013,"PP17",3,"PISI",0,0,0,0,0,0
"9076",2013,"PP17",3,"PSME",2,1,0,0,0,0
"9077",2013,"PP17",3,"TABR",0,0,0,0,0,0
"9078",2013,"PP17",3,"THPL",0,0,0,0,0,0
"9079",2013,"PP17",3,"TSHE",2,0,0,0,0,0
"9080",2013,"PP17",3,"TSME",0,0,0,0,0,0
"9081",2013,"PP17",4,"ABAM",0,0,0,0,0,0
"9082",2013,"PP17",4,"ABGR",0,0,0,0,0,0
"9083",2013,"PP17",4,"ABLA",0,0,0,0,0,0
"9084",2013,"PP17",4,"ABPR",0,0,0,0,0,0
"9085",2013,"PP17",4,"ACGL",0,0,0,0,0,0
"9086",2013,"PP17",4,"ALRU",0,0,0,0,0,0
"9087",2013,"PP17",4,"CANO",0,2,0,0,0,0
"9088",2013,"PP17",4,"PICO",1,0,0,0,0,0
"9089",2013,"PP17",4,"PIEN",0,0,0,0,0,0
"9090",2013,"PP17",4,"PIMO",0,0,0,0,0,0
"9091",2013,"PP17",4,"PISI",0,0,0,0,0,0
"9092",2013,"PP17",4,"PSME",0,0,0,0,0,0
"9093",2013,"PP17",4,"TABR",0,0,0,0,0,0
"9094",2013,"PP17",4,"THPL",0,0,0,0,0,0
"9095",2013,"PP17",4,"TSHE",0,0,0,0,0,0
"9096",2013,"PP17",4,"TSME",0,0,0,0,0,0
"9097",2013,"PP17",5,"ABAM",0,0,0,0,0,0
"9098",2013,"PP17",5,"ABGR",0,0,0,0,0,0
"9099",2013,"PP17",5,"ABLA",0,0,0,0,0,0
"9100",2013,"PP17",5,"ABPR",0,0,0,0,0,0
"9101",2013,"PP17",5,"ACGL",0,0,0,0,0,0
"9102",2013,"PP17",5,"ALRU",0,0,0,0,0,0
"9103",2013,"PP17",5,"CANO",0,0,0,0,0,0
"9104",2013,"PP17",5,"PICO",0,0,0,0,0,0
"9105",2013,"PP17",5,"PIEN",0,0,0,0,0,0
"9106",2013,"PP17",5,"PIMO",0,0,0,0,0,0
"9107",2013,"PP17",5,"PISI",0,0,0,0,0,0
"9108",2013,"PP17",5,"PSME",1,0,0,0,0,0
"9109",2013,"PP17",5,"TABR",0,0,0,0,0,0
"9110",2013,"PP17",5,"THPL",0,0,0,0,0,0
"9111",2013,"PP17",5,"TSHE",0,0,0,0,0,0
"9112",2013,"PP17",5,"TSME",0,0,0,0,0,0
"9113",2013,"PP17",6,"ABAM",0,0,0,0,0,0
"9114",2013,"PP17",6,"ABGR",0,0,0,0,0,0
"9115",2013,"PP17",6,"ABLA",0,0,0,0,0,0
"9116",2013,"PP17",6,"ABPR",0,0,0,0,0,0
"9117",2013,"PP17",6,"ACGL",0,0,0,0,0,0
"9118",2013,"PP17",6,"ALRU",0,0,0,0,0,0
"9119",2013,"PP17",6,"CANO",0,0,0,0,0,0
"9120",2013,"PP17",6,"PICO",0,0,0,0,0,0
"9121",2013,"PP17",6,"PIEN",0,0,0,0,0,0
"9122",2013,"PP17",6,"PIMO",0,0,0,0,0,0
"9123",2013,"PP17",6,"PISI",0,0,0,0,0,0
"9124",2013,"PP17",6,"PSME",0,1,0,0,0,0
"9125",2013,"PP17",6,"TABR",0,0,0,0,0,0
"9126",2013,"PP17",6,"THPL",0,0,0,0,0,0
"9127",2013,"PP17",6,"TSHE",1,0,0,0,0,0
"9128",2013,"PP17",6,"TSME",0,0,0,0,0,0
"9129",2013,"SPRY",1,"ABAM",0,0,0,0,0,0
"9130",2013,"SPRY",1,"ABGR",0,0,0,0,0,0
"9131",2013,"SPRY",1,"ABLA",0,0,0,0,0,0
"9132",2013,"SPRY",1,"ABPR",0,0,0,0,0,0
"9133",2013,"SPRY",1,"ACGL",0,0,0,0,0,0
"9134",2013,"SPRY",1,"ALRU",0,0,0,0,0,0
"9135",2013,"SPRY",1,"CANO",0,0,0,0,0,0
"9136",2013,"SPRY",1,"PICO",0,0,0,0,0,0
"9137",2013,"SPRY",1,"PIEN",0,0,0,0,0,0
"9138",2013,"SPRY",1,"PIMO",0,0,0,0,0,0
"9139",2013,"SPRY",1,"PISI",0,0,0,0,0,0
"9140",2013,"SPRY",1,"PSME",0,0,0,0,0,0
"9141",2013,"SPRY",1,"TABR",0,0,0,0,0,0
"9142",2013,"SPRY",1,"THPL",0,0,0,0,0,0
"9143",2013,"SPRY",1,"TSHE",0,0,0,0,0,0
"9144",2013,"SPRY",1,"TSME",1,1,1,0,28,28
"9145",2013,"SPRY",2,"ABAM",0,0,0,0,0,0
"9146",2013,"SPRY",2,"ABGR",0,0,0,0,0,0
"9147",2013,"SPRY",2,"ABLA",0,0,0,0,0,0
"9148",2013,"SPRY",2,"ABPR",0,0,0,0,0,0
"9149",2013,"SPRY",2,"ACGL",0,0,0,0,0,0
"9150",2013,"SPRY",2,"ALRU",0,0,0,0,0,0
"9151",2013,"SPRY",2,"CANO",0,0,0,0,0,0
"9152",2013,"SPRY",2,"PICO",0,0,0,0,0,0
"9153",2013,"SPRY",2,"PIEN",0,0,0,0,0,0
"9154",2013,"SPRY",2,"PIMO",0,0,0,0,0,0
"9155",2013,"SPRY",2,"PISI",0,0,0,0,0,0
"9156",2013,"SPRY",2,"PSME",0,0,0,0,0,0
"9157",2013,"SPRY",2,"TABR",0,0,0,0,0,0
"9158",2013,"SPRY",2,"THPL",0,0,0,0,0,0
"9159",2013,"SPRY",2,"TSHE",0,0,0,0,0,0
"9160",2013,"SPRY",2,"TSME",0,0,0,0,0,0
"9161",2013,"SPRY",3,"ABAM",1,0,0,0,0,0
"9162",2013,"SPRY",3,"ABGR",0,0,0,0,0,0
"9163",2013,"SPRY",3,"ABLA",0,0,0,0,0,0
"9164",2013,"SPRY",3,"ABPR",0,0,0,0,0,0
"9165",2013,"SPRY",3,"ACGL",0,0,0,0,0,0
"9166",2013,"SPRY",3,"ALRU",0,0,0,0,0,0
"9167",2013,"SPRY",3,"CANO",1,0,0,0,0,0
"9168",2013,"SPRY",3,"PICO",0,0,0,0,0,0
"9169",2013,"SPRY",3,"PIEN",0,0,0,0,0,0
"9170",2013,"SPRY",3,"PIMO",0,0,0,0,0,0
"9171",2013,"SPRY",3,"PISI",0,0,0,0,0,0
"9172",2013,"SPRY",3,"PSME",0,0,0,0,0,0
"9173",2013,"SPRY",3,"TABR",0,0,0,0,0,0
"9174",2013,"SPRY",3,"THPL",0,0,0,0,0,0
"9175",2013,"SPRY",3,"TSHE",0,0,0,0,0,0
"9176",2013,"SPRY",3,"TSME",6,3,0,0,0,0
"9177",2013,"SPRY",4,"ABAM",0,0,0,0,0,0
"9178",2013,"SPRY",4,"ABGR",0,0,0,0,0,0
"9179",2013,"SPRY",4,"ABLA",0,0,0,0,0,0
"9180",2013,"SPRY",4,"ABPR",0,0,0,0,0,0
"9181",2013,"SPRY",4,"ACGL",0,0,0,0,0,0
"9182",2013,"SPRY",4,"ALRU",0,0,0,0,0,0
"9183",2013,"SPRY",4,"CANO",2,0,0,0,0,0
"9184",2013,"SPRY",4,"PICO",0,0,0,0,0,0
"9185",2013,"SPRY",4,"PIEN",0,0,0,0,0,0
"9186",2013,"SPRY",4,"PIMO",0,0,0,0,0,0
"9187",2013,"SPRY",4,"PISI",0,0,0,0,0,0
"9188",2013,"SPRY",4,"PSME",0,0,0,0,0,0
"9189",2013,"SPRY",4,"TABR",0,0,0,0,0,0
"9190",2013,"SPRY",4,"THPL",0,0,0,0,0,0
"9191",2013,"SPRY",4,"TSHE",0,0,0,0,0,0
"9192",2013,"SPRY",4,"TSME",3,0,0,0,0,0
"9193",2013,"SPRY",5,"ABAM",0,0,0,0,0,0
"9194",2013,"SPRY",5,"ABGR",0,0,0,0,0,0
"9195",2013,"SPRY",5,"ABLA",0,0,0,0,0,0
"9196",2013,"SPRY",5,"ABPR",0,0,0,0,0,0
"9197",2013,"SPRY",5,"ACGL",0,0,0,0,0,0
"9198",2013,"SPRY",5,"ALRU",0,0,0,0,0,0
"9199",2013,"SPRY",5,"CANO",1,1,0,0,0,0
"9200",2013,"SPRY",5,"PICO",0,0,0,0,0,0
"9201",2013,"SPRY",5,"PIEN",0,0,0,0,0,0
"9202",2013,"SPRY",5,"PIMO",0,1,0,0,0,0
"9203",2013,"SPRY",5,"PISI",0,0,0,0,0,0
"9204",2013,"SPRY",5,"PSME",0,0,0,0,0,0
"9205",2013,"SPRY",5,"TABR",0,0,0,0,0,0
"9206",2013,"SPRY",5,"THPL",0,0,0,0,0,0
"9207",2013,"SPRY",5,"TSHE",0,0,0,0,0,0
"9208",2013,"SPRY",5,"TSME",1,0,0,0,0,0
"9209",2013,"SPRY",6,"ABAM",0,0,0,0,0,0
"9210",2013,"SPRY",6,"ABGR",0,0,0,0,0,0
"9211",2013,"SPRY",6,"ABLA",0,0,0,0,0,0
"9212",2013,"SPRY",6,"ABPR",0,0,0,0,0,0
"9213",2013,"SPRY",6,"ACGL",0,0,0,0,0,0
"9214",2013,"SPRY",6,"ALRU",0,0,0,0,0,0
"9215",2013,"SPRY",6,"CANO",2,0,0,0,0,0
"9216",2013,"SPRY",6,"PICO",0,0,0,0,0,0
"9217",2013,"SPRY",6,"PIEN",0,0,0,0,0,0
"9218",2013,"SPRY",6,"PIMO",0,0,0,0,0,0
"9219",2013,"SPRY",6,"PISI",0,0,0,0,0,0
"9220",2013,"SPRY",6,"PSME",0,0,0,0,0,0
"9221",2013,"SPRY",6,"TABR",0,0,0,0,0,0
"9222",2013,"SPRY",6,"THPL",0,0,0,0,0,0
"9223",2013,"SPRY",6,"TSHE",0,0,0,0,0,0
"9224",2013,"SPRY",6,"TSME",1,0,0,0,0,0
"9225",2013,"SUNR",1,"ABAM",0,0,0,0,0,0
"9226",2013,"SUNR",1,"ABGR",0,0,0,0,0,0
"9227",2013,"SUNR",1,"ABLA",0,0,0,0,0,0
"9228",2013,"SUNR",1,"ABPR",0,0,0,0,0,0
"9229",2013,"SUNR",1,"ACGL",0,0,0,0,0,0
"9230",2013,"SUNR",1,"ALRU",0,0,0,0,0,0
"9231",2013,"SUNR",1,"CANO",2,0,0,0,0,0
"9232",2013,"SUNR",1,"PICO",0,0,0,0,0,0
"9233",2013,"SUNR",1,"PIEN",0,0,0,0,0,0
"9234",2013,"SUNR",1,"PIMO",0,0,0,0,0,0
"9235",2013,"SUNR",1,"PISI",0,0,0,0,0,0
"9236",2013,"SUNR",1,"PSME",0,0,0,0,0,0
"9237",2013,"SUNR",1,"TABR",0,0,0,0,0,0
"9238",2013,"SUNR",1,"THPL",0,0,0,0,0,0
"9239",2013,"SUNR",1,"TSHE",0,0,0,0,0,0
"9240",2013,"SUNR",1,"TSME",0,0,0,0,0,0
"9241",2013,"SUNR",2,"ABAM",0,0,0,0,0,0
"9242",2013,"SUNR",2,"ABGR",0,0,0,0,0,0
"9243",2013,"SUNR",2,"ABLA",2,0,0,0,0,0
"9244",2013,"SUNR",2,"ABPR",0,0,0,0,0,0
"9245",2013,"SUNR",2,"ACGL",0,0,0,0,0,0
"9246",2013,"SUNR",2,"ALRU",0,0,0,0,0,0
"9247",2013,"SUNR",2,"CANO",0,0,0,0,0,0
"9248",2013,"SUNR",2,"PICO",0,0,0,0,0,0
"9249",2013,"SUNR",2,"PIEN",0,0,0,0,0,0
"9250",2013,"SUNR",2,"PIMO",0,0,0,0,0,0
"9251",2013,"SUNR",2,"PISI",0,0,0,0,0,0
"9252",2013,"SUNR",2,"PSME",0,0,0,0,0,0
"9253",2013,"SUNR",2,"TABR",0,0,0,0,0,0
"9254",2013,"SUNR",2,"THPL",0,0,0,0,0,0
"9255",2013,"SUNR",2,"TSHE",0,0,0,0,0,0
"9256",2013,"SUNR",2,"TSME",1,0,1,7,14,21
"9257",2013,"SUNR",3,"ABAM",0,0,0,0,0,0
"9258",2013,"SUNR",3,"ABGR",0,0,0,0,0,0
"9259",2013,"SUNR",3,"ABLA",1,0,0,0,0,0
"9260",2013,"SUNR",3,"ABPR",0,0,0,0,0,0
"9261",2013,"SUNR",3,"ACGL",0,0,0,0,0,0
"9262",2013,"SUNR",3,"ALRU",0,0,0,0,0,0
"9263",2013,"SUNR",3,"CANO",0,0,0,0,0,0
"9264",2013,"SUNR",3,"PICO",0,0,0,0,0,0
"9265",2013,"SUNR",3,"PIEN",0,0,0,0,0,0
"9266",2013,"SUNR",3,"PIMO",0,0,0,0,0,0
"9267",2013,"SUNR",3,"PISI",0,0,0,0,0,0
"9268",2013,"SUNR",3,"PSME",0,0,0,0,0,0
"9269",2013,"SUNR",3,"TABR",0,0,0,0,0,0
"9270",2013,"SUNR",3,"THPL",0,0,0,0,0,0
"9271",2013,"SUNR",3,"TSHE",0,0,0,0,0,0
"9272",2013,"SUNR",3,"TSME",1,1,0,0,0,0
"9273",2013,"SUNR",4,"ABAM",1,1,0,0,0,0
"9274",2013,"SUNR",4,"ABGR",0,0,0,0,0,0
"9275",2013,"SUNR",4,"ABLA",1,0,0,0,0,0
"9276",2013,"SUNR",4,"ABPR",0,0,0,0,0,0
"9277",2013,"SUNR",4,"ACGL",0,0,0,0,0,0
"9278",2013,"SUNR",4,"ALRU",0,0,0,0,0,0
"9279",2013,"SUNR",4,"CANO",3,0,0,0,0,0
"9280",2013,"SUNR",4,"PICO",0,0,0,0,0,0
"9281",2013,"SUNR",4,"PIEN",0,0,0,0,0,0
"9282",2013,"SUNR",4,"PIMO",0,0,0,0,0,0
"9283",2013,"SUNR",4,"PISI",0,0,0,0,0,0
"9284",2013,"SUNR",4,"PSME",0,0,0,0,0,0
"9285",2013,"SUNR",4,"TABR",0,0,0,0,0,0
"9286",2013,"SUNR",4,"THPL",0,0,0,0,0,0
"9287",2013,"SUNR",4,"TSHE",0,0,0,0,0,0
"9288",2013,"SUNR",4,"TSME",1,0,0,0,0,0
"9289",2013,"SUNR",5,"ABAM",1,0,0,0,0,0
"9290",2013,"SUNR",5,"ABGR",0,0,0,0,0,0
"9291",2013,"SUNR",5,"ABLA",2,0,0,0,0,0
"9292",2013,"SUNR",5,"ABPR",0,0,0,0,0,0
"9293",2013,"SUNR",5,"ACGL",0,0,0,0,0,0
"9294",2013,"SUNR",5,"ALRU",0,0,0,0,0,0
"9295",2013,"SUNR",5,"CANO",2,0,0,0,0,0
"9296",2013,"SUNR",5,"PICO",0,0,0,0,0,0
"9297",2013,"SUNR",5,"PIEN",0,0,0,0,0,0
"9298",2013,"SUNR",5,"PIMO",0,0,0,0,0,0
"9299",2013,"SUNR",5,"PISI",0,0,0,0,0,0
"9300",2013,"SUNR",5,"PSME",0,0,0,0,0,0
"9301",2013,"SUNR",5,"TABR",0,0,0,0,0,0
"9302",2013,"SUNR",5,"THPL",0,0,0,0,0,0
"9303",2013,"SUNR",5,"TSHE",0,0,0,0,0,0
"9304",2013,"SUNR",5,"TSME",2,2,0,0,0,0
"9305",2013,"SUNR",6,"ABAM",0,1,0,0,0,0
"9306",2013,"SUNR",6,"ABGR",0,0,0,0,0,0
"9307",2013,"SUNR",6,"ABLA",3,1,0,0,0,0
"9308",2013,"SUNR",6,"ABPR",0,0,0,0,0,0
"9309",2013,"SUNR",6,"ACGL",0,0,0,0,0,0
"9310",2013,"SUNR",6,"ALRU",0,0,0,0,0,0
"9311",2013,"SUNR",6,"CANO",1,0,0,0,0,0
"9312",2013,"SUNR",6,"PICO",0,0,0,0,0,0
"9313",2013,"SUNR",6,"PIEN",0,0,0,0,0,0
"9314",2013,"SUNR",6,"PIMO",0,0,0,0,0,0
"9315",2013,"SUNR",6,"PISI",0,0,0,0,0,0
"9316",2013,"SUNR",6,"PSME",0,0,0,0,0,0
"9317",2013,"SUNR",6,"TABR",0,0,0,0,0,0
"9318",2013,"SUNR",6,"THPL",0,0,0,0,0,0
"9319",2013,"SUNR",6,"TSHE",0,0,0,0,0,0
"9320",2013,"SUNR",6,"TSME",5,0,1,1,16,17
"9321",2013,"TA01",1,"ABAM",0,0,0,0,0,0
"9322",2013,"TA01",1,"ABGR",0,0,0,0,0,0
"9323",2013,"TA01",1,"ABLA",0,0,0,0,0,0
"9324",2013,"TA01",1,"ABPR",0,0,0,0,0,0
"9325",2013,"TA01",1,"ACGL",0,0,0,0,0,0
"9326",2013,"TA01",1,"ALRU",0,0,0,0,0,0
"9327",2013,"TA01",1,"CANO",0,0,0,0,0,0
"9328",2013,"TA01",1,"PICO",0,0,0,0,0,0
"9329",2013,"TA01",1,"PIEN",0,0,0,0,0,0
"9330",2013,"TA01",1,"PIMO",0,0,0,0,0,0
"9331",2013,"TA01",1,"PISI",0,0,0,0,0,0
"9332",2013,"TA01",1,"PSME",0,0,0,0,0,0
"9333",2013,"TA01",1,"TABR",0,0,0,0,0,0
"9334",2013,"TA01",1,"THPL",0,1,0,0,0,0
"9335",2013,"TA01",1,"TSHE",4,0,0,0,0,0
"9336",2013,"TA01",1,"TSME",0,0,0,0,0,0
"9337",2013,"TA01",2,"ABAM",0,0,0,0,0,0
"9338",2013,"TA01",2,"ABGR",0,0,0,0,0,0
"9339",2013,"TA01",2,"ABLA",0,0,0,0,0,0
"9340",2013,"TA01",2,"ABPR",0,0,0,0,0,0
"9341",2013,"TA01",2,"ACGL",0,0,0,0,0,0
"9342",2013,"TA01",2,"ALRU",0,0,0,0,0,0
"9343",2013,"TA01",2,"CANO",0,0,0,0,0,0
"9344",2013,"TA01",2,"PICO",0,0,0,0,0,0
"9345",2013,"TA01",2,"PIEN",0,0,0,0,0,0
"9346",2013,"TA01",2,"PIMO",0,0,0,0,0,0
"9347",2013,"TA01",2,"PISI",0,0,0,0,0,0
"9348",2013,"TA01",2,"PSME",0,0,0,0,0,0
"9349",2013,"TA01",2,"TABR",0,0,0,0,0,0
"9350",2013,"TA01",2,"THPL",1,3,0,0,0,0
"9351",2013,"TA01",2,"TSHE",1,0,0,0,0,0
"9352",2013,"TA01",2,"TSME",0,0,0,0,0,0
"9353",2013,"TA01",3,"ABAM",0,0,0,0,0,0
"9354",2013,"TA01",3,"ABGR",0,0,0,0,0,0
"9355",2013,"TA01",3,"ABLA",0,0,0,0,0,0
"9356",2013,"TA01",3,"ABPR",0,0,0,0,0,0
"9357",2013,"TA01",3,"ACGL",0,0,0,0,0,0
"9358",2013,"TA01",3,"ALRU",0,0,0,0,0,0
"9359",2013,"TA01",3,"CANO",0,0,0,0,0,0
"9360",2013,"TA01",3,"PICO",0,0,0,0,0,0
"9361",2013,"TA01",3,"PIEN",0,0,0,0,0,0
"9362",2013,"TA01",3,"PIMO",0,0,0,0,0,0
"9363",2013,"TA01",3,"PISI",0,0,0,0,0,0
"9364",2013,"TA01",3,"PSME",0,0,0,0,0,0
"9365",2013,"TA01",3,"TABR",0,0,0,0,0,0
"9366",2013,"TA01",3,"THPL",0,0,0,0,0,0
"9367",2013,"TA01",3,"TSHE",4,0,0,0,0,0
"9368",2013,"TA01",3,"TSME",1,0,0,0,0,0
"9369",2013,"TA01",4,"ABAM",0,0,0,0,0,0
"9370",2013,"TA01",4,"ABGR",0,0,0,0,0,0
"9371",2013,"TA01",4,"ABLA",0,0,0,0,0,0
"9372",2013,"TA01",4,"ABPR",0,0,0,0,0,0
"9373",2013,"TA01",4,"ACGL",0,0,0,0,0,0
"9374",2013,"TA01",4,"ALRU",0,0,0,0,0,0
"9375",2013,"TA01",4,"CANO",0,0,0,0,0,0
"9376",2013,"TA01",4,"PICO",0,0,0,0,0,0
"9377",2013,"TA01",4,"PIEN",0,0,0,0,0,0
"9378",2013,"TA01",4,"PIMO",0,0,0,0,0,0
"9379",2013,"TA01",4,"PISI",0,0,0,0,0,0
"9380",2013,"TA01",4,"PSME",0,0,0,0,0,0
"9381",2013,"TA01",4,"TABR",0,0,0,0,0,0
"9382",2013,"TA01",4,"THPL",0,4,0,0,0,0
"9383",2013,"TA01",4,"TSHE",3,2,0,0,0,0
"9384",2013,"TA01",4,"TSME",0,0,0,0,0,0
"9385",2013,"TA01",5,"ABAM",0,0,0,0,0,0
"9386",2013,"TA01",5,"ABGR",0,0,0,0,0,0
"9387",2013,"TA01",5,"ABLA",0,0,0,0,0,0
"9388",2013,"TA01",5,"ABPR",0,0,0,0,0,0
"9389",2013,"TA01",5,"ACGL",0,0,0,0,0,0
"9390",2013,"TA01",5,"ALRU",0,0,0,0,0,0
"9391",2013,"TA01",5,"CANO",0,0,0,0,0,0
"9392",2013,"TA01",5,"PICO",0,0,0,0,0,0
"9393",2013,"TA01",5,"PIEN",0,0,0,0,0,0
"9394",2013,"TA01",5,"PIMO",0,0,0,0,0,0
"9395",2013,"TA01",5,"PISI",0,0,0,0,0,0
"9396",2013,"TA01",5,"PSME",3,0,0,0,0,0
"9397",2013,"TA01",5,"TABR",0,0,0,0,0,0
"9398",2013,"TA01",5,"THPL",3,3,0,0,0,0
"9399",2013,"TA01",5,"TSHE",2,1,0,0,0,0
"9400",2013,"TA01",5,"TSME",0,0,0,0,0,0
"9401",2013,"TA01",6,"ABAM",0,0,0,0,0,0
"9402",2013,"TA01",6,"ABGR",0,0,0,0,0,0
"9403",2013,"TA01",6,"ABLA",0,0,0,0,0,0
"9404",2013,"TA01",6,"ABPR",0,0,0,0,0,0
"9405",2013,"TA01",6,"ACGL",0,0,0,0,0,0
"9406",2013,"TA01",6,"ALRU",0,0,0,0,0,0
"9407",2013,"TA01",6,"CANO",0,0,0,0,0,0
"9408",2013,"TA01",6,"PICO",0,0,0,0,0,0
"9409",2013,"TA01",6,"PIEN",0,0,0,0,0,0
"9410",2013,"TA01",6,"PIMO",0,0,0,0,0,0
"9411",2013,"TA01",6,"PISI",0,0,0,0,0,0
"9412",2013,"TA01",6,"PSME",2,0,0,0,0,0
"9413",2013,"TA01",6,"TABR",0,0,0,0,0,0
"9414",2013,"TA01",6,"THPL",0,3,0,0,0,0
"9415",2013,"TA01",6,"TSHE",4,0,0,0,0,0
"9416",2013,"TA01",6,"TSME",0,0,0,0,0,0
"9417",2013,"TB13",1,"ABAM",0,0,0,0,0,0
"9418",2013,"TB13",1,"ABGR",0,0,0,0,0,0
"9419",2013,"TB13",1,"ABLA",0,0,0,0,0,0
"9420",2013,"TB13",1,"ABPR",0,0,0,0,0,0
"9421",2013,"TB13",1,"ACGL",0,0,0,0,0,0
"9422",2013,"TB13",1,"ALRU",0,0,0,0,0,0
"9423",2013,"TB13",1,"CANO",0,0,0,0,0,0
"9424",2013,"TB13",1,"PICO",0,0,0,0,0,0
"9425",2013,"TB13",1,"PIEN",0,0,0,0,0,0
"9426",2013,"TB13",1,"PIMO",0,0,0,0,0,0
"9427",2013,"TB13",1,"PISI",0,0,0,0,0,0
"9428",2013,"TB13",1,"PSME",1,0,0,0,0,0
"9429",2013,"TB13",1,"TABR",0,0,0,0,0,0
"9430",2013,"TB13",1,"THPL",0,1,0,0,0,0
"9431",2013,"TB13",1,"TSHE",0,0,3,2,0,2
"9432",2013,"TB13",1,"TSME",0,0,0,0,0,0
"9433",2013,"TB13",2,"ABAM",0,0,0,0,0,0
"9434",2013,"TB13",2,"ABGR",0,0,0,0,0,0
"9435",2013,"TB13",2,"ABLA",0,0,0,0,0,0
"9436",2013,"TB13",2,"ABPR",0,0,0,0,0,0
"9437",2013,"TB13",2,"ACGL",0,0,0,0,0,0
"9438",2013,"TB13",2,"ALRU",0,0,0,0,0,0
"9439",2013,"TB13",2,"CANO",0,0,0,0,0,0
"9440",2013,"TB13",2,"PICO",0,0,0,0,0,0
"9441",2013,"TB13",2,"PIEN",0,0,0,0,0,0
"9442",2013,"TB13",2,"PIMO",0,0,0,0,0,0
"9443",2013,"TB13",2,"PISI",0,0,0,0,0,0
"9444",2013,"TB13",2,"PSME",2,0,0,0,0,0
"9445",2013,"TB13",2,"TABR",0,0,0,0,0,0
"9446",2013,"TB13",2,"THPL",3,0,1,0,0,0
"9447",2013,"TB13",2,"TSHE",3,1,3,3,0,3
"9448",2013,"TB13",2,"TSME",0,0,0,0,0,0
"9449",2013,"TB13",3,"ABAM",0,0,0,0,0,0
"9450",2013,"TB13",3,"ABGR",0,0,0,0,0,0
"9451",2013,"TB13",3,"ABLA",0,0,0,0,0,0
"9452",2013,"TB13",3,"ABPR",0,0,0,0,0,0
"9453",2013,"TB13",3,"ACGL",0,0,0,0,0,0
"9454",2013,"TB13",3,"ALRU",0,0,0,0,0,0
"9455",2013,"TB13",3,"CANO",0,0,0,0,0,0
"9456",2013,"TB13",3,"PICO",0,0,0,0,0,0
"9457",2013,"TB13",3,"PIEN",0,0,0,0,0,0
"9458",2013,"TB13",3,"PIMO",0,0,0,0,0,0
"9459",2013,"TB13",3,"PISI",0,0,0,0,0,0
"9460",2013,"TB13",3,"PSME",1,0,0,0,0,0
"9461",2013,"TB13",3,"TABR",0,0,0,0,0,0
"9462",2013,"TB13",3,"THPL",0,0,0,0,0,0
"9463",2013,"TB13",3,"TSHE",5,1,3,3,0,3
"9464",2013,"TB13",3,"TSME",0,0,0,0,0,0
"9465",2013,"TB13",4,"ABAM",0,0,0,0,0,0
"9466",2013,"TB13",4,"ABGR",0,0,0,0,0,0
"9467",2013,"TB13",4,"ABLA",0,0,0,0,0,0
"9468",2013,"TB13",4,"ABPR",0,0,0,0,0,0
"9469",2013,"TB13",4,"ACGL",0,0,0,0,0,0
"9470",2013,"TB13",4,"ALRU",0,0,0,0,0,0
"9471",2013,"TB13",4,"CANO",0,0,0,0,0,0
"9472",2013,"TB13",4,"PICO",0,0,0,0,0,0
"9473",2013,"TB13",4,"PIEN",0,0,0,0,0,0
"9474",2013,"TB13",4,"PIMO",0,0,0,0,0,0
"9475",2013,"TB13",4,"PISI",0,0,0,0,0,0
"9476",2013,"TB13",4,"PSME",0,0,0,0,0,0
"9477",2013,"TB13",4,"TABR",0,0,0,0,0,0
"9478",2013,"TB13",4,"THPL",3,4,11,8,0,8
"9479",2013,"TB13",4,"TSHE",4,1,1,1,0,1
"9480",2013,"TB13",4,"TSME",0,0,0,0,0,0
"9481",2013,"TB13",5,"ABAM",0,0,0,0,0,0
"9482",2013,"TB13",5,"ABGR",0,0,0,0,0,0
"9483",2013,"TB13",5,"ABLA",0,0,0,0,0,0
"9484",2013,"TB13",5,"ABPR",0,0,0,0,0,0
"9485",2013,"TB13",5,"ACGL",0,0,0,0,0,0
"9486",2013,"TB13",5,"ALRU",0,0,0,0,0,0
"9487",2013,"TB13",5,"CANO",0,0,0,0,0,0
"9488",2013,"TB13",5,"PICO",0,0,0,0,0,0
"9489",2013,"TB13",5,"PIEN",0,0,0,0,0,0
"9490",2013,"TB13",5,"PIMO",0,0,0,0,0,0
"9491",2013,"TB13",5,"PISI",0,0,0,0,0,0
"9492",2013,"TB13",5,"PSME",0,1,0,0,0,0
"9493",2013,"TB13",5,"TABR",0,0,0,0,0,0
"9494",2013,"TB13",5,"THPL",2,3,38,13,12,25
"9495",2013,"TB13",5,"TSHE",0,0,8,3,20,23
"9496",2013,"TB13",5,"TSME",0,0,0,0,0,0
"9497",2013,"TB13",6,"ABAM",0,0,0,0,0,0
"9498",2013,"TB13",6,"ABGR",0,0,0,0,0,0
"9499",2013,"TB13",6,"ABLA",0,0,0,0,0,0
"9500",2013,"TB13",6,"ABPR",0,0,0,0,0,0
"9501",2013,"TB13",6,"ACGL",0,0,0,0,0,0
"9502",2013,"TB13",6,"ALRU",0,0,0,0,0,0
"9503",2013,"TB13",6,"CANO",0,0,0,0,0,0
"9504",2013,"TB13",6,"PICO",0,0,0,0,0,0
"9505",2013,"TB13",6,"PIEN",0,0,0,0,0,0
"9506",2013,"TB13",6,"PIMO",0,0,0,0,0,0
"9507",2013,"TB13",6,"PISI",0,0,0,0,0,0
"9508",2013,"TB13",6,"PSME",0,0,0,0,0,0
"9509",2013,"TB13",6,"TABR",0,0,0,0,0,0
"9510",2013,"TB13",6,"THPL",4,0,60,16,1,17
"9511",2013,"TB13",6,"TSHE",3,3,14,17,1,18
"9512",2013,"TB13",6,"TSME",0,0,0,0,0,0
"9513",2013,"TO04",1,"ABAM",0,0,0,0,0,0
"9514",2013,"TO04",1,"ABGR",0,0,0,0,0,0
"9515",2013,"TO04",1,"ABLA",0,0,0,0,0,0
"9516",2013,"TO04",1,"ABPR",0,0,0,0,0,0
"9517",2013,"TO04",1,"ACGL",0,0,0,0,0,0
"9518",2013,"TO04",1,"ALRU",0,0,0,0,0,0
"9519",2013,"TO04",1,"CANO",0,0,0,0,0,0
"9520",2013,"TO04",1,"PICO",0,0,0,0,0,0
"9521",2013,"TO04",1,"PIEN",0,0,0,0,0,0
"9522",2013,"TO04",1,"PIMO",0,0,0,0,0,0
"9523",2013,"TO04",1,"PISI",0,0,0,0,0,0
"9524",2013,"TO04",1,"PSME",2,1,0,0,0,0
"9525",2013,"TO04",1,"TABR",0,0,0,0,0,0
"9526",2013,"TO04",1,"THPL",1,25,0,0,0,0
"9527",2013,"TO04",1,"TSHE",25,19,12,10,17,27
"9528",2013,"TO04",1,"TSME",0,0,0,0,0,0
"9529",2013,"TO04",2,"ABAM",0,0,0,0,0,0
"9530",2013,"TO04",2,"ABGR",0,0,0,0,0,0
"9531",2013,"TO04",2,"ABLA",0,0,0,0,0,0
"9532",2013,"TO04",2,"ABPR",0,0,0,0,0,0
"9533",2013,"TO04",2,"ACGL",0,0,0,0,0,0
"9534",2013,"TO04",2,"ALRU",0,0,0,0,0,0
"9535",2013,"TO04",2,"CANO",0,0,0,0,0,0
"9536",2013,"TO04",2,"PICO",0,0,0,0,0,0
"9537",2013,"TO04",2,"PIEN",0,0,0,0,0,0
"9538",2013,"TO04",2,"PIMO",0,0,0,0,0,0
"9539",2013,"TO04",2,"PISI",0,0,0,0,0,0
"9540",2013,"TO04",2,"PSME",0,1,0,0,0,0
"9541",2013,"TO04",2,"TABR",0,0,0,0,0,0
"9542",2013,"TO04",2,"THPL",1,9,0,0,0,0
"9543",2013,"TO04",2,"TSHE",30,17,36,32,13,45
"9544",2013,"TO04",2,"TSME",0,0,0,0,0,0
"9545",2013,"TO04",3,"ABAM",1,0,0,0,0,0
"9546",2013,"TO04",3,"ABGR",0,0,0,0,0,0
"9547",2013,"TO04",3,"ABLA",0,0,0,0,0,0
"9548",2013,"TO04",3,"ABPR",0,0,0,0,0,0
"9549",2013,"TO04",3,"ACGL",0,0,0,0,0,0
"9550",2013,"TO04",3,"ALRU",0,0,0,0,0,0
"9551",2013,"TO04",3,"CANO",0,0,0,0,0,0
"9552",2013,"TO04",3,"PICO",0,0,0,0,0,0
"9553",2013,"TO04",3,"PIEN",0,0,0,0,0,0
"9554",2013,"TO04",3,"PIMO",0,0,0,0,0,0
"9555",2013,"TO04",3,"PISI",0,0,0,0,0,0
"9556",2013,"TO04",3,"PSME",2,0,0,0,0,0
"9557",2013,"TO04",3,"TABR",0,0,0,0,0,0
"9558",2013,"TO04",3,"THPL",0,25,2,0,0,0
"9559",2013,"TO04",3,"TSHE",18,20,3,7,7,14
"9560",2013,"TO04",3,"TSME",0,0,0,0,0,0
"9561",2013,"TO04",4,"ABAM",0,0,0,0,0,0
"9562",2013,"TO04",4,"ABGR",0,0,0,0,0,0
"9563",2013,"TO04",4,"ABLA",0,0,0,0,0,0
"9564",2013,"TO04",4,"ABPR",0,0,0,0,0,0
"9565",2013,"TO04",4,"ACGL",0,0,0,0,0,0
"9566",2013,"TO04",4,"ALRU",0,0,0,0,0,0
"9567",2013,"TO04",4,"CANO",0,0,0,0,0,0
"9568",2013,"TO04",4,"PICO",0,0,0,0,0,0
"9569",2013,"TO04",4,"PIEN",0,0,0,0,0,0
"9570",2013,"TO04",4,"PIMO",0,0,0,0,0,0
"9571",2013,"TO04",4,"PISI",0,0,0,0,0,0
"9572",2013,"TO04",4,"PSME",2,0,0,0,0,0
"9573",2013,"TO04",4,"TABR",0,0,0,0,0,0
"9574",2013,"TO04",4,"THPL",15,22,3,0,0,0
"9575",2013,"TO04",4,"TSHE",24,26,0,0,0,0
"9576",2013,"TO04",4,"TSME",0,0,0,0,0,0
"9577",2013,"TO04",5,"ABAM",0,0,0,0,0,0
"9578",2013,"TO04",5,"ABGR",0,0,0,0,0,0
"9579",2013,"TO04",5,"ABLA",0,0,0,0,0,0
"9580",2013,"TO04",5,"ABPR",0,0,0,0,0,0
"9581",2013,"TO04",5,"ACGL",0,0,0,0,0,0
"9582",2013,"TO04",5,"ALRU",0,0,0,0,0,0
"9583",2013,"TO04",5,"CANO",0,0,0,0,0,0
"9584",2013,"TO04",5,"PICO",0,0,0,0,0,0
"9585",2013,"TO04",5,"PIEN",0,0,0,0,0,0
"9586",2013,"TO04",5,"PIMO",0,0,0,0,0,0
"9587",2013,"TO04",5,"PISI",0,0,0,0,0,0
"9588",2013,"TO04",5,"PSME",3,0,0,0,0,0
"9589",2013,"TO04",5,"TABR",0,0,0,0,0,0
"9590",2013,"TO04",5,"THPL",11,25,11,5,4,9
"9591",2013,"TO04",5,"TSHE",31,31,0,0,0,0
"9592",2013,"TO04",5,"TSME",0,0,0,0,0,0
"9593",2013,"TO04",6,"ABAM",0,0,0,0,0,0
"9594",2013,"TO04",6,"ABGR",0,0,0,0,0,0
"9595",2013,"TO04",6,"ABLA",0,0,0,0,0,0
"9596",2013,"TO04",6,"ABPR",0,0,0,0,0,0
"9597",2013,"TO04",6,"ACGL",0,0,0,0,0,0
"9598",2013,"TO04",6,"ALRU",0,0,0,0,0,0
"9599",2013,"TO04",6,"CANO",0,0,0,0,0,0
"9600",2013,"TO04",6,"PICO",0,0,0,0,0,0
"9601",2013,"TO04",6,"PIEN",0,0,0,0,0,0
"9602",2013,"TO04",6,"PIMO",0,0,0,0,0,0
"9603",2013,"TO04",6,"PISI",0,0,0,0,0,0
"9604",2013,"TO04",6,"PSME",0,1,0,0,0,0
"9605",2013,"TO04",6,"TABR",0,0,0,0,0,0
"9606",2013,"TO04",6,"THPL",9,85,27,3,27,30
"9607",2013,"TO04",6,"TSHE",44,30,0,0,0,0
"9608",2013,"TO04",6,"TSME",0,0,0,0,0,0
"9609",2013,"TO11",1,"ABAM",0,0,0,0,0,0
"9610",2013,"TO11",1,"ABGR",0,0,0,0,0,0
"9611",2013,"TO11",1,"ABLA",0,0,0,0,0,0
"9612",2013,"TO11",1,"ABPR",0,0,0,0,0,0
"9613",2013,"TO11",1,"ACGL",0,0,0,0,0,0
"9614",2013,"TO11",1,"ALRU",0,0,0,0,0,0
"9615",2013,"TO11",1,"CANO",0,0,0,0,0,0
"9616",2013,"TO11",1,"PICO",0,0,0,0,0,0
"9617",2013,"TO11",1,"PIEN",0,0,0,0,0,0
"9618",2013,"TO11",1,"PIMO",0,0,0,0,0,0
"9619",2013,"TO11",1,"PISI",12,0,0,0,0,0
"9620",2013,"TO11",1,"PSME",0,0,0,0,0,0
"9621",2013,"TO11",1,"TABR",0,0,0,0,0,0
"9622",2013,"TO11",1,"THPL",0,0,0,0,0,0
"9623",2013,"TO11",1,"TSHE",42,9,7,14,0,14
"9624",2013,"TO11",1,"TSME",0,0,0,0,0,0
"9625",2013,"TO11",2,"ABAM",0,0,0,0,0,0
"9626",2013,"TO11",2,"ABGR",0,0,0,0,0,0
"9627",2013,"TO11",2,"ABLA",0,0,0,0,0,0
"9628",2013,"TO11",2,"ABPR",0,0,0,0,0,0
"9629",2013,"TO11",2,"ACGL",0,0,0,0,0,0
"9630",2013,"TO11",2,"ALRU",0,0,0,0,0,0
"9631",2013,"TO11",2,"CANO",0,0,0,0,0,0
"9632",2013,"TO11",2,"PICO",0,0,0,0,0,0
"9633",2013,"TO11",2,"PIEN",0,0,0,0,0,0
"9634",2013,"TO11",2,"PIMO",0,0,0,0,0,0
"9635",2013,"TO11",2,"PISI",0,0,0,0,0,0
"9636",2013,"TO11",2,"PSME",1,3,0,0,0,0
"9637",2013,"TO11",2,"TABR",0,0,0,0,0,0
"9638",2013,"TO11",2,"THPL",0,1,0,0,0,0
"9639",2013,"TO11",2,"TSHE",29,27,8,0,9,9
"9640",2013,"TO11",2,"TSME",0,0,0,0,0,0
"9641",2013,"TO11",3,"ABAM",0,0,0,0,0,0
"9642",2013,"TO11",3,"ABGR",0,0,0,0,0,0
"9643",2013,"TO11",3,"ABLA",0,0,0,0,0,0
"9644",2013,"TO11",3,"ABPR",0,0,0,0,0,0
"9645",2013,"TO11",3,"ACGL",0,0,0,0,0,0
"9646",2013,"TO11",3,"ALRU",0,0,0,0,0,0
"9647",2013,"TO11",3,"CANO",0,0,0,0,0,0
"9648",2013,"TO11",3,"PICO",0,0,0,0,0,0
"9649",2013,"TO11",3,"PIEN",0,0,0,0,0,0
"9650",2013,"TO11",3,"PIMO",0,0,0,0,0,0
"9651",2013,"TO11",3,"PISI",3,2,0,0,0,0
"9652",2013,"TO11",3,"PSME",8,0,0,0,0,0
"9653",2013,"TO11",3,"TABR",0,0,0,0,0,0
"9654",2013,"TO11",3,"THPL",0,0,0,0,0,0
"9655",2013,"TO11",3,"TSHE",35,19,13,19,2,21
"9656",2013,"TO11",3,"TSME",0,0,0,0,0,0
"9657",2013,"TO11",4,"ABAM",0,0,0,0,0,0
"9658",2013,"TO11",4,"ABGR",0,0,0,0,0,0
"9659",2013,"TO11",4,"ABLA",0,0,0,0,0,0
"9660",2013,"TO11",4,"ABPR",0,0,0,0,0,0
"9661",2013,"TO11",4,"ACGL",0,0,0,0,0,0
"9662",2013,"TO11",4,"ALRU",0,0,0,0,0,0
"9663",2013,"TO11",4,"CANO",0,0,0,0,0,0
"9664",2013,"TO11",4,"PICO",0,0,0,0,0,0
"9665",2013,"TO11",4,"PIEN",0,0,0,0,0,0
"9666",2013,"TO11",4,"PIMO",0,0,0,0,0,0
"9667",2013,"TO11",4,"PISI",0,0,0,0,0,0
"9668",2013,"TO11",4,"PSME",2,1,0,0,0,0
"9669",2013,"TO11",4,"TABR",0,0,0,0,0,0
"9670",2013,"TO11",4,"THPL",0,0,0,0,0,0
"9671",2013,"TO11",4,"TSHE",45,29,21,6,6,12
"9672",2013,"TO11",4,"TSME",0,0,0,0,0,0
"9673",2013,"TO11",5,"ABAM",0,0,0,0,0,0
"9674",2013,"TO11",5,"ABGR",0,0,0,0,0,0
"9675",2013,"TO11",5,"ABLA",0,0,0,0,0,0
"9676",2013,"TO11",5,"ABPR",0,0,0,0,0,0
"9677",2013,"TO11",5,"ACGL",0,0,0,0,0,0
"9678",2013,"TO11",5,"ALRU",0,0,0,0,0,0
"9679",2013,"TO11",5,"CANO",0,0,0,0,0,0
"9680",2013,"TO11",5,"PICO",0,0,0,0,0,0
"9681",2013,"TO11",5,"PIEN",0,0,0,0,0,0
"9682",2013,"TO11",5,"PIMO",0,0,0,0,0,0
"9683",2013,"TO11",5,"PISI",0,0,0,0,0,0
"9684",2013,"TO11",5,"PSME",0,3,0,0,0,0
"9685",2013,"TO11",5,"TABR",0,0,0,0,0,0
"9686",2013,"TO11",5,"THPL",0,3,0,0,0,0
"9687",2013,"TO11",5,"TSHE",18,63,38,14,47,61
"9688",2013,"TO11",5,"TSME",0,0,0,0,0,0
"9689",2013,"TO11",6,"ABAM",0,0,0,0,0,0
"9690",2013,"TO11",6,"ABGR",0,0,0,0,0,0
"9691",2013,"TO11",6,"ABLA",0,0,0,0,0,0
"9692",2013,"TO11",6,"ABPR",0,0,0,0,0,0
"9693",2013,"TO11",6,"ACGL",0,0,0,0,0,0
"9694",2013,"TO11",6,"ALRU",0,0,0,0,0,0
"9695",2013,"TO11",6,"CANO",0,0,0,0,0,0
"9696",2013,"TO11",6,"PICO",0,0,0,0,0,0
"9697",2013,"TO11",6,"PIEN",0,0,0,0,0,0
"9698",2013,"TO11",6,"PIMO",0,0,0,0,0,0
"9699",2013,"TO11",6,"PISI",11,4,0,0,0,0
"9700",2013,"TO11",6,"PSME",1,0,0,0,0,0
"9701",2013,"TO11",6,"TABR",0,0,0,0,0,0
"9702",2013,"TO11",6,"THPL",0,0,0,0,0,0
"9703",2013,"TO11",6,"TSHE",0,0,0,0,0,0
"9704",2013,"TO11",6,"TSME",46,0,7,3,0,3
"9705",2014,"AB08",1,"ABAM",1,4,0,0,0,0
"9706",2014,"AB08",1,"ABGR",0,0,0,0,0,0
"9707",2014,"AB08",1,"ABLA",0,0,0,0,0,0
"9708",2014,"AB08",1,"ABPR",0,0,0,0,0,0
"9709",2014,"AB08",1,"ACGL",0,0,0,0,0,0
"9710",2014,"AB08",1,"ALRU",0,0,0,0,0,0
"9711",2014,"AB08",1,"CANO",0,0,0,0,0,0
"9712",2014,"AB08",1,"PICO",0,0,0,0,0,0
"9713",2014,"AB08",1,"PIEN",0,0,0,0,0,0
"9714",2014,"AB08",1,"PIMO",0,0,0,0,0,0
"9715",2014,"AB08",1,"PISI",0,0,0,0,0,0
"9716",2014,"AB08",1,"PSME",21,1,0,0,0,0
"9717",2014,"AB08",1,"TABR",0,0,0,0,0,0
"9718",2014,"AB08",1,"THPL",9,13,0,0,0,0
"9719",2014,"AB08",1,"TSHE",232,165,6,0,0,0
"9720",2014,"AB08",1,"TSME",0,0,0,0,0,0
"9721",2014,"AB08",2,"ABAM",1,1,0,0,0,0
"9722",2014,"AB08",2,"ABGR",1,0,0,0,0,0
"9723",2014,"AB08",2,"ABLA",0,0,0,0,0,0
"9724",2014,"AB08",2,"ABPR",0,0,0,0,0,0
"9725",2014,"AB08",2,"ACGL",0,0,0,0,0,0
"9726",2014,"AB08",2,"ALRU",0,0,0,0,0,0
"9727",2014,"AB08",2,"CANO",0,4,0,0,0,0
"9728",2014,"AB08",2,"PICO",0,0,0,0,0,0
"9729",2014,"AB08",2,"PIEN",0,0,0,0,0,0
"9730",2014,"AB08",2,"PIMO",0,0,0,0,0,0
"9731",2014,"AB08",2,"PISI",0,0,0,0,0,0
"9732",2014,"AB08",2,"PSME",13,2,0,0,0,0
"9733",2014,"AB08",2,"TABR",0,0,0,0,0,0
"9734",2014,"AB08",2,"THPL",22,14,0,0,0,0
"9735",2014,"AB08",2,"TSHE",275,64,10,0,0,0
"9736",2014,"AB08",2,"TSME",0,0,0,0,0,0
"9737",2014,"AB08",3,"ABAM",0,0,0,0,0,0
"9738",2014,"AB08",3,"ABGR",1,0,0,0,0,0
"9739",2014,"AB08",3,"ABLA",0,0,0,0,0,0
"9740",2014,"AB08",3,"ABPR",0,0,0,0,0,0
"9741",2014,"AB08",3,"ACGL",0,0,0,0,0,0
"9742",2014,"AB08",3,"ALRU",0,0,0,0,0,0
"9743",2014,"AB08",3,"CANO",0,3,0,0,0,0
"9744",2014,"AB08",3,"PICO",0,0,0,0,0,0
"9745",2014,"AB08",3,"PIEN",0,0,0,0,0,0
"9746",2014,"AB08",3,"PIMO",0,0,0,0,0,0
"9747",2014,"AB08",3,"PISI",0,0,0,0,0,0
"9748",2014,"AB08",3,"PSME",13,5,0,0,0,0
"9749",2014,"AB08",3,"TABR",0,0,0,0,0,0
"9750",2014,"AB08",3,"THPL",22,20,0,0,0,0
"9751",2014,"AB08",3,"TSHE",214,77,3,0,0,0
"9752",2014,"AB08",3,"TSME",0,0,0,0,0,0
"9753",2014,"AB08",4,"ABAM",1,0,0,0,0,0
"9754",2014,"AB08",4,"ABGR",0,1,0,0,0,0
"9755",2014,"AB08",4,"ABLA",0,0,0,0,0,0
"9756",2014,"AB08",4,"ABPR",0,0,0,0,0,0
"9757",2014,"AB08",4,"ACGL",0,0,0,0,0,0
"9758",2014,"AB08",4,"ALRU",0,0,0,0,0,0
"9759",2014,"AB08",4,"CANO",2,3,0,0,0,0
"9760",2014,"AB08",4,"PICO",0,0,0,0,0,0
"9761",2014,"AB08",4,"PIEN",0,0,0,0,0,0
"9762",2014,"AB08",4,"PIMO",0,0,0,0,0,0
"9763",2014,"AB08",4,"PISI",0,0,0,0,0,0
"9764",2014,"AB08",4,"PSME",17,9,0,0,0,0
"9765",2014,"AB08",4,"TABR",0,0,0,0,0,0
"9766",2014,"AB08",4,"THPL",17,38,0,0,0,0
"9767",2014,"AB08",4,"TSHE",195,145,3,0,0,0
"9768",2014,"AB08",4,"TSME",0,0,0,0,0,0
"9769",2014,"AB08",5,"ABAM",1,0,0,0,0,0
"9770",2014,"AB08",5,"ABGR",0,0,0,0,0,0
"9771",2014,"AB08",5,"ABLA",0,0,0,0,0,0
"9772",2014,"AB08",5,"ABPR",0,0,0,0,0,0
"9773",2014,"AB08",5,"ACGL",0,0,0,0,0,0
"9774",2014,"AB08",5,"ALRU",0,0,0,0,0,0
"9775",2014,"AB08",5,"CANO",0,0,0,0,0,0
"9776",2014,"AB08",5,"PICO",0,0,0,0,0,0
"9777",2014,"AB08",5,"PIEN",0,0,0,0,0,0
"9778",2014,"AB08",5,"PIMO",0,0,0,0,0,0
"9779",2014,"AB08",5,"PISI",0,0,0,0,0,0
"9780",2014,"AB08",5,"PSME",22,3,0,0,0,0
"9781",2014,"AB08",5,"TABR",0,0,0,0,0,0
"9782",2014,"AB08",5,"THPL",55,41,0,0,0,0
"9783",2014,"AB08",5,"TSHE",320,62,6,0,0,0
"9784",2014,"AB08",5,"TSME",0,0,0,0,0,0
"9785",2014,"AB08",6,"ABAM",1,1,0,0,0,0
"9786",2014,"AB08",6,"ABGR",0,0,0,0,0,0
"9787",2014,"AB08",6,"ABLA",0,0,0,0,0,0
"9788",2014,"AB08",6,"ABPR",0,0,0,0,0,0
"9789",2014,"AB08",6,"ACGL",0,0,0,0,0,0
"9790",2014,"AB08",6,"ALRU",0,0,0,0,0,0
"9791",2014,"AB08",6,"CANO",0,0,0,0,0,0
"9792",2014,"AB08",6,"PICO",0,0,0,0,0,0
"9793",2014,"AB08",6,"PIEN",0,0,0,0,0,0
"9794",2014,"AB08",6,"PIMO",0,0,0,0,0,0
"9795",2014,"AB08",6,"PISI",0,0,0,0,0,0
"9796",2014,"AB08",6,"PSME",26,0,0,0,0,0
"9797",2014,"AB08",6,"TABR",0,0,0,0,0,0
"9798",2014,"AB08",6,"THPL",80,47,0,0,0,0
"9799",2014,"AB08",6,"TSHE",189,205,26,12,7,19
"9800",2014,"AB08",6,"TSME",0,0,0,0,0,0
"9801",2014,"AE10",1,"ABAM",8,0,0,0,0,0
"9802",2014,"AE10",1,"ABGR",0,0,0,0,0,0
"9803",2014,"AE10",1,"ABLA",4,8,0,0,0,0
"9804",2014,"AE10",1,"ABPR",7,7,0,0,0,0
"9805",2014,"AE10",1,"ACGL",0,0,0,0,0,0
"9806",2014,"AE10",1,"ALRU",0,0,0,0,0,0
"9807",2014,"AE10",1,"CANO",56,4,0,0,0,0
"9808",2014,"AE10",1,"PICO",0,0,0,0,0,0
"9809",2014,"AE10",1,"PIEN",0,0,0,0,0,0
"9810",2014,"AE10",1,"PIMO",0,0,0,0,0,0
"9811",2014,"AE10",1,"PISI",0,0,0,0,0,0
"9812",2014,"AE10",1,"PSME",0,0,0,0,0,0
"9813",2014,"AE10",1,"TABR",0,0,0,0,0,0
"9814",2014,"AE10",1,"THPL",0,0,0,0,0,0
"9815",2014,"AE10",1,"TSHE",0,0,0,0,0,0
"9816",2014,"AE10",1,"TSME",3,1,0,0,0,0
"9817",2014,"AE10",2,"ABAM",3,6,0,0,0,0
"9818",2014,"AE10",2,"ABGR",0,0,0,0,0,0
"9819",2014,"AE10",2,"ABLA",4,2,0,0,0,0
"9820",2014,"AE10",2,"ABPR",5,6,0,0,0,0
"9821",2014,"AE10",2,"ACGL",0,0,0,0,0,0
"9822",2014,"AE10",2,"ALRU",0,0,0,0,0,0
"9823",2014,"AE10",2,"CANO",44,11,0,0,0,0
"9824",2014,"AE10",2,"PICO",0,0,0,0,0,0
"9825",2014,"AE10",2,"PIEN",0,0,0,0,0,0
"9826",2014,"AE10",2,"PIMO",0,0,0,0,0,0
"9827",2014,"AE10",2,"PISI",0,0,0,0,0,0
"9828",2014,"AE10",2,"PSME",0,0,0,0,0,0
"9829",2014,"AE10",2,"TABR",0,0,0,0,0,0
"9830",2014,"AE10",2,"THPL",0,0,0,0,0,0
"9831",2014,"AE10",2,"TSHE",2,3,0,0,0,0
"9832",2014,"AE10",2,"TSME",1,0,0,0,0,0
"9833",2014,"AE10",3,"ABAM",3,4,0,0,0,0
"9834",2014,"AE10",3,"ABGR",0,0,0,0,0,0
"9835",2014,"AE10",3,"ABLA",4,6,0,0,0,0
"9836",2014,"AE10",3,"ABPR",5,3,0,0,0,0
"9837",2014,"AE10",3,"ACGL",0,0,0,0,0,0
"9838",2014,"AE10",3,"ALRU",0,0,0,0,0,0
"9839",2014,"AE10",3,"CANO",57,7,0,0,0,0
"9840",2014,"AE10",3,"PICO",0,0,0,0,0,0
"9841",2014,"AE10",3,"PIEN",0,0,0,0,0,0
"9842",2014,"AE10",3,"PIMO",0,0,0,0,0,0
"9843",2014,"AE10",3,"PISI",0,0,0,0,0,0
"9844",2014,"AE10",3,"PSME",0,0,0,0,0,0
"9845",2014,"AE10",3,"TABR",0,0,0,0,0,0
"9846",2014,"AE10",3,"THPL",0,0,0,0,0,0
"9847",2014,"AE10",3,"TSHE",2,3,0,0,0,0
"9848",2014,"AE10",3,"TSME",3,1,0,0,0,0
"9849",2014,"AE10",4,"ABAM",10,0,0,0,0,0
"9850",2014,"AE10",4,"ABGR",0,0,0,0,0,0
"9851",2014,"AE10",4,"ABLA",4,2,0,0,0,0
"9852",2014,"AE10",4,"ABPR",4,0,0,0,0,0
"9853",2014,"AE10",4,"ACGL",0,0,0,0,0,0
"9854",2014,"AE10",4,"ALRU",0,0,0,0,0,0
"9855",2014,"AE10",4,"CANO",61,6,0,0,0,0
"9856",2014,"AE10",4,"PICO",0,0,0,0,0,0
"9857",2014,"AE10",4,"PIEN",0,0,0,0,0,0
"9858",2014,"AE10",4,"PIMO",0,0,0,0,0,0
"9859",2014,"AE10",4,"PISI",0,0,0,0,0,0
"9860",2014,"AE10",4,"PSME",0,0,0,0,0,0
"9861",2014,"AE10",4,"TABR",0,0,0,0,0,0
"9862",2014,"AE10",4,"THPL",0,1,0,0,0,0
"9863",2014,"AE10",4,"TSHE",3,1,0,0,0,0
"9864",2014,"AE10",4,"TSME",1,1,0,0,0,0
"9865",2014,"AE10",5,"ABAM",8,5,0,0,0,0
"9866",2014,"AE10",5,"ABGR",0,0,0,0,0,0
"9867",2014,"AE10",5,"ABLA",8,3,0,0,0,0
"9868",2014,"AE10",5,"ABPR",8,0,0,0,0,0
"9869",2014,"AE10",5,"ACGL",0,0,0,0,0,0
"9870",2014,"AE10",5,"ALRU",0,0,0,0,0,0
"9871",2014,"AE10",5,"CANO",44,8,0,0,0,0
"9872",2014,"AE10",5,"PICO",0,0,0,0,0,0
"9873",2014,"AE10",5,"PIEN",0,0,0,0,0,0
"9874",2014,"AE10",5,"PIMO",0,0,0,0,0,0
"9875",2014,"AE10",5,"PISI",0,0,0,0,0,0
"9876",2014,"AE10",5,"PSME",0,0,0,0,0,0
"9877",2014,"AE10",5,"TABR",0,0,0,0,0,0
"9878",2014,"AE10",5,"THPL",0,0,0,0,0,0
"9879",2014,"AE10",5,"TSHE",0,4,0,0,0,0
"9880",2014,"AE10",5,"TSME",5,3,0,0,0,0
"9881",2014,"AE10",6,"ABAM",8,1,0,0,0,0
"9882",2014,"AE10",6,"ABGR",0,0,0,0,0,0
"9883",2014,"AE10",6,"ABLA",2,1,0,0,0,0
"9884",2014,"AE10",6,"ABPR",5,0,0,0,0,0
"9885",2014,"AE10",6,"ACGL",0,0,0,0,0,0
"9886",2014,"AE10",6,"ALRU",0,0,0,0,0,0
"9887",2014,"AE10",6,"CANO",92,3,0,0,0,0
"9888",2014,"AE10",6,"PICO",0,0,0,0,0,0
"9889",2014,"AE10",6,"PIEN",0,0,0,0,0,0
"9890",2014,"AE10",6,"PIMO",0,0,0,0,0,0
"9891",2014,"AE10",6,"PISI",0,0,0,0,0,0
"9892",2014,"AE10",6,"PSME",0,0,0,0,0,0
"9893",2014,"AE10",6,"TABR",0,0,0,0,0,0
"9894",2014,"AE10",6,"THPL",0,0,0,0,0,0
"9895",2014,"AE10",6,"TSHE",6,9,0,0,0,0
"9896",2014,"AE10",6,"TSME",0,0,0,0,0,0
"9897",2014,"AG05",1,"ABAM",9,0,0,0,0,0
"9898",2014,"AG05",1,"ABGR",4,1,0,0,0,0
"9899",2014,"AG05",1,"ABLA",0,0,0,0,0,0
"9900",2014,"AG05",1,"ABPR",0,0,0,0,0,0
"9901",2014,"AG05",1,"ACGL",0,0,0,0,0,0
"9902",2014,"AG05",1,"ALRU",0,0,0,0,0,0
"9903",2014,"AG05",1,"CANO",0,0,0,0,0,0
"9904",2014,"AG05",1,"PICO",0,0,0,0,0,0
"9905",2014,"AG05",1,"PIEN",0,0,0,0,0,0
"9906",2014,"AG05",1,"PIMO",0,0,0,0,0,0
"9907",2014,"AG05",1,"PISI",0,0,0,0,0,0
"9908",2014,"AG05",1,"PSME",41,6,0,0,0,0
"9909",2014,"AG05",1,"TABR",0,0,0,0,0,0
"9910",2014,"AG05",1,"THPL",3,4,1,0,0,0
"9911",2014,"AG05",1,"TSHE",9,25,0,0,0,0
"9912",2014,"AG05",1,"TSME",1,0,0,0,0,0
"9913",2014,"AG05",2,"ABAM",5,4,0,0,0,0
"9914",2014,"AG05",2,"ABGR",2,0,0,0,0,0
"9915",2014,"AG05",2,"ABLA",0,0,0,0,0,0
"9916",2014,"AG05",2,"ABPR",0,0,0,0,0,0
"9917",2014,"AG05",2,"ACGL",0,0,0,0,0,0
"9918",2014,"AG05",2,"ALRU",0,0,0,0,0,0
"9919",2014,"AG05",2,"CANO",0,0,0,0,0,0
"9920",2014,"AG05",2,"PICO",0,0,0,0,0,0
"9921",2014,"AG05",2,"PIEN",0,0,0,0,0,0
"9922",2014,"AG05",2,"PIMO",0,0,0,0,0,0
"9923",2014,"AG05",2,"PISI",0,0,0,0,0,0
"9924",2014,"AG05",2,"PSME",23,6,0,0,0,0
"9925",2014,"AG05",2,"TABR",0,0,0,0,0,0
"9926",2014,"AG05",2,"THPL",4,7,9,2,22,24
"9927",2014,"AG05",2,"TSHE",7,25,0,0,0,0
"9928",2014,"AG05",2,"TSME",0,0,0,0,0,0
"9929",2014,"AG05",3,"ABAM",12,0,0,0,0,0
"9930",2014,"AG05",3,"ABGR",0,0,0,0,0,0
"9931",2014,"AG05",3,"ABLA",0,0,0,0,0,0
"9932",2014,"AG05",3,"ABPR",0,0,0,0,0,0
"9933",2014,"AG05",3,"ACGL",0,0,0,0,0,0
"9934",2014,"AG05",3,"ALRU",0,0,0,0,0,0
"9935",2014,"AG05",3,"CANO",0,0,0,0,0,0
"9936",2014,"AG05",3,"PICO",0,0,0,0,0,0
"9937",2014,"AG05",3,"PIEN",0,0,0,0,0,0
"9938",2014,"AG05",3,"PIMO",0,0,0,0,0,0
"9939",2014,"AG05",3,"PISI",0,0,0,0,0,0
"9940",2014,"AG05",3,"PSME",20,15,0,0,0,0
"9941",2014,"AG05",3,"TABR",0,0,0,0,0,0
"9942",2014,"AG05",3,"THPL",6,6,0,0,0,0
"9943",2014,"AG05",3,"TSHE",6,17,0,0,0,0
"9944",2014,"AG05",3,"TSME",1,0,0,0,0,0
"9945",2014,"AG05",4,"ABAM",12,0,0,0,0,0
"9946",2014,"AG05",4,"ABGR",3,0,0,0,0,0
"9947",2014,"AG05",4,"ABLA",0,0,0,0,0,0
"9948",2014,"AG05",4,"ABPR",0,0,0,0,0,0
"9949",2014,"AG05",4,"ACGL",0,0,0,0,0,0
"9950",2014,"AG05",4,"ALRU",0,0,0,0,0,0
"9951",2014,"AG05",4,"CANO",0,0,0,0,0,0
"9952",2014,"AG05",4,"PICO",0,0,0,0,0,0
"9953",2014,"AG05",4,"PIEN",0,0,0,0,0,0
"9954",2014,"AG05",4,"PIMO",0,0,0,0,0,0
"9955",2014,"AG05",4,"PISI",0,0,0,0,0,0
"9956",2014,"AG05",4,"PSME",13,12,0,0,0,0
"9957",2014,"AG05",4,"TABR",0,0,0,0,0,0
"9958",2014,"AG05",4,"THPL",2,5,31,11,23,34
"9959",2014,"AG05",4,"TSHE",20,55,0,0,0,0
"9960",2014,"AG05",4,"TSME",0,0,0,0,0,0
"9961",2014,"AG05",5,"ABAM",7,5,0,0,0,0
"9962",2014,"AG05",5,"ABGR",0,1,0,0,0,0
"9963",2014,"AG05",5,"ABLA",0,0,0,0,0,0
"9964",2014,"AG05",5,"ABPR",0,0,0,0,0,0
"9965",2014,"AG05",5,"ACGL",0,0,0,0,0,0
"9966",2014,"AG05",5,"ALRU",0,0,0,0,0,0
"9967",2014,"AG05",5,"CANO",0,0,0,0,0,0
"9968",2014,"AG05",5,"PICO",0,0,0,0,0,0
"9969",2014,"AG05",5,"PIEN",0,0,0,0,0,0
"9970",2014,"AG05",5,"PIMO",0,0,0,0,0,0
"9971",2014,"AG05",5,"PISI",0,0,0,0,0,0
"9972",2014,"AG05",5,"PSME",20,7,0,0,0,0
"9973",2014,"AG05",5,"TABR",1,3,0,0,0,0
"9974",2014,"AG05",5,"THPL",5,3,12,3,25,28
"9975",2014,"AG05",5,"TSHE",27,17,0,0,0,0
"9976",2014,"AG05",5,"TSME",1,0,0,0,0,0
"9977",2014,"AG05",6,"ABAM",6,4,0,0,0,0
"9978",2014,"AG05",6,"ABGR",0,0,0,0,0,0
"9979",2014,"AG05",6,"ABLA",0,0,0,0,0,0
"9980",2014,"AG05",6,"ABPR",0,0,0,0,0,0
"9981",2014,"AG05",6,"ACGL",0,0,0,0,0,0
"9982",2014,"AG05",6,"ALRU",0,0,0,0,0,0
"9983",2014,"AG05",6,"CANO",0,0,0,0,0,0
"9984",2014,"AG05",6,"PICO",0,0,0,0,0,0
"9985",2014,"AG05",6,"PIEN",0,0,0,0,0,0
"9986",2014,"AG05",6,"PIMO",0,0,0,0,0,0
"9987",2014,"AG05",6,"PISI",0,0,0,0,0,0
"9988",2014,"AG05",6,"PSME",55,17,0,0,0,0
"9989",2014,"AG05",6,"TABR",0,0,0,0,0,0
"9990",2014,"AG05",6,"THPL",0,4,0,0,0,0
"9991",2014,"AG05",6,"TSHE",20,58,0,0,0,0
"9992",2014,"AG05",6,"TSME",0,0,0,0,0,0
"9993",2014,"AM16",1,"ABAM",2,1,0,0,0,0
"9994",2014,"AM16",1,"ABGR",0,1,0,0,0,0
"9995",2014,"AM16",1,"ABLA",0,0,0,0,0,0
"9996",2014,"AM16",1,"ABPR",0,0,0,0,0,0
"9997",2014,"AM16",1,"ACGL",0,0,0,0,0,0
"9998",2014,"AM16",1,"ALRU",0,0,0,0,0,0
"9999",2014,"AM16",1,"CANO",108,3,1,10,0,10
"10000",2014,"AM16",1,"PICO",0,0,0,0,0,0
"10001",2014,"AM16",1,"PIEN",0,0,0,0,0,0
"10002",2014,"AM16",1,"PIMO",0,0,0,0,0,0
"10003",2014,"AM16",1,"PISI",0,0,0,0,0,0
"10004",2014,"AM16",1,"PSME",0,0,0,0,0,0
"10005",2014,"AM16",1,"TABR",0,0,0,0,0,0
"10006",2014,"AM16",1,"THPL",0,0,0,0,0,0
"10007",2014,"AM16",1,"TSHE",65,27,0,0,0,0
"10008",2014,"AM16",1,"TSME",14,8,0,0,0,0
"10009",2014,"AM16",2,"ABAM",6,0,0,0,0,0
"10010",2014,"AM16",2,"ABGR",0,0,0,0,0,0
"10011",2014,"AM16",2,"ABLA",0,0,0,0,0,0
"10012",2014,"AM16",2,"ABPR",0,2,0,0,0,0
"10013",2014,"AM16",2,"ACGL",0,0,0,0,0,0
"10014",2014,"AM16",2,"ALRU",0,0,0,0,0,0
"10015",2014,"AM16",2,"CANO",93,1,0,0,0,0
"10016",2014,"AM16",2,"PICO",0,0,0,0,0,0
"10017",2014,"AM16",2,"PIEN",0,0,0,0,0,0
"10018",2014,"AM16",2,"PIMO",0,0,0,0,0,0
"10019",2014,"AM16",2,"PISI",0,0,0,0,0,0
"10020",2014,"AM16",2,"PSME",0,1,0,0,0,0
"10021",2014,"AM16",2,"TABR",0,0,0,0,0,0
"10022",2014,"AM16",2,"THPL",0,1,0,0,0,0
"10023",2014,"AM16",2,"TSHE",171,22,0,0,0,0
"10024",2014,"AM16",2,"TSME",0,0,0,0,0,0
"10025",2014,"AM16",3,"ABAM",0,1,0,0,0,0
"10026",2014,"AM16",3,"ABGR",2,0,0,0,0,0
"10027",2014,"AM16",3,"ABLA",0,0,0,0,0,0
"10028",2014,"AM16",3,"ABPR",0,0,0,0,0,0
"10029",2014,"AM16",3,"ACGL",0,0,0,0,0,0
"10030",2014,"AM16",3,"ALRU",0,0,0,0,0,0
"10031",2014,"AM16",3,"CANO",139,20,0,0,0,0
"10032",2014,"AM16",3,"PICO",0,0,0,0,0,0
"10033",2014,"AM16",3,"PIEN",0,0,0,0,0,0
"10034",2014,"AM16",3,"PIMO",0,0,0,0,0,0
"10035",2014,"AM16",3,"PISI",0,0,0,0,0,0
"10036",2014,"AM16",3,"PSME",2,0,0,0,0,0
"10037",2014,"AM16",3,"TABR",0,0,0,0,0,0
"10038",2014,"AM16",3,"THPL",0,0,0,0,0,0
"10039",2014,"AM16",3,"TSHE",131,109,0,0,0,0
"10040",2014,"AM16",3,"TSME",0,0,0,0,0,0
"10041",2014,"AM16",4,"ABAM",0,0,0,0,0,0
"10042",2014,"AM16",4,"ABGR",0,0,0,0,0,0
"10043",2014,"AM16",4,"ABLA",0,0,0,0,0,0
"10044",2014,"AM16",4,"ABPR",0,0,0,0,0,0
"10045",2014,"AM16",4,"ACGL",0,0,0,0,0,0
"10046",2014,"AM16",4,"ALRU",0,0,0,0,0,0
"10047",2014,"AM16",4,"CANO",102,53,1,0,0,0
"10048",2014,"AM16",4,"PICO",0,0,0,0,0,0
"10049",2014,"AM16",4,"PIEN",0,0,0,0,0,0
"10050",2014,"AM16",4,"PIMO",0,0,0,0,0,0
"10051",2014,"AM16",4,"PISI",0,0,0,0,0,0
"10052",2014,"AM16",4,"PSME",1,0,0,0,0,0
"10053",2014,"AM16",4,"TABR",0,0,0,0,0,0
"10054",2014,"AM16",4,"THPL",0,0,0,0,0,0
"10055",2014,"AM16",4,"TSHE",4,21,0,0,0,0
"10056",2014,"AM16",4,"TSME",78,83,2,39,21,60
"10057",2014,"AM16",5,"ABAM",1,0,0,0,0,0
"10058",2014,"AM16",5,"ABGR",0,0,0,0,0,0
"10059",2014,"AM16",5,"ABLA",0,0,0,0,0,0
"10060",2014,"AM16",5,"ABPR",0,0,0,0,0,0
"10061",2014,"AM16",5,"ACGL",0,0,0,0,0,0
"10062",2014,"AM16",5,"ALRU",0,0,0,0,0,0
"10063",2014,"AM16",5,"CANO",280,43,9,0,16,16
"10064",2014,"AM16",5,"PICO",0,0,0,0,0,0
"10065",2014,"AM16",5,"PIEN",0,0,0,0,0,0
"10066",2014,"AM16",5,"PIMO",0,0,0,0,0,0
"10067",2014,"AM16",5,"PISI",0,0,0,0,0,0
"10068",2014,"AM16",5,"PSME",0,0,0,0,0,0
"10069",2014,"AM16",5,"TABR",0,0,0,0,0,0
"10070",2014,"AM16",5,"THPL",0,0,0,0,0,0
"10071",2014,"AM16",5,"TSHE",13,18,0,0,0,0
"10072",2014,"AM16",5,"TSME",60,174,0,0,0,0
"10073",2014,"AM16",6,"ABAM",1,0,0,0,0,0
"10074",2014,"AM16",6,"ABGR",0,0,0,0,0,0
"10075",2014,"AM16",6,"ABLA",0,0,0,0,0,0
"10076",2014,"AM16",6,"ABPR",0,0,0,0,0,0
"10077",2014,"AM16",6,"ACGL",0,0,0,0,0,0
"10078",2014,"AM16",6,"ALRU",0,0,0,0,0,0
"10079",2014,"AM16",6,"CANO",231,259,35,24,6,30
"10080",2014,"AM16",6,"PICO",0,0,0,0,0,0
"10081",2014,"AM16",6,"PIEN",0,0,0,0,0,0
"10082",2014,"AM16",6,"PIMO",0,0,0,0,0,0
"10083",2014,"AM16",6,"PISI",0,0,0,0,0,0
"10084",2014,"AM16",6,"PSME",0,0,0,0,0,0
"10085",2014,"AM16",6,"TABR",0,0,0,0,0,0
"10086",2014,"AM16",6,"THPL",0,0,0,0,0,0
"10087",2014,"AM16",6,"TSHE",107,200,0,0,0,0
"10088",2014,"AM16",6,"TSME",3,2,0,0,0,0
"10089",2014,"AO03",1,"ABAM",1,2,0,0,0,0
"10090",2014,"AO03",1,"ABGR",0,0,0,0,0,0
"10091",2014,"AO03",1,"ABLA",0,0,0,0,0,0
"10092",2014,"AO03",1,"ABPR",0,0,0,0,0,0
"10093",2014,"AO03",1,"ACGL",0,0,0,0,0,0
"10094",2014,"AO03",1,"ALRU",0,0,0,0,0,0
"10095",2014,"AO03",1,"CANO",0,0,0,0,0,0
"10096",2014,"AO03",1,"PICO",0,0,0,0,0,0
"10097",2014,"AO03",1,"PIEN",0,0,0,0,0,0
"10098",2014,"AO03",1,"PIMO",0,0,0,0,0,0
"10099",2014,"AO03",1,"PISI",0,0,0,0,0,0
"10100",2014,"AO03",1,"PSME",5,13,0,0,0,0
"10101",2014,"AO03",1,"TABR",0,0,0,0,0,0
"10102",2014,"AO03",1,"THPL",138,202,12,4,15,19
"10103",2014,"AO03",1,"TSHE",99,164,8,10,20,30
"10104",2014,"AO03",1,"TSME",0,0,0,0,0,0
"10105",2014,"AO03",2,"ABAM",17,5,0,0,0,0
"10106",2014,"AO03",2,"ABGR",0,0,0,0,0,0
"10107",2014,"AO03",2,"ABLA",0,0,0,0,0,0
"10108",2014,"AO03",2,"ABPR",0,0,0,0,0,0
"10109",2014,"AO03",2,"ACGL",0,0,0,0,0,0
"10110",2014,"AO03",2,"ALRU",0,0,0,0,0,0
"10111",2014,"AO03",2,"CANO",0,0,0,0,0,0
"10112",2014,"AO03",2,"PICO",0,0,0,0,0,0
"10113",2014,"AO03",2,"PIEN",0,0,0,0,0,0
"10114",2014,"AO03",2,"PIMO",0,0,0,0,0,0
"10115",2014,"AO03",2,"PISI",0,0,0,0,0,0
"10116",2014,"AO03",2,"PSME",14,18,0,0,0,0
"10117",2014,"AO03",2,"TABR",0,0,0,0,0,0
"10118",2014,"AO03",2,"THPL",253,360,5,7,0,7
"10119",2014,"AO03",2,"TSHE",107,396,8,3,0,3
"10120",2014,"AO03",2,"TSME",0,0,0,0,0,0
"10121",2014,"AO03",3,"ABAM",7,2,0,0,0,0
"10122",2014,"AO03",3,"ABGR",0,0,0,0,0,0
"10123",2014,"AO03",3,"ABLA",0,0,0,0,0,0
"10124",2014,"AO03",3,"ABPR",0,0,0,0,0,0
"10125",2014,"AO03",3,"ACGL",0,0,0,0,0,0
"10126",2014,"AO03",3,"ALRU",0,0,0,0,0,0
"10127",2014,"AO03",3,"CANO",0,0,0,0,0,0
"10128",2014,"AO03",3,"PICO",0,0,0,0,0,0
"10129",2014,"AO03",3,"PIEN",0,0,0,0,0,0
"10130",2014,"AO03",3,"PIMO",0,0,0,0,0,0
"10131",2014,"AO03",3,"PISI",0,0,0,0,0,0
"10132",2014,"AO03",3,"PSME",11,15,0,0,0,0
"10133",2014,"AO03",3,"TABR",0,0,0,0,0,0
"10134",2014,"AO03",3,"THPL",263,92,11,38,22,60
"10135",2014,"AO03",3,"TSHE",253,300,37,47,45,92
"10136",2014,"AO03",3,"TSME",0,0,0,0,0,0
"10137",2014,"AO03",4,"ABAM",4,5,0,0,0,0
"10138",2014,"AO03",4,"ABGR",0,0,0,0,0,0
"10139",2014,"AO03",4,"ABLA",0,0,0,0,0,0
"10140",2014,"AO03",4,"ABPR",0,0,0,0,0,0
"10141",2014,"AO03",4,"ACGL",0,0,0,0,0,0
"10142",2014,"AO03",4,"ALRU",0,0,0,0,0,0
"10143",2014,"AO03",4,"CANO",0,0,0,0,0,0
"10144",2014,"AO03",4,"PICO",0,0,0,0,0,0
"10145",2014,"AO03",4,"PIEN",0,0,0,0,0,0
"10146",2014,"AO03",4,"PIMO",0,0,0,0,0,0
"10147",2014,"AO03",4,"PISI",0,0,0,0,0,0
"10148",2014,"AO03",4,"PSME",33,6,7,1,0,1
"10149",2014,"AO03",4,"TABR",0,0,0,0,0,0
"10150",2014,"AO03",4,"THPL",117,252,0,0,0,0
"10151",2014,"AO03",4,"TSHE",115,208,32,1,5,6
"10152",2014,"AO03",4,"TSME",0,0,0,0,0,0
"10153",2014,"AO03",5,"ABAM",1,3,6,0,0,0
"10154",2014,"AO03",5,"ABGR",0,0,0,0,0,0
"10155",2014,"AO03",5,"ABLA",0,0,0,0,0,0
"10156",2014,"AO03",5,"ABPR",0,0,0,0,0,0
"10157",2014,"AO03",5,"ACGL",0,0,0,0,0,0
"10158",2014,"AO03",5,"ALRU",0,0,0,0,0,0
"10159",2014,"AO03",5,"CANO",0,0,0,0,0,0
"10160",2014,"AO03",5,"PICO",0,0,0,0,0,0
"10161",2014,"AO03",5,"PIEN",0,0,0,0,0,0
"10162",2014,"AO03",5,"PIMO",0,0,0,0,0,0
"10163",2014,"AO03",5,"PISI",0,0,0,0,0,0
"10164",2014,"AO03",5,"PSME",20,21,4,0,0,0
"10165",2014,"AO03",5,"TABR",0,0,0,0,0,0
"10166",2014,"AO03",5,"THPL",244,139,0,0,0,0
"10167",2014,"AO03",5,"TSHE",131,113,0,0,0,0
"10168",2014,"AO03",5,"TSME",0,0,0,0,0,0
"10169",2014,"AO03",6,"ABAM",2,2,0,0,0,0
"10170",2014,"AO03",6,"ABGR",0,0,0,0,0,0
"10171",2014,"AO03",6,"ABLA",0,0,0,0,0,0
"10172",2014,"AO03",6,"ABPR",0,0,0,0,0,0
"10173",2014,"AO03",6,"ACGL",0,0,0,0,0,0
"10174",2014,"AO03",6,"ALRU",0,0,0,0,0,0
"10175",2014,"AO03",6,"CANO",0,0,0,0,0,0
"10176",2014,"AO03",6,"PICO",0,0,0,0,0,0
"10177",2014,"AO03",6,"PIEN",0,0,0,0,0,0
"10178",2014,"AO03",6,"PIMO",0,0,0,0,0,0
"10179",2014,"AO03",6,"PISI",0,0,0,0,0,0
"10180",2014,"AO03",6,"PSME",16,6,0,0,0,0
"10181",2014,"AO03",6,"TABR",0,0,0,0,0,0
"10182",2014,"AO03",6,"THPL",85,165,0,0,0,0
"10183",2014,"AO03",6,"TSHE",87,121,1,0,0,0
"10184",2014,"AO03",6,"TSME",0,0,0,0,0,0
"10185",2014,"AR07",1,"ABAM",1,1,0,0,0,0
"10186",2014,"AR07",1,"ABGR",4,0,0,0,0,0
"10187",2014,"AR07",1,"ABLA",0,0,0,0,0,0
"10188",2014,"AR07",1,"ABPR",0,0,0,0,0,0
"10189",2014,"AR07",1,"ACGL",0,0,0,0,0,0
"10190",2014,"AR07",1,"ALRU",0,0,0,0,0,0
"10191",2014,"AR07",1,"CANO",98,2,6,1,0,1
"10192",2014,"AR07",1,"PICO",0,0,0,0,0,0
"10193",2014,"AR07",1,"PIEN",0,0,0,0,0,0
"10194",2014,"AR07",1,"PIMO",0,0,0,0,0,0
"10195",2014,"AR07",1,"PISI",0,0,0,0,0,0
"10196",2014,"AR07",1,"PSME",0,0,0,0,0,0
"10197",2014,"AR07",1,"TABR",0,0,0,0,0,0
"10198",2014,"AR07",1,"THPL",0,0,0,0,0,0
"10199",2014,"AR07",1,"TSHE",2,1,0,0,0,0
"10200",2014,"AR07",1,"TSME",54,17,5,32,12,44
"10201",2014,"AR07",2,"ABAM",2,0,0,0,0,0
"10202",2014,"AR07",2,"ABGR",0,0,0,0,0,0
"10203",2014,"AR07",2,"ABLA",0,0,0,0,0,0
"10204",2014,"AR07",2,"ABPR",0,0,0,0,0,0
"10205",2014,"AR07",2,"ACGL",0,0,0,0,0,0
"10206",2014,"AR07",2,"ALRU",0,0,0,0,0,0
"10207",2014,"AR07",2,"CANO",102,1,8,0,0,0
"10208",2014,"AR07",2,"PICO",0,0,0,0,0,0
"10209",2014,"AR07",2,"PIEN",0,0,0,0,0,0
"10210",2014,"AR07",2,"PIMO",0,0,0,0,0,0
"10211",2014,"AR07",2,"PISI",0,0,0,0,0,0
"10212",2014,"AR07",2,"PSME",0,0,0,0,0,0
"10213",2014,"AR07",2,"TABR",0,0,0,0,0,0
"10214",2014,"AR07",2,"THPL",0,0,0,0,0,0
"10215",2014,"AR07",2,"TSHE",0,0,0,0,0,0
"10216",2014,"AR07",2,"TSME",23,14,1,11,8,19
"10217",2014,"AR07",3,"ABAM",1,0,0,0,0,0
"10218",2014,"AR07",3,"ABGR",0,0,0,0,0,0
"10219",2014,"AR07",3,"ABLA",0,0,0,0,0,0
"10220",2014,"AR07",3,"ABPR",0,0,0,0,0,0
"10221",2014,"AR07",3,"ACGL",0,0,0,0,0,0
"10222",2014,"AR07",3,"ALRU",0,0,0,0,0,0
"10223",2014,"AR07",3,"CANO",62,0,4,0,0,0
"10224",2014,"AR07",3,"PICO",0,0,0,0,0,0
"10225",2014,"AR07",3,"PIEN",0,0,0,0,0,0
"10226",2014,"AR07",3,"PIMO",0,0,0,0,0,0
"10227",2014,"AR07",3,"PISI",0,0,0,0,0,0
"10228",2014,"AR07",3,"PSME",0,0,0,0,0,0
"10229",2014,"AR07",3,"TABR",0,0,0,0,0,0
"10230",2014,"AR07",3,"THPL",0,0,0,0,0,0
"10231",2014,"AR07",3,"TSHE",0,0,0,0,0,0
"10232",2014,"AR07",3,"TSME",16,13,2,36,26,62
"10233",2014,"AR07",4,"ABAM",2,1,0,0,0,0
"10234",2014,"AR07",4,"ABGR",0,0,0,0,0,0
"10235",2014,"AR07",4,"ABLA",0,0,0,0,0,0
"10236",2014,"AR07",4,"ABPR",0,0,0,0,0,0
"10237",2014,"AR07",4,"ACGL",0,0,0,0,0,0
"10238",2014,"AR07",4,"ALRU",0,0,0,0,0,0
"10239",2014,"AR07",4,"CANO",90,3,2,0,0,0
"10240",2014,"AR07",4,"PICO",0,0,0,0,0,0
"10241",2014,"AR07",4,"PIEN",0,0,0,0,0,0
"10242",2014,"AR07",4,"PIMO",0,0,0,0,0,0
"10243",2014,"AR07",4,"PISI",0,0,0,0,0,0
"10244",2014,"AR07",4,"PSME",0,0,0,0,0,0
"10245",2014,"AR07",4,"TABR",0,0,0,0,0,0
"10246",2014,"AR07",4,"THPL",0,0,0,0,0,0
"10247",2014,"AR07",4,"TSHE",0,0,0,0,0,0
"10248",2014,"AR07",4,"TSME",18,15,0,0,0,0
"10249",2014,"AR07",5,"ABAM",4,0,0,0,0,0
"10250",2014,"AR07",5,"ABGR",0,0,0,0,0,0
"10251",2014,"AR07",5,"ABLA",0,0,0,0,0,0
"10252",2014,"AR07",5,"ABPR",0,0,0,0,0,0
"10253",2014,"AR07",5,"ACGL",0,0,0,0,0,0
"10254",2014,"AR07",5,"ALRU",0,0,0,0,0,0
"10255",2014,"AR07",5,"CANO",88,0,5,0,0,0
"10256",2014,"AR07",5,"PICO",0,0,0,0,0,0
"10257",2014,"AR07",5,"PIEN",0,0,0,0,0,0
"10258",2014,"AR07",5,"PIMO",0,0,0,0,0,0
"10259",2014,"AR07",5,"PISI",0,0,0,0,0,0
"10260",2014,"AR07",5,"PSME",0,0,0,0,0,0
"10261",2014,"AR07",5,"TABR",0,0,0,0,0,0
"10262",2014,"AR07",5,"THPL",0,0,0,0,0,0
"10263",2014,"AR07",5,"TSHE",0,0,0,0,0,0
"10264",2014,"AR07",5,"TSME",14,9,0,0,0,0
"10265",2014,"AR07",6,"ABAM",2,0,0,0,0,0
"10266",2014,"AR07",6,"ABGR",0,0,0,0,0,0
"10267",2014,"AR07",6,"ABLA",0,0,0,0,0,0
"10268",2014,"AR07",6,"ABPR",0,0,0,0,0,0
"10269",2014,"AR07",6,"ACGL",0,0,0,0,0,0
"10270",2014,"AR07",6,"ALRU",0,0,0,0,0,0
"10271",2014,"AR07",6,"CANO",101,3,11,7,9,16
"10272",2014,"AR07",6,"PICO",0,0,0,0,0,0
"10273",2014,"AR07",6,"PIEN",0,0,0,0,0,0
"10274",2014,"AR07",6,"PIMO",0,0,0,0,0,0
"10275",2014,"AR07",6,"PISI",0,0,0,0,0,0
"10276",2014,"AR07",6,"PSME",1,0,0,0,0,0
"10277",2014,"AR07",6,"TABR",0,0,0,0,0,0
"10278",2014,"AR07",6,"THPL",0,0,0,0,0,0
"10279",2014,"AR07",6,"TSHE",0,0,0,0,0,0
"10280",2014,"AR07",6,"TSME",13,24,0,0,0,0
"10281",2014,"AV02",1,"ABAM",0,3,0,0,0,0
"10282",2014,"AV02",1,"ABGR",0,0,0,0,0,0
"10283",2014,"AV02",1,"ABLA",0,0,0,0,0,0
"10284",2014,"AV02",1,"ABPR",0,0,0,0,0,0
"10285",2014,"AV02",1,"ACGL",0,0,0,0,0,0
"10286",2014,"AV02",1,"ALRU",0,0,0,0,0,0
"10287",2014,"AV02",1,"CANO",0,0,0,0,0,0
"10288",2014,"AV02",1,"PICO",0,0,0,0,0,0
"10289",2014,"AV02",1,"PIEN",0,0,0,0,0,0
"10290",2014,"AV02",1,"PIMO",0,0,0,0,0,0
"10291",2014,"AV02",1,"PISI",0,0,0,0,0,0
"10292",2014,"AV02",1,"PSME",2,13,0,0,0,0
"10293",2014,"AV02",1,"TABR",0,0,0,0,0,0
"10294",2014,"AV02",1,"THPL",2,9,0,0,0,0
"10295",2014,"AV02",1,"TSHE",290,202,7,0,0,0
"10296",2014,"AV02",1,"TSME",0,0,0,0,0,0
"10297",2014,"AV02",2,"ABAM",12,10,0,0,0,0
"10298",2014,"AV02",2,"ABGR",0,0,0,0,0,0
"10299",2014,"AV02",2,"ABLA",0,0,0,0,0,0
"10300",2014,"AV02",2,"ABPR",0,0,0,0,0,0
"10301",2014,"AV02",2,"ACGL",0,0,0,0,0,0
"10302",2014,"AV02",2,"ALRU",0,0,0,0,0,0
"10303",2014,"AV02",2,"CANO",0,0,0,0,0,0
"10304",2014,"AV02",2,"PICO",0,0,0,0,0,0
"10305",2014,"AV02",2,"PIEN",0,0,0,0,0,0
"10306",2014,"AV02",2,"PIMO",0,0,0,0,0,0
"10307",2014,"AV02",2,"PISI",0,0,0,0,0,0
"10308",2014,"AV02",2,"PSME",6,1,0,0,0,0
"10309",2014,"AV02",2,"TABR",0,0,0,0,0,0
"10310",2014,"AV02",2,"THPL",1,2,0,0,0,0
"10311",2014,"AV02",2,"TSHE",252,113,10,1,0,1
"10312",2014,"AV02",2,"TSME",0,0,0,0,0,0
"10313",2014,"AV02",3,"ABAM",5,9,0,0,0,0
"10314",2014,"AV02",3,"ABGR",0,0,0,0,0,0
"10315",2014,"AV02",3,"ABLA",0,0,0,0,0,0
"10316",2014,"AV02",3,"ABPR",0,0,0,0,0,0
"10317",2014,"AV02",3,"ACGL",0,0,0,0,0,0
"10318",2014,"AV02",3,"ALRU",0,0,0,0,0,0
"10319",2014,"AV02",3,"CANO",0,0,0,0,0,0
"10320",2014,"AV02",3,"PICO",0,0,0,0,0,0
"10321",2014,"AV02",3,"PIEN",0,0,0,0,0,0
"10322",2014,"AV02",3,"PIMO",0,0,0,0,0,0
"10323",2014,"AV02",3,"PISI",0,0,0,0,0,0
"10324",2014,"AV02",3,"PSME",10,4,0,0,0,0
"10325",2014,"AV02",3,"TABR",0,0,0,0,0,0
"10326",2014,"AV02",3,"THPL",0,6,0,0,0,0
"10327",2014,"AV02",3,"TSHE",225,75,6,0,0,0
"10328",2014,"AV02",3,"TSME",0,0,0,0,0,0
"10329",2014,"AV02",4,"ABAM",0,0,0,0,0,0
"10330",2014,"AV02",4,"ABGR",0,0,0,0,0,0
"10331",2014,"AV02",4,"ABLA",0,0,0,0,0,0
"10332",2014,"AV02",4,"ABPR",0,0,0,0,0,0
"10333",2014,"AV02",4,"ACGL",0,0,0,0,0,0
"10334",2014,"AV02",4,"ALRU",0,0,0,0,0,0
"10335",2014,"AV02",4,"CANO",0,0,0,0,0,0
"10336",2014,"AV02",4,"PICO",0,0,0,0,0,0
"10337",2014,"AV02",4,"PIEN",0,0,0,0,0,0
"10338",2014,"AV02",4,"PIMO",0,0,0,0,0,0
"10339",2014,"AV02",4,"PISI",0,0,0,0,0,0
"10340",2014,"AV02",4,"PSME",3,6,0,0,0,0
"10341",2014,"AV02",4,"TABR",0,0,0,0,0,0
"10342",2014,"AV02",4,"THPL",0,0,0,0,0,0
"10343",2014,"AV02",4,"TSHE",161,217,6,0,0,0
"10344",2014,"AV02",4,"TSME",4,2,0,0,0,0
"10345",2014,"AV02",5,"ABAM",9,7,0,0,0,0
"10346",2014,"AV02",5,"ABGR",2,0,0,0,0,0
"10347",2014,"AV02",5,"ABLA",0,0,0,0,0,0
"10348",2014,"AV02",5,"ABPR",0,0,0,0,0,0
"10349",2014,"AV02",5,"ACGL",0,0,0,0,0,0
"10350",2014,"AV02",5,"ALRU",0,0,0,0,0,0
"10351",2014,"AV02",5,"CANO",0,0,0,0,0,0
"10352",2014,"AV02",5,"PICO",0,0,0,0,0,0
"10353",2014,"AV02",5,"PIEN",0,0,0,0,0,0
"10354",2014,"AV02",5,"PIMO",0,0,0,0,0,0
"10355",2014,"AV02",5,"PISI",0,0,0,0,0,0
"10356",2014,"AV02",5,"PSME",7,3,0,0,0,0
"10357",2014,"AV02",5,"TABR",0,0,0,0,0,0
"10358",2014,"AV02",5,"THPL",3,4,0,0,0,0
"10359",2014,"AV02",5,"TSHE",305,122,4,0,0,0
"10360",2014,"AV02",5,"TSME",0,0,0,0,0,0
"10361",2014,"AV02",6,"ABAM",14,21,0,0,0,0
"10362",2014,"AV02",6,"ABGR",0,0,0,0,0,0
"10363",2014,"AV02",6,"ABLA",0,0,0,0,0,0
"10364",2014,"AV02",6,"ABPR",0,0,0,0,0,0
"10365",2014,"AV02",6,"ACGL",0,0,0,0,0,0
"10366",2014,"AV02",6,"ALRU",0,0,0,0,0,0
"10367",2014,"AV02",6,"CANO",0,0,0,0,0,0
"10368",2014,"AV02",6,"PICO",0,0,0,0,0,0
"10369",2014,"AV02",6,"PIEN",0,0,0,0,0,0
"10370",2014,"AV02",6,"PIMO",0,0,0,0,0,0
"10371",2014,"AV02",6,"PISI",0,0,0,0,0,0
"10372",2014,"AV02",6,"PSME",5,2,0,0,0,0
"10373",2014,"AV02",6,"TABR",0,0,0,0,0,0
"10374",2014,"AV02",6,"THPL",4,1,0,0,0,0
"10375",2014,"AV02",6,"TSHE",271,50,0,0,0,0
"10376",2014,"AV02",6,"TSME",0,0,5,0,5,5
"10377",2014,"AV06",1,"ABAM",8,2,0,0,0,0
"10378",2014,"AV06",1,"ABGR",0,0,0,0,0,0
"10379",2014,"AV06",1,"ABLA",0,0,0,0,0,0
"10380",2014,"AV06",1,"ABPR",0,0,0,0,0,0
"10381",2014,"AV06",1,"ACGL",0,0,0,0,0,0
"10382",2014,"AV06",1,"ALRU",0,0,0,0,0,0
"10383",2014,"AV06",1,"CANO",1,0,0,0,0,0
"10384",2014,"AV06",1,"PICO",0,0,0,0,0,0
"10385",2014,"AV06",1,"PIEN",0,0,0,0,0,0
"10386",2014,"AV06",1,"PIMO",0,0,0,0,0,0
"10387",2014,"AV06",1,"PISI",0,0,0,0,0,0
"10388",2014,"AV06",1,"PSME",2,1,0,0,0,0
"10389",2014,"AV06",1,"TABR",0,0,0,0,0,0
"10390",2014,"AV06",1,"THPL",14,9,0,0,0,0
"10391",2014,"AV06",1,"TSHE",64,37,4,1,1,2
"10392",2014,"AV06",1,"TSME",0,0,0,0,0,0
"10393",2014,"AV06",2,"ABAM",12,9,0,0,0,0
"10394",2014,"AV06",2,"ABGR",0,0,0,0,0,0
"10395",2014,"AV06",2,"ABLA",0,0,0,0,0,0
"10396",2014,"AV06",2,"ABPR",0,0,0,0,0,0
"10397",2014,"AV06",2,"ACGL",0,0,0,0,0,0
"10398",2014,"AV06",2,"ALRU",0,0,0,0,0,0
"10399",2014,"AV06",2,"CANO",0,0,0,0,0,0
"10400",2014,"AV06",2,"PICO",0,0,0,0,0,0
"10401",2014,"AV06",2,"PIEN",0,0,0,0,0,0
"10402",2014,"AV06",2,"PIMO",0,0,0,0,0,0
"10403",2014,"AV06",2,"PISI",0,0,0,0,0,0
"10404",2014,"AV06",2,"PSME",6,3,0,0,0,0
"10405",2014,"AV06",2,"TABR",0,0,0,0,0,0
"10406",2014,"AV06",2,"THPL",5,6,0,0,0,0
"10407",2014,"AV06",2,"TSHE",76,67,16,10,36,46
"10408",2014,"AV06",2,"TSME",0,0,0,0,0,0
"10409",2014,"AV06",3,"ABAM",15,0,0,0,0,0
"10410",2014,"AV06",3,"ABGR",0,0,0,0,0,0
"10411",2014,"AV06",3,"ABLA",0,0,0,0,0,0
"10412",2014,"AV06",3,"ABPR",0,0,0,0,0,0
"10413",2014,"AV06",3,"ACGL",0,0,0,0,0,0
"10414",2014,"AV06",3,"ALRU",0,0,0,0,0,0
"10415",2014,"AV06",3,"CANO",1,0,0,0,0,0
"10416",2014,"AV06",3,"PICO",0,0,0,0,0,0
"10417",2014,"AV06",3,"PIEN",0,0,0,0,0,0
"10418",2014,"AV06",3,"PIMO",0,0,0,0,0,0
"10419",2014,"AV06",3,"PISI",0,0,0,0,0,0
"10420",2014,"AV06",3,"PSME",7,2,0,0,0,0
"10421",2014,"AV06",3,"TABR",0,0,0,0,0,0
"10422",2014,"AV06",3,"THPL",16,6,0,0,0,0
"10423",2014,"AV06",3,"TSHE",64,57,13,8,3,11
"10424",2014,"AV06",3,"TSME",0,0,0,0,0,0
"10425",2014,"AV06",4,"ABAM",6,5,0,0,0,0
"10426",2014,"AV06",4,"ABGR",0,0,0,0,0,0
"10427",2014,"AV06",4,"ABLA",0,0,0,0,0,0
"10428",2014,"AV06",4,"ABPR",0,0,0,0,0,0
"10429",2014,"AV06",4,"ACGL",0,0,0,0,0,0
"10430",2014,"AV06",4,"ALRU",0,0,0,0,0,0
"10431",2014,"AV06",4,"CANO",1,0,0,0,0,0
"10432",2014,"AV06",4,"PICO",0,0,0,0,0,0
"10433",2014,"AV06",4,"PIEN",0,0,0,0,0,0
"10434",2014,"AV06",4,"PIMO",0,0,0,0,0,0
"10435",2014,"AV06",4,"PISI",0,0,0,0,0,0
"10436",2014,"AV06",4,"PSME",9,0,0,0,0,0
"10437",2014,"AV06",4,"TABR",0,0,0,0,0,0
"10438",2014,"AV06",4,"THPL",7,3,0,0,0,0
"10439",2014,"AV06",4,"TSHE",58,63,4,1,3,4
"10440",2014,"AV06",4,"TSME",0,0,0,0,0,0
"10441",2014,"AV06",5,"ABAM",8,7,0,0,0,0
"10442",2014,"AV06",5,"ABGR",0,0,0,0,0,0
"10443",2014,"AV06",5,"ABLA",0,0,0,0,0,0
"10444",2014,"AV06",5,"ABPR",0,0,0,0,0,0
"10445",2014,"AV06",5,"ACGL",0,0,0,0,0,0
"10446",2014,"AV06",5,"ALRU",0,0,0,0,0,0
"10447",2014,"AV06",5,"CANO",0,0,0,0,0,0
"10448",2014,"AV06",5,"PICO",0,0,0,0,0,0
"10449",2014,"AV06",5,"PIEN",0,0,0,0,0,0
"10450",2014,"AV06",5,"PIMO",0,0,0,0,0,0
"10451",2014,"AV06",5,"PISI",0,0,0,0,0,0
"10452",2014,"AV06",5,"PSME",9,2,0,0,0,0
"10453",2014,"AV06",5,"TABR",0,0,0,0,0,0
"10454",2014,"AV06",5,"THPL",4,8,0,0,0,0
"10455",2014,"AV06",5,"TSHE",36,41,0,0,0,0
"10456",2014,"AV06",5,"TSME",1,0,0,0,0,0
"10457",2014,"AV06",6,"ABAM",5,2,0,0,0,0
"10458",2014,"AV06",6,"ABGR",0,0,0,0,0,0
"10459",2014,"AV06",6,"ABLA",0,0,0,0,0,0
"10460",2014,"AV06",6,"ABPR",0,0,0,0,0,0
"10461",2014,"AV06",6,"ACGL",0,0,0,0,0,0
"10462",2014,"AV06",6,"ALRU",0,0,0,0,0,0
"10463",2014,"AV06",6,"CANO",0,0,0,0,0,0
"10464",2014,"AV06",6,"PICO",0,0,0,0,0,0
"10465",2014,"AV06",6,"PIEN",0,0,0,0,0,0
"10466",2014,"AV06",6,"PIMO",0,0,0,0,0,0
"10467",2014,"AV06",6,"PISI",0,0,0,0,0,0
"10468",2014,"AV06",6,"PSME",6,1,0,0,0,0
"10469",2014,"AV06",6,"TABR",0,0,0,0,0,0
"10470",2014,"AV06",6,"THPL",7,6,0,0,0,0
"10471",2014,"AV06",6,"TSHE",23,22,0,0,0,0
"10472",2014,"AV06",6,"TSME",0,0,0,0,0,0
"10473",2014,"AV14",1,"ABAM",2,0,0,0,0,0
"10474",2014,"AV14",1,"ABGR",0,0,0,0,0,0
"10475",2014,"AV14",1,"ABLA",0,0,0,0,0,0
"10476",2014,"AV14",1,"ABPR",0,0,0,0,0,0
"10477",2014,"AV14",1,"ACGL",0,0,0,0,0,0
"10478",2014,"AV14",1,"ALRU",0,0,0,0,0,0
"10479",2014,"AV14",1,"CANO",0,0,0,0,0,0
"10480",2014,"AV14",1,"PICO",0,0,0,0,0,0
"10481",2014,"AV14",1,"PIEN",0,0,0,0,0,0
"10482",2014,"AV14",1,"PIMO",0,0,0,0,0,0
"10483",2014,"AV14",1,"PISI",0,0,0,0,0,0
"10484",2014,"AV14",1,"PSME",0,0,0,0,0,0
"10485",2014,"AV14",1,"TABR",0,0,0,0,0,0
"10486",2014,"AV14",1,"THPL",0,0,0,0,0,0
"10487",2014,"AV14",1,"TSHE",242,53,8,0,0,0
"10488",2014,"AV14",1,"TSME",0,0,0,0,0,0
"10489",2014,"AV14",2,"ABAM",1,0,0,0,0,0
"10490",2014,"AV14",2,"ABGR",0,0,0,0,0,0
"10491",2014,"AV14",2,"ABLA",0,0,0,0,0,0
"10492",2014,"AV14",2,"ABPR",0,0,0,0,0,0
"10493",2014,"AV14",2,"ACGL",0,0,0,0,0,0
"10494",2014,"AV14",2,"ALRU",0,0,0,0,0,0
"10495",2014,"AV14",2,"CANO",0,0,0,0,0,0
"10496",2014,"AV14",2,"PICO",0,0,0,0,0,0
"10497",2014,"AV14",2,"PIEN",0,0,0,0,0,0
"10498",2014,"AV14",2,"PIMO",0,0,0,0,0,0
"10499",2014,"AV14",2,"PISI",0,0,0,0,0,0
"10500",2014,"AV14",2,"PSME",0,0,0,0,0,0
"10501",2014,"AV14",2,"TABR",0,0,0,0,0,0
"10502",2014,"AV14",2,"THPL",0,2,0,0,0,0
"10503",2014,"AV14",2,"TSHE",387,149,16,23,2,25
"10504",2014,"AV14",2,"TSME",0,0,0,0,0,0
"10505",2014,"AV14",3,"ABAM",3,0,0,0,0,0
"10506",2014,"AV14",3,"ABGR",0,0,0,0,0,0
"10507",2014,"AV14",3,"ABLA",0,0,0,0,0,0
"10508",2014,"AV14",3,"ABPR",0,0,0,0,0,0
"10509",2014,"AV14",3,"ACGL",0,0,0,0,0,0
"10510",2014,"AV14",3,"ALRU",0,0,0,0,0,0
"10511",2014,"AV14",3,"CANO",0,0,0,0,0,0
"10512",2014,"AV14",3,"PICO",0,0,0,0,0,0
"10513",2014,"AV14",3,"PIEN",0,0,0,0,0,0
"10514",2014,"AV14",3,"PIMO",0,0,0,0,0,0
"10515",2014,"AV14",3,"PISI",0,0,0,0,0,0
"10516",2014,"AV14",3,"PSME",0,0,0,0,0,0
"10517",2014,"AV14",3,"TABR",0,0,0,0,0,0
"10518",2014,"AV14",3,"THPL",1,0,0,0,0,0
"10519",2014,"AV14",3,"TSHE",508,85,30,17,13,30
"10520",2014,"AV14",3,"TSME",0,0,0,0,0,0
"10521",2014,"AV14",4,"ABAM",2,0,0,0,0,0
"10522",2014,"AV14",4,"ABGR",0,0,0,0,0,0
"10523",2014,"AV14",4,"ABLA",0,0,0,0,0,0
"10524",2014,"AV14",4,"ABPR",0,0,0,0,0,0
"10525",2014,"AV14",4,"ACGL",0,0,0,0,0,0
"10526",2014,"AV14",4,"ALRU",0,0,0,0,0,0
"10527",2014,"AV14",4,"CANO",1,0,0,0,0,0
"10528",2014,"AV14",4,"PICO",0,0,0,0,0,0
"10529",2014,"AV14",4,"PIEN",0,0,0,0,0,0
"10530",2014,"AV14",4,"PIMO",0,0,0,0,0,0
"10531",2014,"AV14",4,"PISI",0,0,0,0,0,0
"10532",2014,"AV14",4,"PSME",0,0,0,0,0,0
"10533",2014,"AV14",4,"TABR",0,0,0,0,0,0
"10534",2014,"AV14",4,"THPL",0,0,0,0,0,0
"10535",2014,"AV14",4,"TSHE",479,156,52,21,141,162
"10536",2014,"AV14",4,"TSME",0,0,0,0,0,0
"10537",2014,"AV14",5,"ABAM",2,0,0,0,0,0
"10538",2014,"AV14",5,"ABGR",0,0,0,0,0,0
"10539",2014,"AV14",5,"ABLA",0,0,0,0,0,0
"10540",2014,"AV14",5,"ABPR",0,0,0,0,0,0
"10541",2014,"AV14",5,"ACGL",0,0,0,0,0,0
"10542",2014,"AV14",5,"ALRU",0,0,0,0,0,0
"10543",2014,"AV14",5,"CANO",1,0,0,0,0,0
"10544",2014,"AV14",5,"PICO",0,0,0,0,0,0
"10545",2014,"AV14",5,"PIEN",0,0,0,0,0,0
"10546",2014,"AV14",5,"PIMO",0,0,0,0,0,0
"10547",2014,"AV14",5,"PISI",0,0,0,0,0,0
"10548",2014,"AV14",5,"PSME",0,0,0,0,0,0
"10549",2014,"AV14",5,"TABR",0,0,0,0,0,0
"10550",2014,"AV14",5,"THPL",0,3,0,0,0,0
"10551",2014,"AV14",5,"TSHE",227,346,84,88,221,309
"10552",2014,"AV14",5,"TSME",0,0,0,0,0,0
"10553",2014,"AV14",6,"ABAM",4,1,0,0,0,0
"10554",2014,"AV14",6,"ABGR",0,0,0,0,0,0
"10555",2014,"AV14",6,"ABLA",0,0,0,0,0,0
"10556",2014,"AV14",6,"ABPR",0,0,0,0,0,0
"10557",2014,"AV14",6,"ACGL",0,0,0,0,0,0
"10558",2014,"AV14",6,"ALRU",0,0,0,0,0,0
"10559",2014,"AV14",6,"CANO",0,0,0,0,0,0
"10560",2014,"AV14",6,"PICO",0,0,0,0,0,0
"10561",2014,"AV14",6,"PIEN",0,0,0,0,0,0
"10562",2014,"AV14",6,"PIMO",0,0,0,0,0,0
"10563",2014,"AV14",6,"PISI",0,0,0,0,0,0
"10564",2014,"AV14",6,"PSME",0,0,0,0,0,0
"10565",2014,"AV14",6,"TABR",0,0,0,0,0,0
"10566",2014,"AV14",6,"THPL",0,0,0,0,0,0
"10567",2014,"AV14",6,"TSHE",313,314,71,169,143,312
"10568",2014,"AV14",6,"TSME",0,0,0,0,0,0
"10569",2014,"AX15",1,"ABAM",0,0,0,0,0,0
"10570",2014,"AX15",1,"ABGR",0,0,0,0,0,0
"10571",2014,"AX15",1,"ABLA",0,0,0,0,0,0
"10572",2014,"AX15",1,"ABPR",0,0,0,0,0,0
"10573",2014,"AX15",1,"ACGL",0,0,0,0,0,0
"10574",2014,"AX15",1,"ALRU",0,0,0,0,0,0
"10575",2014,"AX15",1,"CANO",0,0,0,0,0,0
"10576",2014,"AX15",1,"PICO",0,0,0,0,0,0
"10577",2014,"AX15",1,"PIEN",0,0,0,0,0,0
"10578",2014,"AX15",1,"PIMO",0,0,0,0,0,0
"10579",2014,"AX15",1,"PISI",0,0,0,0,0,0
"10580",2014,"AX15",1,"PSME",2,1,0,0,0,0
"10581",2014,"AX15",1,"TABR",0,0,0,0,0,0
"10582",2014,"AX15",1,"THPL",2,0,0,0,0,0
"10583",2014,"AX15",1,"TSHE",43,67,5,0,0,0
"10584",2014,"AX15",1,"TSME",1,0,0,0,0,0
"10585",2014,"AX15",2,"ABAM",0,0,0,0,0,0
"10586",2014,"AX15",2,"ABGR",0,0,0,0,0,0
"10587",2014,"AX15",2,"ABLA",0,0,0,0,0,0
"10588",2014,"AX15",2,"ABPR",0,0,0,0,0,0
"10589",2014,"AX15",2,"ACGL",0,0,0,0,0,0
"10590",2014,"AX15",2,"ALRU",0,0,0,0,0,0
"10591",2014,"AX15",2,"CANO",0,0,0,0,0,0
"10592",2014,"AX15",2,"PICO",0,0,0,0,0,0
"10593",2014,"AX15",2,"PIEN",0,0,0,0,0,0
"10594",2014,"AX15",2,"PIMO",0,0,0,0,0,0
"10595",2014,"AX15",2,"PISI",0,0,0,0,0,0
"10596",2014,"AX15",2,"PSME",3,2,0,0,0,0
"10597",2014,"AX15",2,"TABR",0,0,0,0,0,0
"10598",2014,"AX15",2,"THPL",0,1,0,0,0,0
"10599",2014,"AX15",2,"TSHE",88,98,1,0,0,0
"10600",2014,"AX15",2,"TSME",0,0,0,0,0,0
"10601",2014,"AX15",3,"ABAM",0,0,0,0,0,0
"10602",2014,"AX15",3,"ABGR",0,0,0,0,0,0
"10603",2014,"AX15",3,"ABLA",0,0,0,0,0,0
"10604",2014,"AX15",3,"ABPR",0,0,0,0,0,0
"10605",2014,"AX15",3,"ACGL",0,0,0,0,0,0
"10606",2014,"AX15",3,"ALRU",1,0,0,0,0,0
"10607",2014,"AX15",3,"CANO",0,0,0,0,0,0
"10608",2014,"AX15",3,"PICO",0,0,0,0,0,0
"10609",2014,"AX15",3,"PIEN",0,0,0,0,0,0
"10610",2014,"AX15",3,"PIMO",0,0,0,0,0,0
"10611",2014,"AX15",3,"PISI",0,0,0,0,0,0
"10612",2014,"AX15",3,"PSME",3,0,0,0,0,0
"10613",2014,"AX15",3,"TABR",0,0,0,0,0,0
"10614",2014,"AX15",3,"THPL",0,0,0,0,0,0
"10615",2014,"AX15",3,"TSHE",52,70,0,0,0,0
"10616",2014,"AX15",3,"TSME",0,0,0,0,0,0
"10617",2014,"AX15",4,"ABAM",0,0,0,0,0,0
"10618",2014,"AX15",4,"ABGR",0,0,0,0,0,0
"10619",2014,"AX15",4,"ABLA",0,0,0,0,0,0
"10620",2014,"AX15",4,"ABPR",0,0,0,0,0,0
"10621",2014,"AX15",4,"ACGL",0,0,0,0,0,0
"10622",2014,"AX15",4,"ALRU",0,0,0,0,0,0
"10623",2014,"AX15",4,"CANO",0,0,0,0,0,0
"10624",2014,"AX15",4,"PICO",0,0,0,0,0,0
"10625",2014,"AX15",4,"PIEN",0,0,0,0,0,0
"10626",2014,"AX15",4,"PIMO",0,0,0,0,0,0
"10627",2014,"AX15",4,"PISI",0,0,0,0,0,0
"10628",2014,"AX15",4,"PSME",11,0,0,0,0,0
"10629",2014,"AX15",4,"TABR",0,0,0,0,0,0
"10630",2014,"AX15",4,"THPL",0,0,0,0,0,0
"10631",2014,"AX15",4,"TSHE",95,89,2,0,0,0
"10632",2014,"AX15",4,"TSME",1,0,0,0,0,0
"10633",2014,"AX15",5,"ABAM",0,0,0,0,0,0
"10634",2014,"AX15",5,"ABGR",0,0,0,0,0,0
"10635",2014,"AX15",5,"ABLA",0,0,0,0,0,0
"10636",2014,"AX15",5,"ABPR",0,0,0,0,0,0
"10637",2014,"AX15",5,"ACGL",0,0,0,0,0,0
"10638",2014,"AX15",5,"ALRU",0,0,0,0,0,0
"10639",2014,"AX15",5,"CANO",0,0,0,0,0,0
"10640",2014,"AX15",5,"PICO",0,0,0,0,0,0
"10641",2014,"AX15",5,"PIEN",0,0,0,0,0,0
"10642",2014,"AX15",5,"PIMO",0,0,0,0,0,0
"10643",2014,"AX15",5,"PISI",0,0,0,0,0,0
"10644",2014,"AX15",5,"PSME",6,3,0,0,0,0
"10645",2014,"AX15",5,"TABR",0,0,0,0,0,0
"10646",2014,"AX15",5,"THPL",0,1,0,0,0,0
"10647",2014,"AX15",5,"TSHE",73,108,1,0,0,0
"10648",2014,"AX15",5,"TSME",0,0,0,0,0,0
"10649",2014,"AX15",6,"ABAM",0,0,0,0,0,0
"10650",2014,"AX15",6,"ABGR",0,0,0,0,0,0
"10651",2014,"AX15",6,"ABLA",0,0,0,0,0,0
"10652",2014,"AX15",6,"ABPR",0,0,0,0,0,0
"10653",2014,"AX15",6,"ACGL",0,0,0,0,0,0
"10654",2014,"AX15",6,"ALRU",0,0,0,0,0,0
"10655",2014,"AX15",6,"CANO",0,0,0,0,0,0
"10656",2014,"AX15",6,"PICO",0,0,0,0,0,0
"10657",2014,"AX15",6,"PIEN",0,0,0,0,0,0
"10658",2014,"AX15",6,"PIMO",0,0,0,0,0,0
"10659",2014,"AX15",6,"PISI",0,0,0,0,0,0
"10660",2014,"AX15",6,"PSME",7,1,0,0,0,0
"10661",2014,"AX15",6,"TABR",0,0,0,0,0,0
"10662",2014,"AX15",6,"THPL",1,0,0,0,0,0
"10663",2014,"AX15",6,"TSHE",92,118,10,0,0,0
"10664",2014,"AX15",6,"TSME",1,0,0,0,0,0
"10665",2014,"PARA",1,"ABAM",32,3,0,0,0,0
"10666",2014,"PARA",1,"ABGR",0,0,0,0,0,0
"10667",2014,"PARA",1,"ABLA",6,2,0,0,0,0
"10668",2014,"PARA",1,"ABPR",0,0,0,0,0,0
"10669",2014,"PARA",1,"ACGL",0,0,0,0,0,0
"10670",2014,"PARA",1,"ALRU",0,0,0,0,0,0
"10671",2014,"PARA",1,"CANO",0,0,0,0,0,0
"10672",2014,"PARA",1,"PICO",0,0,0,0,0,0
"10673",2014,"PARA",1,"PIEN",0,0,0,0,0,0
"10674",2014,"PARA",1,"PIMO",0,0,0,0,0,0
"10675",2014,"PARA",1,"PISI",0,0,0,0,0,0
"10676",2014,"PARA",1,"PSME",0,0,0,0,0,0
"10677",2014,"PARA",1,"TABR",0,0,0,0,0,0
"10678",2014,"PARA",1,"THPL",0,0,0,0,0,0
"10679",2014,"PARA",1,"TSHE",0,0,0,0,0,0
"10680",2014,"PARA",1,"TSME",17,9,0,0,0,0
"10681",2014,"PARA",2,"ABAM",38,11,0,0,0,0
"10682",2014,"PARA",2,"ABGR",0,0,0,0,0,0
"10683",2014,"PARA",2,"ABLA",24,8,0,0,0,0
"10684",2014,"PARA",2,"ABPR",0,0,0,0,0,0
"10685",2014,"PARA",2,"ACGL",0,0,0,0,0,0
"10686",2014,"PARA",2,"ALRU",0,0,0,0,0,0
"10687",2014,"PARA",2,"CANO",0,0,0,0,0,0
"10688",2014,"PARA",2,"PICO",0,0,0,0,0,0
"10689",2014,"PARA",2,"PIEN",0,0,0,0,0,0
"10690",2014,"PARA",2,"PIMO",0,0,0,0,0,0
"10691",2014,"PARA",2,"PISI",0,0,0,0,0,0
"10692",2014,"PARA",2,"PSME",0,0,0,0,0,0
"10693",2014,"PARA",2,"TABR",0,0,0,0,0,0
"10694",2014,"PARA",2,"THPL",0,0,0,0,0,0
"10695",2014,"PARA",2,"TSHE",0,0,0,0,0,0
"10696",2014,"PARA",2,"TSME",13,11,0,0,0,0
"10697",2014,"PARA",3,"ABAM",35,8,0,0,0,0
"10698",2014,"PARA",3,"ABGR",0,0,0,0,0,0
"10699",2014,"PARA",3,"ABLA",9,0,0,0,0,0
"10700",2014,"PARA",3,"ABPR",0,0,0,0,0,0
"10701",2014,"PARA",3,"ACGL",0,0,0,0,0,0
"10702",2014,"PARA",3,"ALRU",0,0,0,0,0,0
"10703",2014,"PARA",3,"CANO",0,0,0,0,0,0
"10704",2014,"PARA",3,"PICO",0,0,0,0,0,0
"10705",2014,"PARA",3,"PIEN",0,0,0,0,0,0
"10706",2014,"PARA",3,"PIMO",0,0,0,0,0,0
"10707",2014,"PARA",3,"PISI",0,0,0,0,0,0
"10708",2014,"PARA",3,"PSME",0,0,0,0,0,0
"10709",2014,"PARA",3,"TABR",0,0,0,0,0,0
"10710",2014,"PARA",3,"THPL",0,0,0,0,0,0
"10711",2014,"PARA",3,"TSHE",0,0,0,0,0,0
"10712",2014,"PARA",3,"TSME",24,23,2,29,71,100
"10713",2014,"PARA",4,"ABAM",9,2,0,0,0,0
"10714",2014,"PARA",4,"ABGR",0,0,0,0,0,0
"10715",2014,"PARA",4,"ABLA",19,5,0,0,0,0
"10716",2014,"PARA",4,"ABPR",0,0,0,0,0,0
"10717",2014,"PARA",4,"ACGL",0,0,0,0,0,0
"10718",2014,"PARA",4,"ALRU",0,0,0,0,0,0
"10719",2014,"PARA",4,"CANO",1,0,0,0,0,0
"10720",2014,"PARA",4,"PICO",0,0,0,0,0,0
"10721",2014,"PARA",4,"PIEN",0,0,0,0,0,0
"10722",2014,"PARA",4,"PIMO",0,0,0,0,0,0
"10723",2014,"PARA",4,"PISI",0,0,0,0,0,0
"10724",2014,"PARA",4,"PSME",0,0,0,0,0,0
"10725",2014,"PARA",4,"TABR",0,0,0,0,0,0
"10726",2014,"PARA",4,"THPL",0,0,0,0,0,0
"10727",2014,"PARA",4,"TSHE",0,0,0,0,0,0
"10728",2014,"PARA",4,"TSME",22,31,0,0,0,0
"10729",2014,"PARA",5,"ABAM",9,9,0,0,0,0
"10730",2014,"PARA",5,"ABGR",0,0,0,0,0,0
"10731",2014,"PARA",5,"ABLA",21,6,0,0,0,0
"10732",2014,"PARA",5,"ABPR",0,0,0,0,0,0
"10733",2014,"PARA",5,"ACGL",0,0,0,0,0,0
"10734",2014,"PARA",5,"ALRU",0,0,0,0,0,0
"10735",2014,"PARA",5,"CANO",0,0,0,0,0,0
"10736",2014,"PARA",5,"PICO",0,0,0,0,0,0
"10737",2014,"PARA",5,"PIEN",0,0,0,0,0,0
"10738",2014,"PARA",5,"PIMO",0,0,0,0,0,0
"10739",2014,"PARA",5,"PISI",0,0,0,0,0,0
"10740",2014,"PARA",5,"PSME",0,0,0,0,0,0
"10741",2014,"PARA",5,"TABR",0,0,0,0,0,0
"10742",2014,"PARA",5,"THPL",0,0,0,0,0,0
"10743",2014,"PARA",5,"TSHE",0,0,0,0,0,0
"10744",2014,"PARA",5,"TSME",19,25,0,0,0,0
"10745",2014,"PARA",6,"ABAM",19,4,0,0,0,0
"10746",2014,"PARA",6,"ABGR",0,0,0,0,0,0
"10747",2014,"PARA",6,"ABLA",6,0,0,0,0,0
"10748",2014,"PARA",6,"ABPR",0,0,0,0,0,0
"10749",2014,"PARA",6,"ACGL",0,0,0,0,0,0
"10750",2014,"PARA",6,"ALRU",0,0,0,0,0,0
"10751",2014,"PARA",6,"CANO",7,2,0,0,0,0
"10752",2014,"PARA",6,"PICO",0,0,0,0,0,0
"10753",2014,"PARA",6,"PIEN",0,0,0,0,0,0
"10754",2014,"PARA",6,"PIMO",0,0,0,0,0,0
"10755",2014,"PARA",6,"PISI",0,0,0,0,0,0
"10756",2014,"PARA",6,"PSME",0,0,0,0,0,0
"10757",2014,"PARA",6,"TABR",0,0,0,0,0,0
"10758",2014,"PARA",6,"THPL",0,0,0,0,0,0
"10759",2014,"PARA",6,"TSHE",0,0,0,0,0,0
"10760",2014,"PARA",6,"TSME",17,29,3,21,49,70
"10761",2014,"PP17",1,"ABAM",0,0,0,0,0,0
"10762",2014,"PP17",1,"ABGR",0,0,0,0,0,0
"10763",2014,"PP17",1,"ABLA",1,0,0,0,0,0
"10764",2014,"PP17",1,"ABPR",0,0,0,0,0,0
"10765",2014,"PP17",1,"ACGL",0,0,0,0,0,0
"10766",2014,"PP17",1,"ALRU",10,2,0,0,0,0
"10767",2014,"PP17",1,"CANO",0,0,0,0,0,0
"10768",2014,"PP17",1,"PICO",11,3,0,0,0,0
"10769",2014,"PP17",1,"PIEN",0,0,0,0,0,0
"10770",2014,"PP17",1,"PIMO",3,0,0,0,0,0
"10771",2014,"PP17",1,"PISI",0,0,0,0,0,0
"10772",2014,"PP17",1,"PSME",25,3,0,0,0,0
"10773",2014,"PP17",1,"TABR",0,0,0,0,0,0
"10774",2014,"PP17",1,"THPL",0,0,0,0,0,0
"10775",2014,"PP17",1,"TSHE",24,7,0,0,0,0
"10776",2014,"PP17",1,"TSME",0,0,0,0,0,0
"10777",2014,"PP17",2,"ABAM",0,0,0,0,0,0
"10778",2014,"PP17",2,"ABGR",0,0,0,0,0,0
"10779",2014,"PP17",2,"ABLA",0,0,0,0,0,0
"10780",2014,"PP17",2,"ABPR",0,0,0,0,0,0
"10781",2014,"PP17",2,"ACGL",0,0,0,0,0,0
"10782",2014,"PP17",2,"ALRU",15,0,0,0,0,0
"10783",2014,"PP17",2,"CANO",0,0,0,0,0,0
"10784",2014,"PP17",2,"PICO",11,9,3,0,0,0
"10785",2014,"PP17",2,"PIEN",1,5,0,0,0,0
"10786",2014,"PP17",2,"PIMO",0,0,0,0,0,0
"10787",2014,"PP17",2,"PISI",0,0,0,0,0,0
"10788",2014,"PP17",2,"PSME",19,9,0,0,0,0
"10789",2014,"PP17",2,"TABR",0,0,0,0,0,0
"10790",2014,"PP17",2,"THPL",1,0,0,0,0,0
"10791",2014,"PP17",2,"TSHE",2,3,0,0,0,0
"10792",2014,"PP17",2,"TSME",4,3,0,0,0,0
"10793",2014,"PP17",3,"ABAM",0,0,0,0,0,0
"10794",2014,"PP17",3,"ABGR",0,0,0,0,0,0
"10795",2014,"PP17",3,"ABLA",0,0,0,0,0,0
"10796",2014,"PP17",3,"ABPR",0,0,0,0,0,0
"10797",2014,"PP17",3,"ACGL",0,0,0,0,0,0
"10798",2014,"PP17",3,"ALRU",2,1,0,0,0,0
"10799",2014,"PP17",3,"CANO",0,0,0,0,0,0
"10800",2014,"PP17",3,"PICO",2,0,0,0,0,0
"10801",2014,"PP17",3,"PIEN",6,0,0,0,0,0
"10802",2014,"PP17",3,"PIMO",1,0,0,0,0,0
"10803",2014,"PP17",3,"PISI",0,0,0,0,0,0
"10804",2014,"PP17",3,"PSME",15,7,0,0,0,0
"10805",2014,"PP17",3,"TABR",0,0,0,0,0,0
"10806",2014,"PP17",3,"THPL",0,0,0,0,0,0
"10807",2014,"PP17",3,"TSHE",1,2,0,0,0,0
"10808",2014,"PP17",3,"TSME",7,2,0,0,0,0
"10809",2014,"PP17",4,"ABAM",0,0,0,0,0,0
"10810",2014,"PP17",4,"ABGR",2,0,0,0,0,0
"10811",2014,"PP17",4,"ABLA",0,0,0,0,0,0
"10812",2014,"PP17",4,"ABPR",0,0,0,0,0,0
"10813",2014,"PP17",4,"ACGL",0,0,0,0,0,0
"10814",2014,"PP17",4,"ALRU",7,0,0,0,0,0
"10815",2014,"PP17",4,"CANO",0,0,0,0,0,0
"10816",2014,"PP17",4,"PICO",3,1,0,0,0,0
"10817",2014,"PP17",4,"PIEN",2,0,0,0,0,0
"10818",2014,"PP17",4,"PIMO",0,0,0,0,0,0
"10819",2014,"PP17",4,"PISI",0,0,0,0,0,0
"10820",2014,"PP17",4,"PSME",13,8,0,0,0,0
"10821",2014,"PP17",4,"TABR",0,0,0,0,0,0
"10822",2014,"PP17",4,"THPL",0,2,0,0,0,0
"10823",2014,"PP17",4,"TSHE",2,3,0,0,0,0
"10824",2014,"PP17",4,"TSME",2,3,0,0,0,0
"10825",2014,"PP17",5,"ABAM",0,0,0,0,0,0
"10826",2014,"PP17",5,"ABGR",0,0,0,0,0,0
"10827",2014,"PP17",5,"ABLA",0,0,0,0,0,0
"10828",2014,"PP17",5,"ABPR",0,0,0,0,0,0
"10829",2014,"PP17",5,"ACGL",0,0,0,0,0,0
"10830",2014,"PP17",5,"ALRU",0,0,0,0,0,0
"10831",2014,"PP17",5,"CANO",1,0,0,0,0,0
"10832",2014,"PP17",5,"PICO",0,1,0,0,0,0
"10833",2014,"PP17",5,"PIEN",1,0,0,0,0,0
"10834",2014,"PP17",5,"PIMO",0,0,0,0,0,0
"10835",2014,"PP17",5,"PISI",0,0,0,0,0,0
"10836",2014,"PP17",5,"PSME",45,30,1,4,0,4
"10837",2014,"PP17",5,"TABR",0,0,0,0,0,0
"10838",2014,"PP17",5,"THPL",1,0,0,0,0,0
"10839",2014,"PP17",5,"TSHE",14,11,0,0,0,0
"10840",2014,"PP17",5,"TSME",0,0,0,0,0,0
"10841",2014,"PP17",6,"ABAM",1,0,0,0,0,0
"10842",2014,"PP17",6,"ABGR",0,0,0,0,0,0
"10843",2014,"PP17",6,"ABLA",1,0,0,0,0,0
"10844",2014,"PP17",6,"ABPR",0,0,0,0,0,0
"10845",2014,"PP17",6,"ACGL",0,0,0,0,0,0
"10846",2014,"PP17",6,"ALRU",0,0,0,0,0,0
"10847",2014,"PP17",6,"CANO",1,0,0,0,0,0
"10848",2014,"PP17",6,"PICO",1,1,0,0,0,0
"10849",2014,"PP17",6,"PIEN",0,0,0,0,0,0
"10850",2014,"PP17",6,"PIMO",0,0,0,0,0,0
"10851",2014,"PP17",6,"PISI",0,0,0,0,0,0
"10852",2014,"PP17",6,"PSME",37,29,0,0,0,0
"10853",2014,"PP17",6,"TABR",0,0,0,0,0,0
"10854",2014,"PP17",6,"THPL",1,0,0,0,0,0
"10855",2014,"PP17",6,"TSHE",25,12,0,0,0,0
"10856",2014,"PP17",6,"TSME",0,0,0,0,0,0
"10857",2014,"SPRY",1,"ABAM",8,0,0,0,0,0
"10858",2014,"SPRY",1,"ABGR",0,0,0,0,0,0
"10859",2014,"SPRY",1,"ABLA",1,1,0,0,0,0
"10860",2014,"SPRY",1,"ABPR",0,0,0,0,0,0
"10861",2014,"SPRY",1,"ACGL",0,0,0,0,0,0
"10862",2014,"SPRY",1,"ALRU",1,0,0,0,0,0
"10863",2014,"SPRY",1,"CANO",0,0,0,0,0,0
"10864",2014,"SPRY",1,"PICO",0,0,0,0,0,0
"10865",2014,"SPRY",1,"PIEN",0,0,0,0,0,0
"10866",2014,"SPRY",1,"PIMO",0,0,0,0,0,0
"10867",2014,"SPRY",1,"PISI",0,0,0,0,0,0
"10868",2014,"SPRY",1,"PSME",0,0,0,0,0,0
"10869",2014,"SPRY",1,"TABR",0,0,0,0,0,0
"10870",2014,"SPRY",1,"THPL",0,0,0,0,0,0
"10871",2014,"SPRY",1,"TSHE",0,0,0,0,0,0
"10872",2014,"SPRY",1,"TSME",13,20,1,5,26,31
"10873",2014,"SPRY",2,"ABAM",7,1,0,0,0,0
"10874",2014,"SPRY",2,"ABGR",0,0,0,0,0,0
"10875",2014,"SPRY",2,"ABLA",0,2,0,0,0,0
"10876",2014,"SPRY",2,"ABPR",0,0,0,0,0,0
"10877",2014,"SPRY",2,"ACGL",0,0,0,0,0,0
"10878",2014,"SPRY",2,"ALRU",0,0,0,0,0,0
"10879",2014,"SPRY",2,"CANO",4,0,0,0,0,0
"10880",2014,"SPRY",2,"PICO",0,0,0,0,0,0
"10881",2014,"SPRY",2,"PIEN",0,0,0,0,0,0
"10882",2014,"SPRY",2,"PIMO",0,0,0,0,0,0
"10883",2014,"SPRY",2,"PISI",0,0,0,0,0,0
"10884",2014,"SPRY",2,"PSME",0,0,0,0,0,0
"10885",2014,"SPRY",2,"TABR",0,0,0,0,0,0
"10886",2014,"SPRY",2,"THPL",0,0,0,0,0,0
"10887",2014,"SPRY",2,"TSHE",0,0,0,0,0,0
"10888",2014,"SPRY",2,"TSME",12,21,0,0,0,0
"10889",2014,"SPRY",3,"ABAM",10,1,0,0,0,0
"10890",2014,"SPRY",3,"ABGR",0,0,0,0,0,0
"10891",2014,"SPRY",3,"ABLA",2,0,0,0,0,0
"10892",2014,"SPRY",3,"ABPR",0,0,0,0,0,0
"10893",2014,"SPRY",3,"ACGL",0,0,0,0,0,0
"10894",2014,"SPRY",3,"ALRU",0,0,0,0,0,0
"10895",2014,"SPRY",3,"CANO",9,0,1,4,0,4
"10896",2014,"SPRY",3,"PICO",0,0,0,0,0,0
"10897",2014,"SPRY",3,"PIEN",0,0,0,0,0,0
"10898",2014,"SPRY",3,"PIMO",0,0,0,0,0,0
"10899",2014,"SPRY",3,"PISI",0,0,0,0,0,0
"10900",2014,"SPRY",3,"PSME",0,0,0,0,0,0
"10901",2014,"SPRY",3,"TABR",0,0,0,0,0,0
"10902",2014,"SPRY",3,"THPL",0,0,0,0,0,0
"10903",2014,"SPRY",3,"TSHE",0,0,0,0,0,0
"10904",2014,"SPRY",3,"TSME",26,17,0,0,0,0
"10905",2014,"SPRY",4,"ABAM",9,0,0,0,0,0
"10906",2014,"SPRY",4,"ABGR",0,0,0,0,0,0
"10907",2014,"SPRY",4,"ABLA",0,0,0,0,0,0
"10908",2014,"SPRY",4,"ABPR",0,0,0,0,0,0
"10909",2014,"SPRY",4,"ACGL",0,0,0,0,0,0
"10910",2014,"SPRY",4,"ALRU",0,0,0,0,0,0
"10911",2014,"SPRY",4,"CANO",1,1,0,0,0,0
"10912",2014,"SPRY",4,"PICO",0,0,0,0,0,0
"10913",2014,"SPRY",4,"PIEN",0,0,0,0,0,0
"10914",2014,"SPRY",4,"PIMO",0,0,0,0,0,0
"10915",2014,"SPRY",4,"PISI",0,0,0,0,0,0
"10916",2014,"SPRY",4,"PSME",0,0,0,0,0,0
"10917",2014,"SPRY",4,"TABR",0,0,0,0,0,0
"10918",2014,"SPRY",4,"THPL",0,0,0,0,0,0
"10919",2014,"SPRY",4,"TSHE",0,0,0,0,0,0
"10920",2014,"SPRY",4,"TSME",19,14,1,27,27,54
"10921",2014,"SPRY",5,"ABAM",10,2,0,0,0,0
"10922",2014,"SPRY",5,"ABGR",0,0,0,0,0,0
"10923",2014,"SPRY",5,"ABLA",4,1,0,0,0,0
"10924",2014,"SPRY",5,"ABPR",0,0,0,0,0,0
"10925",2014,"SPRY",5,"ACGL",0,0,0,0,0,0
"10926",2014,"SPRY",5,"ALRU",0,0,0,0,0,0
"10927",2014,"SPRY",5,"CANO",9,0,1,2,2,4
"10928",2014,"SPRY",5,"PICO",0,0,0,0,0,0
"10929",2014,"SPRY",5,"PIEN",0,0,0,0,0,0
"10930",2014,"SPRY",5,"PIMO",0,0,0,0,0,0
"10931",2014,"SPRY",5,"PISI",0,0,0,0,0,0
"10932",2014,"SPRY",5,"PSME",0,0,0,0,0,0
"10933",2014,"SPRY",5,"TABR",0,0,0,0,0,0
"10934",2014,"SPRY",5,"THPL",0,0,0,0,0,0
"10935",2014,"SPRY",5,"TSHE",0,0,0,0,0,0
"10936",2014,"SPRY",5,"TSME",33,28,0,0,0,0
"10937",2014,"SPRY",6,"ABAM",13,0,0,0,0,0
"10938",2014,"SPRY",6,"ABGR",0,0,0,0,0,0
"10939",2014,"SPRY",6,"ABLA",4,0,0,0,0,0
"10940",2014,"SPRY",6,"ABPR",0,0,0,0,0,0
"10941",2014,"SPRY",6,"ACGL",0,0,0,0,0,0
"10942",2014,"SPRY",6,"ALRU",0,0,0,0,0,0
"10943",2014,"SPRY",6,"CANO",8,0,1,0,0,0
"10944",2014,"SPRY",6,"PICO",0,0,0,0,0,0
"10945",2014,"SPRY",6,"PIEN",0,0,0,0,0,0
"10946",2014,"SPRY",6,"PIMO",0,0,0,0,0,0
"10947",2014,"SPRY",6,"PISI",0,0,0,0,0,0
"10948",2014,"SPRY",6,"PSME",0,0,0,0,0,0
"10949",2014,"SPRY",6,"TABR",0,0,0,0,0,0
"10950",2014,"SPRY",6,"THPL",0,0,0,0,0,0
"10951",2014,"SPRY",6,"TSHE",0,0,0,0,0,0
"10952",2014,"SPRY",6,"TSME",21,14,1,0,0,0
"10953",2014,"SUNR",1,"ABAM",64,33,0,0,0,0
"10954",2014,"SUNR",1,"ABGR",0,0,0,0,0,0
"10955",2014,"SUNR",1,"ABLA",49,15,0,0,0,0
"10956",2014,"SUNR",1,"ABPR",0,0,0,0,0,0
"10957",2014,"SUNR",1,"ACGL",0,0,0,0,0,0
"10958",2014,"SUNR",1,"ALRU",0,0,0,0,0,0
"10959",2014,"SUNR",1,"CANO",39,5,0,0,0,0
"10960",2014,"SUNR",1,"PICO",0,0,0,0,0,0
"10961",2014,"SUNR",1,"PIEN",0,0,0,0,0,0
"10962",2014,"SUNR",1,"PIMO",0,0,0,0,0,0
"10963",2014,"SUNR",1,"PISI",0,0,0,0,0,0
"10964",2014,"SUNR",1,"PSME",0,0,0,0,0,0
"10965",2014,"SUNR",1,"TABR",0,0,0,0,0,0
"10966",2014,"SUNR",1,"THPL",0,0,0,0,0,0
"10967",2014,"SUNR",1,"TSHE",0,0,0,0,0,0
"10968",2014,"SUNR",1,"TSME",34,17,0,0,0,0
"10969",2014,"SUNR",2,"ABAM",71,17,0,0,0,0
"10970",2014,"SUNR",2,"ABGR",0,0,0,0,0,0
"10971",2014,"SUNR",2,"ABLA",55,23,0,0,0,0
"10972",2014,"SUNR",2,"ABPR",0,0,0,0,0,0
"10973",2014,"SUNR",2,"ACGL",0,0,0,0,0,0
"10974",2014,"SUNR",2,"ALRU",0,0,0,0,0,0
"10975",2014,"SUNR",2,"CANO",28,5,3,0,1,1
"10976",2014,"SUNR",2,"PICO",0,0,0,0,0,0
"10977",2014,"SUNR",2,"PIEN",0,0,0,0,0,0
"10978",2014,"SUNR",2,"PIMO",0,0,0,0,0,0
"10979",2014,"SUNR",2,"PISI",0,0,0,0,0,0
"10980",2014,"SUNR",2,"PSME",0,0,0,0,0,0
"10981",2014,"SUNR",2,"TABR",0,0,0,0,0,0
"10982",2014,"SUNR",2,"THPL",0,0,0,0,0,0
"10983",2014,"SUNR",2,"TSHE",0,0,0,0,0,0
"10984",2014,"SUNR",2,"TSME",26,24,0,0,0,0
"10985",2014,"SUNR",3,"ABAM",73,41,0,0,0,0
"10986",2014,"SUNR",3,"ABGR",0,0,0,0,0,0
"10987",2014,"SUNR",3,"ABLA",40,15,0,0,0,0
"10988",2014,"SUNR",3,"ABPR",0,0,0,0,0,0
"10989",2014,"SUNR",3,"ACGL",0,0,0,0,0,0
"10990",2014,"SUNR",3,"ALRU",0,0,0,0,0,0
"10991",2014,"SUNR",3,"CANO",36,3,5,10,3,13
"10992",2014,"SUNR",3,"PICO",0,0,0,0,0,0
"10993",2014,"SUNR",3,"PIEN",0,0,0,0,0,0
"10994",2014,"SUNR",3,"PIMO",0,0,0,0,0,0
"10995",2014,"SUNR",3,"PISI",0,0,0,0,0,0
"10996",2014,"SUNR",3,"PSME",0,0,0,0,0,0
"10997",2014,"SUNR",3,"TABR",0,0,0,0,0,0
"10998",2014,"SUNR",3,"THPL",0,0,0,0,0,0
"10999",2014,"SUNR",3,"TSHE",0,0,0,0,0,0
"11000",2014,"SUNR",3,"TSME",49,31,0,0,0,0
"11001",2014,"SUNR",4,"ABAM",102,50,0,0,0,0
"11002",2014,"SUNR",4,"ABGR",0,0,0,0,0,0
"11003",2014,"SUNR",4,"ABLA",56,37,0,0,0,0
"11004",2014,"SUNR",4,"ABPR",0,0,0,0,0,0
"11005",2014,"SUNR",4,"ACGL",0,0,0,0,0,0
"11006",2014,"SUNR",4,"ALRU",0,0,0,0,0,0
"11007",2014,"SUNR",4,"CANO",27,7,2,10,4,14
"11008",2014,"SUNR",4,"PICO",0,0,0,0,0,0
"11009",2014,"SUNR",4,"PIEN",0,0,0,0,0,0
"11010",2014,"SUNR",4,"PIMO",0,0,0,0,0,0
"11011",2014,"SUNR",4,"PISI",0,0,0,0,0,0
"11012",2014,"SUNR",4,"PSME",0,0,0,0,0,0
"11013",2014,"SUNR",4,"TABR",0,0,0,0,0,0
"11014",2014,"SUNR",4,"THPL",0,0,0,0,0,0
"11015",2014,"SUNR",4,"TSHE",0,0,0,0,0,0
"11016",2014,"SUNR",4,"TSME",36,18,0,0,0,0
"11017",2014,"SUNR",5,"ABAM",123,54,0,0,0,0
"11018",2014,"SUNR",5,"ABGR",0,0,0,0,0,0
"11019",2014,"SUNR",5,"ABLA",63,51,0,0,0,0
"11020",2014,"SUNR",5,"ABPR",0,0,0,0,0,0
"11021",2014,"SUNR",5,"ACGL",0,0,0,0,0,0
"11022",2014,"SUNR",5,"ALRU",0,0,0,0,0,0
"11023",2014,"SUNR",5,"CANO",21,4,2,0,0,0
"11024",2014,"SUNR",5,"PICO",0,0,0,0,0,0
"11025",2014,"SUNR",5,"PIEN",0,0,0,0,0,0
"11026",2014,"SUNR",5,"PIMO",0,0,0,0,0,0
"11027",2014,"SUNR",5,"PISI",0,0,0,0,0,0
"11028",2014,"SUNR",5,"PSME",0,0,0,0,0,0
"11029",2014,"SUNR",5,"TABR",0,0,0,0,0,0
"11030",2014,"SUNR",5,"THPL",2,0,0,0,0,0
"11031",2014,"SUNR",5,"TSHE",0,0,0,0,0,0
"11032",2014,"SUNR",5,"TSME",36,30,0,0,0,0
"11033",2014,"SUNR",6,"ABAM",98,42,0,0,0,0
"11034",2014,"SUNR",6,"ABGR",0,0,0,0,0,0
"11035",2014,"SUNR",6,"ABLA",53,35,0,0,0,0
"11036",2014,"SUNR",6,"ABPR",0,0,0,0,0,0
"11037",2014,"SUNR",6,"ACGL",0,0,0,0,0,0
"11038",2014,"SUNR",6,"ALRU",0,0,0,0,0,0
"11039",2014,"SUNR",6,"CANO",13,1,0,0,0,0
"11040",2014,"SUNR",6,"PICO",0,0,0,0,0,0
"11041",2014,"SUNR",6,"PIEN",0,0,0,0,0,0
"11042",2014,"SUNR",6,"PIMO",0,0,0,0,0,0
"11043",2014,"SUNR",6,"PISI",0,0,0,0,0,0
"11044",2014,"SUNR",6,"PSME",0,0,0,0,0,0
"11045",2014,"SUNR",6,"TABR",0,0,0,0,0,0
"11046",2014,"SUNR",6,"THPL",0,0,0,0,0,0
"11047",2014,"SUNR",6,"TSHE",0,0,0,0,0,0
"11048",2014,"SUNR",6,"TSME",24,38,0,0,0,0
"11049",2014,"TA01",1,"ABAM",0,0,0,0,0,0
"11050",2014,"TA01",1,"ABGR",0,0,0,0,0,0
"11051",2014,"TA01",1,"ABLA",0,0,0,0,0,0
"11052",2014,"TA01",1,"ABPR",0,0,0,0,0,0
"11053",2014,"TA01",1,"ACGL",0,0,0,0,0,0
"11054",2014,"TA01",1,"ALRU",0,0,0,0,0,0
"11055",2014,"TA01",1,"CANO",0,0,0,0,0,0
"11056",2014,"TA01",1,"PICO",0,0,0,0,0,0
"11057",2014,"TA01",1,"PIEN",0,0,0,0,0,0
"11058",2014,"TA01",1,"PIMO",0,0,0,0,0,0
"11059",2014,"TA01",1,"PISI",0,0,0,0,0,0
"11060",2014,"TA01",1,"PSME",44,27,0,0,0,0
"11061",2014,"TA01",1,"TABR",1,0,0,0,0,0
"11062",2014,"TA01",1,"THPL",0,0,0,0,0,0
"11063",2014,"TA01",1,"TSHE",23,10,0,0,0,0
"11064",2014,"TA01",1,"TSME",0,0,0,0,0,0
"11065",2014,"TA01",2,"ABAM",0,0,0,0,0,0
"11066",2014,"TA01",2,"ABGR",0,0,0,0,0,0
"11067",2014,"TA01",2,"ABLA",0,0,0,0,0,0
"11068",2014,"TA01",2,"ABPR",0,0,0,0,0,0
"11069",2014,"TA01",2,"ACGL",0,0,0,0,0,0
"11070",2014,"TA01",2,"ALRU",0,0,0,0,0,0
"11071",2014,"TA01",2,"CANO",0,0,0,0,0,0
"11072",2014,"TA01",2,"PICO",0,0,0,0,0,0
"11073",2014,"TA01",2,"PIEN",0,0,0,0,0,0
"11074",2014,"TA01",2,"PIMO",0,0,0,0,0,0
"11075",2014,"TA01",2,"PISI",0,0,0,0,0,0
"11076",2014,"TA01",2,"PSME",35,23,0,0,0,0
"11077",2014,"TA01",2,"TABR",0,0,0,0,0,0
"11078",2014,"TA01",2,"THPL",0,0,0,0,0,0
"11079",2014,"TA01",2,"TSHE",19,13,0,0,0,0
"11080",2014,"TA01",2,"TSME",0,0,0,0,0,0
"11081",2014,"TA01",3,"ABAM",0,0,0,0,0,0
"11082",2014,"TA01",3,"ABGR",0,0,0,0,0,0
"11083",2014,"TA01",3,"ABLA",0,0,0,0,0,0
"11084",2014,"TA01",3,"ABPR",0,0,0,0,0,0
"11085",2014,"TA01",3,"ACGL",0,0,0,0,0,0
"11086",2014,"TA01",3,"ALRU",0,0,0,0,0,0
"11087",2014,"TA01",3,"CANO",0,0,0,0,0,0
"11088",2014,"TA01",3,"PICO",0,0,0,0,0,0
"11089",2014,"TA01",3,"PIEN",0,0,0,0,0,0
"11090",2014,"TA01",3,"PIMO",0,0,0,0,0,0
"11091",2014,"TA01",3,"PISI",0,0,0,0,0,0
"11092",2014,"TA01",3,"PSME",48,34,0,0,0,0
"11093",2014,"TA01",3,"TABR",0,0,0,0,0,0
"11094",2014,"TA01",3,"THPL",0,1,0,0,0,0
"11095",2014,"TA01",3,"TSHE",27,27,0,0,0,0
"11096",2014,"TA01",3,"TSME",0,0,0,0,0,0
"11097",2014,"TA01",4,"ABAM",0,0,0,0,0,0
"11098",2014,"TA01",4,"ABGR",0,0,0,0,0,0
"11099",2014,"TA01",4,"ABLA",0,0,0,0,0,0
"11100",2014,"TA01",4,"ABPR",0,0,0,0,0,0
"11101",2014,"TA01",4,"ACGL",0,0,0,0,0,0
"11102",2014,"TA01",4,"ALRU",0,0,0,0,0,0
"11103",2014,"TA01",4,"CANO",0,0,0,0,0,0
"11104",2014,"TA01",4,"PICO",0,0,0,0,0,0
"11105",2014,"TA01",4,"PIEN",0,0,0,0,0,0
"11106",2014,"TA01",4,"PIMO",0,0,0,0,0,0
"11107",2014,"TA01",4,"PISI",0,0,0,0,0,0
"11108",2014,"TA01",4,"PSME",41,30,1,0,0,0
"11109",2014,"TA01",4,"TABR",0,0,0,0,0,0
"11110",2014,"TA01",4,"THPL",0,0,0,0,0,0
"11111",2014,"TA01",4,"TSHE",24,11,0,0,0,0
"11112",2014,"TA01",4,"TSME",0,0,0,0,0,0
"11113",2014,"TA01",5,"ABAM",0,0,0,0,0,0
"11114",2014,"TA01",5,"ABGR",0,0,0,0,0,0
"11115",2014,"TA01",5,"ABLA",0,0,0,0,0,0
"11116",2014,"TA01",5,"ABPR",0,0,0,0,0,0
"11117",2014,"TA01",5,"ACGL",0,0,0,0,0,0
"11118",2014,"TA01",5,"ALRU",0,0,0,0,0,0
"11119",2014,"TA01",5,"CANO",0,0,0,0,0,0
"11120",2014,"TA01",5,"PICO",0,0,0,0,0,0
"11121",2014,"TA01",5,"PIEN",0,0,0,0,0,0
"11122",2014,"TA01",5,"PIMO",0,0,0,0,0,0
"11123",2014,"TA01",5,"PISI",0,0,0,0,0,0
"11124",2014,"TA01",5,"PSME",29,21,0,0,0,0
"11125",2014,"TA01",5,"TABR",0,0,0,0,0,0
"11126",2014,"TA01",5,"THPL",0,0,0,0,0,0
"11127",2014,"TA01",5,"TSHE",18,5,0,0,0,0
"11128",2014,"TA01",5,"TSME",0,0,0,0,0,0
"11129",2014,"TA01",6,"ABAM",0,0,0,0,0,0
"11130",2014,"TA01",6,"ABGR",0,0,0,0,0,0
"11131",2014,"TA01",6,"ABLA",0,0,0,0,0,0
"11132",2014,"TA01",6,"ABPR",0,0,0,0,0,0
"11133",2014,"TA01",6,"ACGL",0,0,0,0,0,0
"11134",2014,"TA01",6,"ALRU",0,0,0,0,0,0
"11135",2014,"TA01",6,"CANO",0,0,0,0,0,0
"11136",2014,"TA01",6,"PICO",0,0,0,0,0,0
"11137",2014,"TA01",6,"PIEN",0,0,0,0,0,0
"11138",2014,"TA01",6,"PIMO",0,0,0,0,0,0
"11139",2014,"TA01",6,"PISI",0,0,0,0,0,0
"11140",2014,"TA01",6,"PSME",45,43,0,0,0,0
"11141",2014,"TA01",6,"TABR",0,0,0,0,0,0
"11142",2014,"TA01",6,"THPL",2,0,0,0,0,0
"11143",2014,"TA01",6,"TSHE",14,39,0,0,0,0
"11144",2014,"TA01",6,"TSME",0,0,0,0,0,0
"11145",2014,"TB13",1,"ABAM",0,0,0,0,0,0
"11146",2014,"TB13",1,"ABGR",0,0,0,0,0,0
"11147",2014,"TB13",1,"ABLA",0,0,0,0,0,0
"11148",2014,"TB13",1,"ABPR",0,0,0,0,0,0
"11149",2014,"TB13",1,"ACGL",0,0,0,0,0,0
"11150",2014,"TB13",1,"ALRU",0,0,0,0,0,0
"11151",2014,"TB13",1,"CANO",0,0,0,0,0,0
"11152",2014,"TB13",1,"PICO",0,0,0,0,0,0
"11153",2014,"TB13",1,"PIEN",0,0,0,0,0,0
"11154",2014,"TB13",1,"PIMO",0,0,0,0,0,0
"11155",2014,"TB13",1,"PISI",0,0,0,0,0,0
"11156",2014,"TB13",1,"PSME",17,6,0,0,0,0
"11157",2014,"TB13",1,"TABR",0,0,0,0,0,0
"11158",2014,"TB13",1,"THPL",0,0,0,0,0,0
"11159",2014,"TB13",1,"TSHE",70,97,5,0,0,0
"11160",2014,"TB13",1,"TSME",0,0,0,0,0,0
"11161",2014,"TB13",2,"ABAM",0,0,0,0,0,0
"11162",2014,"TB13",2,"ABGR",0,0,0,0,0,0
"11163",2014,"TB13",2,"ABLA",0,0,0,0,0,0
"11164",2014,"TB13",2,"ABPR",0,0,0,0,0,0
"11165",2014,"TB13",2,"ACGL",0,0,0,0,0,0
"11166",2014,"TB13",2,"ALRU",0,0,0,0,0,0
"11167",2014,"TB13",2,"CANO",0,0,0,0,0,0
"11168",2014,"TB13",2,"PICO",0,0,0,0,0,0
"11169",2014,"TB13",2,"PIEN",0,0,0,0,0,0
"11170",2014,"TB13",2,"PIMO",0,0,0,0,0,0
"11171",2014,"TB13",2,"PISI",0,0,0,0,0,0
"11172",2014,"TB13",2,"PSME",18,10,0,0,0,0
"11173",2014,"TB13",2,"TABR",0,0,0,0,0,0
"11174",2014,"TB13",2,"THPL",0,2,0,0,0,0
"11175",2014,"TB13",2,"TSHE",84,120,3,0,7,7
"11176",2014,"TB13",2,"TSME",0,0,0,0,0,0
"11177",2014,"TB13",3,"ABAM",0,0,0,0,0,0
"11178",2014,"TB13",3,"ABGR",0,0,0,0,0,0
"11179",2014,"TB13",3,"ABLA",0,0,0,0,0,0
"11180",2014,"TB13",3,"ABPR",0,0,0,0,0,0
"11181",2014,"TB13",3,"ACGL",0,0,0,0,0,0
"11182",2014,"TB13",3,"ALRU",0,0,0,0,0,0
"11183",2014,"TB13",3,"CANO",0,0,0,0,0,0
"11184",2014,"TB13",3,"PICO",0,0,0,0,0,0
"11185",2014,"TB13",3,"PIEN",0,0,0,0,0,0
"11186",2014,"TB13",3,"PIMO",0,0,0,0,0,0
"11187",2014,"TB13",3,"PISI",0,0,0,0,0,0
"11188",2014,"TB13",3,"PSME",24,7,0,0,0,0
"11189",2014,"TB13",3,"TABR",0,0,0,0,0,0
"11190",2014,"TB13",3,"THPL",0,1,3,0,1,1
"11191",2014,"TB13",3,"TSHE",62,153,6,19,27,46
"11192",2014,"TB13",3,"TSME",0,0,0,0,0,0
"11193",2014,"TB13",4,"ABAM",0,0,0,0,0,0
"11194",2014,"TB13",4,"ABGR",0,0,0,0,0,0
"11195",2014,"TB13",4,"ABLA",0,0,0,0,0,0
"11196",2014,"TB13",4,"ABPR",0,0,0,0,0,0
"11197",2014,"TB13",4,"ACGL",0,0,0,0,0,0
"11198",2014,"TB13",4,"ALRU",0,0,0,0,0,0
"11199",2014,"TB13",4,"CANO",0,0,0,0,0,0
"11200",2014,"TB13",4,"PICO",0,0,0,0,0,0
"11201",2014,"TB13",4,"PIEN",0,0,0,0,0,0
"11202",2014,"TB13",4,"PIMO",0,0,0,0,0,0
"11203",2014,"TB13",4,"PISI",0,0,0,0,0,0
"11204",2014,"TB13",4,"PSME",28,0,0,0,0,0
"11205",2014,"TB13",4,"TABR",0,0,0,0,0,0
"11206",2014,"TB13",4,"THPL",0,0,1,0,0,0
"11207",2014,"TB13",4,"TSHE",113,60,1,0,0,0
"11208",2014,"TB13",4,"TSME",0,0,0,0,0,0
"11209",2014,"TB13",5,"ABAM",0,0,0,0,0,0
"11210",2014,"TB13",5,"ABGR",0,0,0,0,0,0
"11211",2014,"TB13",5,"ABLA",0,0,0,0,0,0
"11212",2014,"TB13",5,"ABPR",0,0,0,0,0,0
"11213",2014,"TB13",5,"ACGL",0,0,0,0,0,0
"11214",2014,"TB13",5,"ALRU",0,0,0,0,0,0
"11215",2014,"TB13",5,"CANO",0,0,0,0,0,0
"11216",2014,"TB13",5,"PICO",0,0,0,0,0,0
"11217",2014,"TB13",5,"PIEN",0,0,0,0,0,0
"11218",2014,"TB13",5,"PIMO",0,0,0,0,0,0
"11219",2014,"TB13",5,"PISI",0,0,0,0,0,0
"11220",2014,"TB13",5,"PSME",21,16,0,0,0,0
"11221",2014,"TB13",5,"TABR",0,0,0,0,0,0
"11222",2014,"TB13",5,"THPL",0,0,3,0,0,0
"11223",2014,"TB13",5,"TSHE",145,163,4,0,33,33
"11224",2014,"TB13",5,"TSME",0,0,0,0,0,0
"11225",2014,"TB13",6,"ABAM",0,0,0,0,0,0
"11226",2014,"TB13",6,"ABGR",0,0,0,0,0,0
"11227",2014,"TB13",6,"ABLA",0,0,0,0,0,0
"11228",2014,"TB13",6,"ABPR",0,0,0,0,0,0
"11229",2014,"TB13",6,"ACGL",0,0,0,0,0,0
"11230",2014,"TB13",6,"ALRU",0,0,0,0,0,0
"11231",2014,"TB13",6,"CANO",0,0,0,0,0,0
"11232",2014,"TB13",6,"PICO",0,0,0,0,0,0
"11233",2014,"TB13",6,"PIEN",0,0,0,0,0,0
"11234",2014,"TB13",6,"PIMO",0,0,0,0,0,0
"11235",2014,"TB13",6,"PISI",0,0,0,0,0,0
"11236",2014,"TB13",6,"PSME",19,10,0,0,0,0
"11237",2014,"TB13",6,"TABR",0,0,0,0,0,0
"11238",2014,"TB13",6,"THPL",0,1,7,0,0,0
"11239",2014,"TB13",6,"TSHE",58,181,10,6,12,18
"11240",2014,"TB13",6,"TSME",0,0,0,0,0,0
"11241",2014,"TO04",1,"ABAM",0,0,0,0,0,0
"11242",2014,"TO04",1,"ABGR",2,0,0,0,0,0
"11243",2014,"TO04",1,"ABLA",0,0,0,0,0,0
"11244",2014,"TO04",1,"ABPR",0,0,0,0,0,0
"11245",2014,"TO04",1,"ACGL",0,0,0,0,0,0
"11246",2014,"TO04",1,"ALRU",0,0,0,0,0,0
"11247",2014,"TO04",1,"CANO",0,0,0,0,0,0
"11248",2014,"TO04",1,"PICO",0,0,0,0,0,0
"11249",2014,"TO04",1,"PIEN",0,0,0,0,0,0
"11250",2014,"TO04",1,"PIMO",0,0,0,0,0,0
"11251",2014,"TO04",1,"PISI",0,0,0,0,0,0
"11252",2014,"TO04",1,"PSME",31,56,0,0,0,0
"11253",2014,"TO04",1,"TABR",0,0,0,0,0,0
"11254",2014,"TO04",1,"THPL",13,20,0,0,0,0
"11255",2014,"TO04",1,"TSHE",107,479,16,5,19,24
"11256",2014,"TO04",1,"TSME",0,0,0,0,0,0
"11257",2014,"TO04",2,"ABAM",0,0,0,0,0,0
"11258",2014,"TO04",2,"ABGR",1,0,0,0,0,0
"11259",2014,"TO04",2,"ABLA",0,0,0,0,0,0
"11260",2014,"TO04",2,"ABPR",0,0,0,0,0,0
"11261",2014,"TO04",2,"ACGL",0,0,0,0,0,0
"11262",2014,"TO04",2,"ALRU",0,0,0,0,0,0
"11263",2014,"TO04",2,"CANO",0,0,0,0,0,0
"11264",2014,"TO04",2,"PICO",0,0,0,0,0,0
"11265",2014,"TO04",2,"PIEN",0,0,0,0,0,0
"11266",2014,"TO04",2,"PIMO",0,0,0,0,0,0
"11267",2014,"TO04",2,"PISI",0,0,0,0,0,0
"11268",2014,"TO04",2,"PSME",27,14,0,0,0,0
"11269",2014,"TO04",2,"TABR",0,0,0,0,0,0
"11270",2014,"TO04",2,"THPL",11,43,0,0,0,0
"11271",2014,"TO04",2,"TSHE",82,401,24,5,40,45
"11272",2014,"TO04",2,"TSME",0,0,0,0,0,0
"11273",2014,"TO04",3,"ABAM",0,0,0,0,0,0
"11274",2014,"TO04",3,"ABGR",0,1,0,0,0,0
"11275",2014,"TO04",3,"ABLA",0,0,0,0,0,0
"11276",2014,"TO04",3,"ABPR",0,0,0,0,0,0
"11277",2014,"TO04",3,"ACGL",0,0,0,0,0,0
"11278",2014,"TO04",3,"ALRU",0,0,0,0,0,0
"11279",2014,"TO04",3,"CANO",0,0,0,0,0,0
"11280",2014,"TO04",3,"PICO",0,0,0,0,0,0
"11281",2014,"TO04",3,"PIEN",0,0,0,0,0,0
"11282",2014,"TO04",3,"PIMO",0,0,0,0,0,0
"11283",2014,"TO04",3,"PISI",0,0,0,0,0,0
"11284",2014,"TO04",3,"PSME",20,36,0,0,0,0
"11285",2014,"TO04",3,"TABR",0,0,0,0,0,0
"11286",2014,"TO04",3,"THPL",13,50,0,0,0,0
"11287",2014,"TO04",3,"TSHE",44,307,5,2,43,45
"11288",2014,"TO04",3,"TSME",0,0,0,0,0,0
"11289",2014,"TO04",4,"ABAM",0,1,0,0,0,0
"11290",2014,"TO04",4,"ABGR",4,0,0,0,0,0
"11291",2014,"TO04",4,"ABLA",0,0,0,0,0,0
"11292",2014,"TO04",4,"ABPR",0,0,0,0,0,0
"11293",2014,"TO04",4,"ACGL",0,0,0,0,0,0
"11294",2014,"TO04",4,"ALRU",0,0,0,0,0,0
"11295",2014,"TO04",4,"CANO",0,0,0,0,0,0
"11296",2014,"TO04",4,"PICO",0,0,0,0,0,0
"11297",2014,"TO04",4,"PIEN",0,0,0,0,0,0
"11298",2014,"TO04",4,"PIMO",0,0,0,0,0,0
"11299",2014,"TO04",4,"PISI",0,0,0,0,0,0
"11300",2014,"TO04",4,"PSME",25,12,0,0,0,0
"11301",2014,"TO04",4,"TABR",0,0,0,0,0,0
"11302",2014,"TO04",4,"THPL",24,47,0,0,0,0
"11303",2014,"TO04",4,"TSHE",100,218,1,0,5,5
"11304",2014,"TO04",4,"TSME",0,0,0,0,0,0
"11305",2014,"TO04",5,"ABAM",1,3,0,0,0,0
"11306",2014,"TO04",5,"ABGR",0,0,0,0,0,0
"11307",2014,"TO04",5,"ABLA",0,0,0,0,0,0
"11308",2014,"TO04",5,"ABPR",0,0,0,0,0,0
"11309",2014,"TO04",5,"ACGL",0,0,0,0,0,0
"11310",2014,"TO04",5,"ALRU",0,0,0,0,0,0
"11311",2014,"TO04",5,"CANO",0,0,0,0,0,0
"11312",2014,"TO04",5,"PICO",0,0,0,0,0,0
"11313",2014,"TO04",5,"PIEN",0,0,0,0,0,0
"11314",2014,"TO04",5,"PIMO",0,0,0,0,0,0
"11315",2014,"TO04",5,"PISI",0,0,0,0,0,0
"11316",2014,"TO04",5,"PSME",35,7,0,0,0,0
"11317",2014,"TO04",5,"TABR",0,0,0,0,0,0
"11318",2014,"TO04",5,"THPL",15,71,9,1,22,23
"11319",2014,"TO04",5,"TSHE",32,344,14,0,77,77
"11320",2014,"TO04",5,"TSME",0,0,0,0,0,0
"11321",2014,"TO04",6,"ABAM",0,0,0,0,0,0
"11322",2014,"TO04",6,"ABGR",6,0,0,0,0,0
"11323",2014,"TO04",6,"ABLA",0,0,0,0,0,0
"11324",2014,"TO04",6,"ABPR",0,0,0,0,0,0
"11325",2014,"TO04",6,"ACGL",0,0,0,0,0,0
"11326",2014,"TO04",6,"ALRU",0,0,0,0,0,0
"11327",2014,"TO04",6,"CANO",0,0,0,0,0,0
"11328",2014,"TO04",6,"PICO",0,0,0,0,0,0
"11329",2014,"TO04",6,"PIEN",0,0,0,0,0,0
"11330",2014,"TO04",6,"PIMO",0,0,0,0,0,0
"11331",2014,"TO04",6,"PISI",0,0,0,0,0,0
"11332",2014,"TO04",6,"PSME",34,19,0,0,0,0
"11333",2014,"TO04",6,"TABR",0,0,0,0,0,0
"11334",2014,"TO04",6,"THPL",25,68,7,1,11,12
"11335",2014,"TO04",6,"TSHE",23,189,0,0,0,0
"11336",2014,"TO04",6,"TSME",0,0,0,0,0,0
"11337",2014,"TO11",1,"ABAM",0,0,0,0,0,0
"11338",2014,"TO11",1,"ABGR",0,0,0,0,0,0
"11339",2014,"TO11",1,"ABLA",0,0,0,0,0,0
"11340",2014,"TO11",1,"ABPR",0,0,0,0,0,0
"11341",2014,"TO11",1,"ACGL",0,0,0,0,0,0
"11342",2014,"TO11",1,"ALRU",0,0,0,0,0,0
"11343",2014,"TO11",1,"CANO",0,0,0,0,0,0
"11344",2014,"TO11",1,"PICO",0,0,0,0,0,0
"11345",2014,"TO11",1,"PIEN",0,0,0,0,0,0
"11346",2014,"TO11",1,"PIMO",0,0,0,0,0,0
"11347",2014,"TO11",1,"PISI",0,0,0,0,0,0
"11348",2014,"TO11",1,"PSME",39,27,1,3,0,3
"11349",2014,"TO11",1,"TABR",0,0,0,0,0,0
"11350",2014,"TO11",1,"THPL",2,0,0,0,0,0
"11351",2014,"TO11",1,"TSHE",199,114,5,17,0,17
"11352",2014,"TO11",1,"TSME",0,0,0,0,0,0
"11353",2014,"TO11",2,"ABAM",0,0,0,0,0,0
"11354",2014,"TO11",2,"ABGR",0,0,0,0,0,0
"11355",2014,"TO11",2,"ABLA",0,0,0,0,0,0
"11356",2014,"TO11",2,"ABPR",0,0,0,0,0,0
"11357",2014,"TO11",2,"ACGL",0,0,0,0,0,0
"11358",2014,"TO11",2,"ALRU",0,0,0,0,0,0
"11359",2014,"TO11",2,"CANO",0,0,0,0,0,0
"11360",2014,"TO11",2,"PICO",0,0,0,0,0,0
"11361",2014,"TO11",2,"PIEN",0,0,0,0,0,0
"11362",2014,"TO11",2,"PIMO",0,0,0,0,0,0
"11363",2014,"TO11",2,"PISI",0,0,0,0,0,0
"11364",2014,"TO11",2,"PSME",47,15,1,1,13,14
"11365",2014,"TO11",2,"TABR",0,0,0,0,0,0
"11366",2014,"TO11",2,"THPL",0,0,0,0,0,0
"11367",2014,"TO11",2,"TSHE",49,159,4,0,0,0
"11368",2014,"TO11",2,"TSME",0,0,0,0,0,0
"11369",2014,"TO11",3,"ABAM",0,0,0,0,0,0
"11370",2014,"TO11",3,"ABGR",0,0,0,0,0,0
"11371",2014,"TO11",3,"ABLA",0,0,0,0,0,0
"11372",2014,"TO11",3,"ABPR",0,0,0,0,0,0
"11373",2014,"TO11",3,"ACGL",0,0,0,0,0,0
"11374",2014,"TO11",3,"ALRU",0,0,0,0,0,0
"11375",2014,"TO11",3,"CANO",0,0,0,0,0,0
"11376",2014,"TO11",3,"PICO",0,0,0,0,0,0
"11377",2014,"TO11",3,"PIEN",0,0,0,0,0,0
"11378",2014,"TO11",3,"PIMO",0,0,0,0,0,0
"11379",2014,"TO11",3,"PISI",0,0,0,0,0,0
"11380",2014,"TO11",3,"PSME",19,45,2,3,6,9
"11381",2014,"TO11",3,"TABR",0,0,0,0,0,0
"11382",2014,"TO11",3,"THPL",2,0,0,0,0,0
"11383",2014,"TO11",3,"TSHE",68,356,7,1,9,10
"11384",2014,"TO11",3,"TSME",0,0,0,0,0,0
"11385",2014,"TO11",4,"ABAM",0,0,0,0,0,0
"11386",2014,"TO11",4,"ABGR",0,0,0,0,0,0
"11387",2014,"TO11",4,"ABLA",0,0,0,0,0,0
"11388",2014,"TO11",4,"ABPR",0,0,0,0,0,0
"11389",2014,"TO11",4,"ACGL",0,0,0,0,0,0
"11390",2014,"TO11",4,"ALRU",0,0,0,0,0,0
"11391",2014,"TO11",4,"CANO",0,0,0,0,0,0
"11392",2014,"TO11",4,"PICO",0,0,0,0,0,0
"11393",2014,"TO11",4,"PIEN",0,0,0,0,0,0
"11394",2014,"TO11",4,"PIMO",0,0,0,0,0,0
"11395",2014,"TO11",4,"PISI",0,0,0,0,0,0
"11396",2014,"TO11",4,"PSME",40,15,0,0,0,0
"11397",2014,"TO11",4,"TABR",0,0,0,0,0,0
"11398",2014,"TO11",4,"THPL",2,2,0,0,0,0
"11399",2014,"TO11",4,"TSHE",26,14,8,11,2,13
"11400",2014,"TO11",4,"TSME",0,0,0,0,0,0
"11401",2014,"TO11",5,"ABAM",0,0,0,0,0,0
"11402",2014,"TO11",5,"ABGR",0,0,0,0,0,0
"11403",2014,"TO11",5,"ABLA",0,0,0,0,0,0
"11404",2014,"TO11",5,"ABPR",0,0,0,0,0,0
"11405",2014,"TO11",5,"ACGL",0,0,0,0,0,0
"11406",2014,"TO11",5,"ALRU",0,0,0,0,0,0
"11407",2014,"TO11",5,"CANO",0,0,0,0,0,0
"11408",2014,"TO11",5,"PICO",0,0,0,0,0,0
"11409",2014,"TO11",5,"PIEN",0,0,0,0,0,0
"11410",2014,"TO11",5,"PIMO",0,0,0,0,0,0
"11411",2014,"TO11",5,"PISI",0,0,0,0,0,0
"11412",2014,"TO11",5,"PSME",30,26,0,0,0,0
"11413",2014,"TO11",5,"TABR",0,0,0,0,0,0
"11414",2014,"TO11",5,"THPL",1,0,0,0,0,0
"11415",2014,"TO11",5,"TSHE",193,120,15,5,0,5
"11416",2014,"TO11",5,"TSME",0,0,0,0,0,0
"11417",2014,"TO11",6,"ABAM",0,0,0,0,0,0
"11418",2014,"TO11",6,"ABGR",0,0,0,0,0,0
"11419",2014,"TO11",6,"ABLA",0,0,0,0,0,0
"11420",2014,"TO11",6,"ABPR",0,0,0,0,0,0
"11421",2014,"TO11",6,"ACGL",0,0,0,0,0,0
"11422",2014,"TO11",6,"ALRU",1,0,0,0,0,0
"11423",2014,"TO11",6,"CANO",0,0,0,0,0,0
"11424",2014,"TO11",6,"PICO",0,0,0,0,0,0
"11425",2014,"TO11",6,"PIEN",0,0,0,0,0,0
"11426",2014,"TO11",6,"PIMO",0,0,0,0,0,0
"11427",2014,"TO11",6,"PISI",0,0,0,0,0,0
"11428",2014,"TO11",6,"PSME",41,18,3,22,5,27
"11429",2014,"TO11",6,"TABR",0,0,0,0,0,0
"11430",2014,"TO11",6,"THPL",3,0,0,0,0,0
"11431",2014,"TO11",6,"TSHE",167,109,6,9,0,9
"11432",2014,"TO11",6,"TSME",0,0,0,0,0,0
"11433",2015,"AB08",1,"ABAM",0,0,0,0,0,0
"11434",2015,"AB08",1,"ABGR",0,0,0,0,0,0
"11435",2015,"AB08",1,"ABLA",0,0,0,0,0,0
"11436",2015,"AB08",1,"ABPR",0,0,0,0,0,0
"11437",2015,"AB08",1,"ACGL",0,0,0,0,0,0
"11438",2015,"AB08",1,"ALRU",0,0,0,0,0,0
"11439",2015,"AB08",1,"CANO",1,0,0,0,0,0
"11440",2015,"AB08",1,"PICO",0,0,0,0,0,0
"11441",2015,"AB08",1,"PIEN",0,0,0,0,0,0
"11442",2015,"AB08",1,"PIMO",0,0,0,0,0,0
"11443",2015,"AB08",1,"PISI",0,0,0,0,0,0
"11444",2015,"AB08",1,"PSME",0,3,0,0,0,0
"11445",2015,"AB08",1,"TABR",0,0,0,0,0,0
"11446",2015,"AB08",1,"THPL",1,2,0,0,0,0
"11447",2015,"AB08",1,"TSHE",26,35,3,0,0,0
"11448",2015,"AB08",1,"TSME",0,0,0,0,0,0
"11449",2015,"AB08",2,"ABAM",0,0,0,0,0,0
"11450",2015,"AB08",2,"ABGR",0,0,0,0,0,0
"11451",2015,"AB08",2,"ABLA",0,0,0,0,0,0
"11452",2015,"AB08",2,"ABPR",0,0,0,0,0,0
"11453",2015,"AB08",2,"ACGL",0,0,0,0,0,0
"11454",2015,"AB08",2,"ALRU",0,0,0,0,0,0
"11455",2015,"AB08",2,"CANO",0,0,0,0,0,0
"11456",2015,"AB08",2,"PICO",0,0,0,0,0,0
"11457",2015,"AB08",2,"PIEN",0,0,0,0,0,0
"11458",2015,"AB08",2,"PIMO",0,0,0,0,0,0
"11459",2015,"AB08",2,"PISI",0,0,0,0,0,0
"11460",2015,"AB08",2,"PSME",0,0,0,0,0,0
"11461",2015,"AB08",2,"TABR",0,0,0,0,0,0
"11462",2015,"AB08",2,"THPL",1,1,0,0,0,0
"11463",2015,"AB08",2,"TSHE",10,30,3,0,0,0
"11464",2015,"AB08",2,"TSME",0,0,0,0,0,0
"11465",2015,"AB08",3,"ABAM",0,0,0,0,0,0
"11466",2015,"AB08",3,"ABGR",0,0,0,0,0,0
"11467",2015,"AB08",3,"ABLA",0,0,0,0,0,0
"11468",2015,"AB08",3,"ABPR",0,0,0,0,0,0
"11469",2015,"AB08",3,"ACGL",0,0,0,0,0,0
"11470",2015,"AB08",3,"ALRU",0,0,0,0,0,0
"11471",2015,"AB08",3,"CANO",0,0,0,0,0,0
"11472",2015,"AB08",3,"PICO",0,0,0,0,0,0
"11473",2015,"AB08",3,"PIEN",0,0,0,0,0,0
"11474",2015,"AB08",3,"PIMO",0,0,0,0,0,0
"11475",2015,"AB08",3,"PISI",0,0,0,0,0,0
"11476",2015,"AB08",3,"PSME",3,0,0,0,0,0
"11477",2015,"AB08",3,"TABR",0,0,0,0,0,0
"11478",2015,"AB08",3,"THPL",5,6,0,0,0,0
"11479",2015,"AB08",3,"TSHE",11,13,3,0,0,0
"11480",2015,"AB08",3,"TSME",0,0,0,0,0,0
"11481",2015,"AB08",4,"ABAM",0,0,0,0,0,0
"11482",2015,"AB08",4,"ABGR",0,0,0,0,0,0
"11483",2015,"AB08",4,"ABLA",0,0,0,0,0,0
"11484",2015,"AB08",4,"ABPR",0,0,0,0,0,0
"11485",2015,"AB08",4,"ACGL",0,0,0,0,0,0
"11486",2015,"AB08",4,"ALRU",0,0,0,0,0,0
"11487",2015,"AB08",4,"CANO",0,0,0,0,0,0
"11488",2015,"AB08",4,"PICO",0,0,0,0,0,0
"11489",2015,"AB08",4,"PIEN",0,0,0,0,0,0
"11490",2015,"AB08",4,"PIMO",0,0,0,0,0,0
"11491",2015,"AB08",4,"PISI",0,0,0,0,0,0
"11492",2015,"AB08",4,"PSME",2,1,0,0,0,0
"11493",2015,"AB08",4,"TABR",0,0,0,0,0,0
"11494",2015,"AB08",4,"THPL",0,5,1,0,5,5
"11495",2015,"AB08",4,"TSHE",13,51,6,0,3,3
"11496",2015,"AB08",4,"TSME",0,0,0,0,0,0
"11497",2015,"AB08",5,"ABAM",0,0,0,0,0,0
"11498",2015,"AB08",5,"ABGR",0,0,0,0,0,0
"11499",2015,"AB08",5,"ABLA",0,0,0,0,0,0
"11500",2015,"AB08",5,"ABPR",0,0,0,0,0,0
"11501",2015,"AB08",5,"ACGL",0,0,0,0,0,0
"11502",2015,"AB08",5,"ALRU",0,0,0,0,0,0
"11503",2015,"AB08",5,"CANO",0,0,0,0,0,0
"11504",2015,"AB08",5,"PICO",0,0,0,0,0,0
"11505",2015,"AB08",5,"PIEN",0,0,0,0,0,0
"11506",2015,"AB08",5,"PIMO",0,0,0,0,0,0
"11507",2015,"AB08",5,"PISI",0,0,0,0,0,0
"11508",2015,"AB08",5,"PSME",1,3,0,0,0,0
"11509",2015,"AB08",5,"TABR",0,0,0,0,0,0
"11510",2015,"AB08",5,"THPL",4,3,0,0,0,0
"11511",2015,"AB08",5,"TSHE",10,30,6,0,0,0
"11512",2015,"AB08",5,"TSME",0,0,0,0,0,0
"11513",2015,"AB08",6,"ABAM",0,0,0,0,0,0
"11514",2015,"AB08",6,"ABGR",0,0,0,0,0,0
"11515",2015,"AB08",6,"ABLA",0,0,0,0,0,0
"11516",2015,"AB08",6,"ABPR",0,0,0,0,0,0
"11517",2015,"AB08",6,"ACGL",0,0,0,0,0,0
"11518",2015,"AB08",6,"ALRU",0,0,0,0,0,0
"11519",2015,"AB08",6,"CANO",0,0,0,0,0,0
"11520",2015,"AB08",6,"PICO",0,0,0,0,0,0
"11521",2015,"AB08",6,"PIEN",0,0,0,0,0,0
"11522",2015,"AB08",6,"PIMO",0,0,0,0,0,0
"11523",2015,"AB08",6,"PISI",0,0,0,0,0,0
"11524",2015,"AB08",6,"PSME",0,1,0,0,0,0
"11525",2015,"AB08",6,"TABR",26,47,0,0,0,0
"11526",2015,"AB08",6,"THPL",0,1,2,4,11,15
"11527",2015,"AB08",6,"TSHE",21,55,14,0,11,11
"11528",2015,"AB08",6,"TSME",0,0,0,0,0,0
"11529",2015,"AE10",1,"ABAM",4,0,0,0,0,0
"11530",2015,"AE10",1,"ABGR",0,0,0,0,0,0
"11531",2015,"AE10",1,"ABLA",3,0,0,0,0,0
"11532",2015,"AE10",1,"ABPR",1,1,0,0,0,0
"11533",2015,"AE10",1,"ACGL",0,0,0,0,0,0
"11534",2015,"AE10",1,"ALRU",0,0,0,0,0,0
"11535",2015,"AE10",1,"CANO",1,0,0,0,0,0
"11536",2015,"AE10",1,"PICO",0,0,0,0,0,0
"11537",2015,"AE10",1,"PIEN",0,0,0,0,0,0
"11538",2015,"AE10",1,"PIMO",0,0,0,0,0,0
"11539",2015,"AE10",1,"PISI",0,0,0,0,0,0
"11540",2015,"AE10",1,"PSME",0,0,0,0,0,0
"11541",2015,"AE10",1,"TABR",0,0,0,0,0,0
"11542",2015,"AE10",1,"THPL",0,0,0,0,0,0
"11543",2015,"AE10",1,"TSHE",0,0,0,0,0,0
"11544",2015,"AE10",1,"TSME",0,2,0,0,0,0
"11545",2015,"AE10",2,"ABAM",2,0,0,0,0,0
"11546",2015,"AE10",2,"ABGR",0,0,0,0,0,0
"11547",2015,"AE10",2,"ABLA",0,3,0,0,0,0
"11548",2015,"AE10",2,"ABPR",0,0,0,0,0,0
"11549",2015,"AE10",2,"ACGL",0,0,0,0,0,0
"11550",2015,"AE10",2,"ALRU",0,0,0,0,0,0
"11551",2015,"AE10",2,"CANO",1,1,0,0,0,0
"11552",2015,"AE10",2,"PICO",0,0,0,0,0,0
"11553",2015,"AE10",2,"PIEN",0,0,0,0,0,0
"11554",2015,"AE10",2,"PIMO",0,0,0,0,0,0
"11555",2015,"AE10",2,"PISI",0,0,0,0,0,0
"11556",2015,"AE10",2,"PSME",0,0,0,0,0,0
"11557",2015,"AE10",2,"TABR",0,0,0,0,0,0
"11558",2015,"AE10",2,"THPL",0,0,0,0,0,0
"11559",2015,"AE10",2,"TSHE",0,0,0,0,0,0
"11560",2015,"AE10",2,"TSME",0,0,0,0,0,0
"11561",2015,"AE10",3,"ABAM",3,0,0,0,0,0
"11562",2015,"AE10",3,"ABGR",0,0,0,0,0,0
"11563",2015,"AE10",3,"ABLA",0,0,0,0,0,0
"11564",2015,"AE10",3,"ABPR",0,0,0,0,0,0
"11565",2015,"AE10",3,"ACGL",0,0,0,0,0,0
"11566",2015,"AE10",3,"ALRU",0,0,0,0,0,0
"11567",2015,"AE10",3,"CANO",3,0,0,0,0,0
"11568",2015,"AE10",3,"PICO",0,0,0,0,0,0
"11569",2015,"AE10",3,"PIEN",0,0,0,0,0,0
"11570",2015,"AE10",3,"PIMO",0,0,0,0,0,0
"11571",2015,"AE10",3,"PISI",0,0,0,0,0,0
"11572",2015,"AE10",3,"PSME",0,0,0,0,0,0
"11573",2015,"AE10",3,"TABR",0,0,0,0,0,0
"11574",2015,"AE10",3,"THPL",0,0,0,0,0,0
"11575",2015,"AE10",3,"TSHE",0,0,0,0,0,0
"11576",2015,"AE10",3,"TSME",0,0,0,0,0,0
"11577",2015,"AE10",4,"ABAM",1,0,0,0,0,0
"11578",2015,"AE10",4,"ABGR",0,0,0,0,0,0
"11579",2015,"AE10",4,"ABLA",0,0,0,0,0,0
"11580",2015,"AE10",4,"ABPR",1,0,0,0,0,0
"11581",2015,"AE10",4,"ACGL",0,0,0,0,0,0
"11582",2015,"AE10",4,"ALRU",0,0,0,0,0,0
"11583",2015,"AE10",4,"CANO",1,0,0,0,0,0
"11584",2015,"AE10",4,"PICO",0,0,0,0,0,0
"11585",2015,"AE10",4,"PIEN",0,0,0,0,0,0
"11586",2015,"AE10",4,"PIMO",0,0,0,0,0,0
"11587",2015,"AE10",4,"PISI",0,0,0,0,0,0
"11588",2015,"AE10",4,"PSME",0,0,0,0,0,0
"11589",2015,"AE10",4,"TABR",0,0,0,0,0,0
"11590",2015,"AE10",4,"THPL",0,0,0,0,0,0
"11591",2015,"AE10",4,"TSHE",0,0,0,0,0,0
"11592",2015,"AE10",4,"TSME",0,0,0,0,0,0
"11593",2015,"AE10",5,"ABAM",0,0,0,0,0,0
"11594",2015,"AE10",5,"ABGR",0,0,0,0,0,0
"11595",2015,"AE10",5,"ABLA",1,0,0,0,0,0
"11596",2015,"AE10",5,"ABPR",0,5,0,0,0,0
"11597",2015,"AE10",5,"ACGL",0,0,0,0,0,0
"11598",2015,"AE10",5,"ALRU",0,0,0,0,0,0
"11599",2015,"AE10",5,"CANO",2,0,0,0,0,0
"11600",2015,"AE10",5,"PICO",0,0,0,0,0,0
"11601",2015,"AE10",5,"PIEN",0,0,0,0,0,0
"11602",2015,"AE10",5,"PIMO",0,0,0,0,0,0
"11603",2015,"AE10",5,"PISI",0,0,0,0,0,0
"11604",2015,"AE10",5,"PSME",0,0,0,0,0,0
"11605",2015,"AE10",5,"TABR",0,0,0,0,0,0
"11606",2015,"AE10",5,"THPL",0,0,0,0,0,0
"11607",2015,"AE10",5,"TSHE",0,0,0,0,0,0
"11608",2015,"AE10",5,"TSME",0,2,0,0,0,0
"11609",2015,"AE10",6,"ABAM",1,0,0,0,0,0
"11610",2015,"AE10",6,"ABGR",0,0,0,0,0,0
"11611",2015,"AE10",6,"ABLA",1,0,0,0,0,0
"11612",2015,"AE10",6,"ABPR",0,0,0,0,0,0
"11613",2015,"AE10",6,"ACGL",0,0,0,0,0,0
"11614",2015,"AE10",6,"ALRU",0,0,0,0,0,0
"11615",2015,"AE10",6,"CANO",5,0,0,0,0,0
"11616",2015,"AE10",6,"PICO",0,0,0,0,0,0
"11617",2015,"AE10",6,"PIEN",0,0,0,0,0,0
"11618",2015,"AE10",6,"PIMO",0,0,0,0,0,0
"11619",2015,"AE10",6,"PISI",0,0,0,0,0,0
"11620",2015,"AE10",6,"PSME",0,0,0,0,0,0
"11621",2015,"AE10",6,"TABR",0,0,0,0,0,0
"11622",2015,"AE10",6,"THPL",0,0,0,0,0,0
"11623",2015,"AE10",6,"TSHE",0,0,0,0,0,0
"11624",2015,"AE10",6,"TSME",1,1,0,0,0,0
"11625",2015,"AG05",1,"ABAM",3,0,0,0,0,0
"11626",2015,"AG05",1,"ABGR",0,0,0,0,0,0
"11627",2015,"AG05",1,"ABLA",0,0,0,0,0,0
"11628",2015,"AG05",1,"ABPR",0,0,0,0,0,0
"11629",2015,"AG05",1,"ACGL",0,0,0,0,0,0
"11630",2015,"AG05",1,"ALRU",0,0,0,0,0,0
"11631",2015,"AG05",1,"CANO",0,0,0,0,0,0
"11632",2015,"AG05",1,"PICO",0,0,0,0,0,0
"11633",2015,"AG05",1,"PIEN",0,0,0,0,0,0
"11634",2015,"AG05",1,"PIMO",0,0,0,0,0,0
"11635",2015,"AG05",1,"PISI",0,0,0,0,0,0
"11636",2015,"AG05",1,"PSME",6,0,0,0,0,0
"11637",2015,"AG05",1,"TABR",0,0,0,0,0,0
"11638",2015,"AG05",1,"THPL",172,0,0,0,0,0
"11639",2015,"AG05",1,"TSHE",20,0,0,0,0,0
"11640",2015,"AG05",1,"TSME",0,0,0,0,0,0
"11641",2015,"AG05",2,"ABAM",2,1,0,0,0,0
"11642",2015,"AG05",2,"ABGR",0,0,0,0,0,0
"11643",2015,"AG05",2,"ABLA",0,0,0,0,0,0
"11644",2015,"AG05",2,"ABPR",0,0,0,0,0,0
"11645",2015,"AG05",2,"ACGL",0,0,0,0,0,0
"11646",2015,"AG05",2,"ALRU",0,0,0,0,0,0
"11647",2015,"AG05",2,"CANO",0,0,0,0,0,0
"11648",2015,"AG05",2,"PICO",0,0,0,0,0,0
"11649",2015,"AG05",2,"PIEN",0,0,0,0,0,0
"11650",2015,"AG05",2,"PIMO",0,0,0,0,0,0
"11651",2015,"AG05",2,"PISI",0,0,0,0,0,0
"11652",2015,"AG05",2,"PSME",1,0,0,0,0,0
"11653",2015,"AG05",2,"TABR",0,0,0,0,0,0
"11654",2015,"AG05",2,"THPL",16,66,2,1,1,2
"11655",2015,"AG05",2,"TSHE",0,9,0,0,0,0
"11656",2015,"AG05",2,"TSME",0,0,0,0,0,0
"11657",2015,"AG05",3,"ABAM",1,0,0,0,0,0
"11658",2015,"AG05",3,"ABGR",0,0,0,0,0,0
"11659",2015,"AG05",3,"ABLA",0,0,0,0,0,0
"11660",2015,"AG05",3,"ABPR",0,0,0,0,0,0
"11661",2015,"AG05",3,"ACGL",0,0,0,0,0,0
"11662",2015,"AG05",3,"ALRU",0,0,0,0,0,0
"11663",2015,"AG05",3,"CANO",0,0,0,0,0,0
"11664",2015,"AG05",3,"PICO",0,0,0,0,0,0
"11665",2015,"AG05",3,"PIEN",0,0,0,0,0,0
"11666",2015,"AG05",3,"PIMO",0,0,0,0,0,0
"11667",2015,"AG05",3,"PISI",0,0,0,0,0,0
"11668",2015,"AG05",3,"PSME",2,0,0,0,0,0
"11669",2015,"AG05",3,"TABR",0,0,0,0,0,0
"11670",2015,"AG05",3,"THPL",11,20,2,0,0,0
"11671",2015,"AG05",3,"TSHE",3,6,0,0,0,0
"11672",2015,"AG05",3,"TSME",0,0,0,0,0,0
"11673",2015,"AG05",4,"ABAM",2,0,0,0,0,0
"11674",2015,"AG05",4,"ABGR",0,0,0,0,0,0
"11675",2015,"AG05",4,"ABLA",0,0,0,0,0,0
"11676",2015,"AG05",4,"ABPR",0,0,0,0,0,0
"11677",2015,"AG05",4,"ACGL",0,0,0,0,0,0
"11678",2015,"AG05",4,"ALRU",0,0,0,0,0,0
"11679",2015,"AG05",4,"CANO",0,0,0,0,0,0
"11680",2015,"AG05",4,"PICO",0,0,0,0,0,0
"11681",2015,"AG05",4,"PIEN",0,0,0,0,0,0
"11682",2015,"AG05",4,"PIMO",0,0,0,0,0,0
"11683",2015,"AG05",4,"PISI",0,0,0,0,0,0
"11684",2015,"AG05",4,"PSME",4,8,0,0,0,0
"11685",2015,"AG05",4,"TABR",0,0,0,0,0,0
"11686",2015,"AG05",4,"THPL",21,70,15,25,65,90
"11687",2015,"AG05",4,"TSHE",8,11,0,0,0,0
"11688",2015,"AG05",4,"TSME",0,0,0,0,0,0
"11689",2015,"AG05",5,"ABAM",2,0,0,0,0,0
"11690",2015,"AG05",5,"ABGR",0,0,0,0,0,0
"11691",2015,"AG05",5,"ABLA",0,0,0,0,0,0
"11692",2015,"AG05",5,"ABPR",0,0,0,0,0,0
"11693",2015,"AG05",5,"ACGL",0,0,0,0,0,0
"11694",2015,"AG05",5,"ALRU",0,0,0,0,0,0
"11695",2015,"AG05",5,"CANO",0,0,0,0,0,0
"11696",2015,"AG05",5,"PICO",0,0,0,0,0,0
"11697",2015,"AG05",5,"PIEN",0,0,0,0,0,0
"11698",2015,"AG05",5,"PIMO",0,0,0,0,0,0
"11699",2015,"AG05",5,"PISI",0,0,0,0,0,0
"11700",2015,"AG05",5,"PSME",6,0,0,0,0,0
"11701",2015,"AG05",5,"TABR",0,0,0,0,0,0
"11702",2015,"AG05",5,"THPL",46,76,11,28,44,72
"11703",2015,"AG05",5,"TSHE",9,6,0,0,0,0
"11704",2015,"AG05",5,"TSME",0,0,0,0,0,0
"11705",2015,"AG05",6,"ABAM",3,3,0,0,0,0
"11706",2015,"AG05",6,"ABGR",0,0,0,0,0,0
"11707",2015,"AG05",6,"ABLA",0,0,0,0,0,0
"11708",2015,"AG05",6,"ABPR",0,0,0,0,0,0
"11709",2015,"AG05",6,"ACGL",0,0,0,0,0,0
"11710",2015,"AG05",6,"ALRU",0,0,0,0,0,0
"11711",2015,"AG05",6,"CANO",0,0,0,0,0,0
"11712",2015,"AG05",6,"PICO",0,0,0,0,0,0
"11713",2015,"AG05",6,"PIEN",0,0,0,0,0,0
"11714",2015,"AG05",6,"PIMO",0,0,0,0,0,0
"11715",2015,"AG05",6,"PISI",0,0,0,0,0,0
"11716",2015,"AG05",6,"PSME",5,4,2,7,0,7
"11717",2015,"AG05",6,"TABR",0,0,0,0,0,0
"11718",2015,"AG05",6,"THPL",15,27,4,11,12,23
"11719",2015,"AG05",6,"TSHE",8,12,0,0,0,0
"11720",2015,"AG05",6,"TSME",0,0,0,0,0,0
"11721",2015,"AM16",1,"ABAM",1,0,0,0,0,0
"11722",2015,"AM16",1,"ABGR",0,0,0,0,0,0
"11723",2015,"AM16",1,"ABLA",0,0,0,0,0,0
"11724",2015,"AM16",1,"ABPR",0,0,0,0,0,0
"11725",2015,"AM16",1,"ACGL",0,0,0,0,0,0
"11726",2015,"AM16",1,"ALRU",0,0,0,0,0,0
"11727",2015,"AM16",1,"CANO",3,0,1,0,0,0
"11728",2015,"AM16",1,"PICO",0,0,0,0,0,0
"11729",2015,"AM16",1,"PIEN",0,0,0,0,0,0
"11730",2015,"AM16",1,"PIMO",0,0,0,0,0,0
"11731",2015,"AM16",1,"PISI",0,0,0,0,0,0
"11732",2015,"AM16",1,"PSME",0,0,0,0,0,0
"11733",2015,"AM16",1,"TABR",0,0,0,0,0,0
"11734",2015,"AM16",1,"THPL",0,0,0,0,0,0
"11735",2015,"AM16",1,"TSHE",1,8,0,0,0,0
"11736",2015,"AM16",1,"TSME",1,11,0,0,0,0
"11737",2015,"AM16",2,"ABAM",0,1,0,0,0,0
"11738",2015,"AM16",2,"ABGR",0,0,0,0,0,0
"11739",2015,"AM16",2,"ABLA",0,0,0,0,0,0
"11740",2015,"AM16",2,"ABPR",0,0,0,0,0,0
"11741",2015,"AM16",2,"ACGL",0,0,0,0,0,0
"11742",2015,"AM16",2,"ALRU",0,0,0,0,0,0
"11743",2015,"AM16",2,"CANO",4,2,5,0,0,0
"11744",2015,"AM16",2,"PICO",0,0,0,0,0,0
"11745",2015,"AM16",2,"PIEN",0,0,0,0,0,0
"11746",2015,"AM16",2,"PIMO",0,0,0,0,0,0
"11747",2015,"AM16",2,"PISI",0,0,0,0,0,0
"11748",2015,"AM16",2,"PSME",0,0,0,0,0,0
"11749",2015,"AM16",2,"TABR",0,0,0,0,0,0
"11750",2015,"AM16",2,"THPL",0,0,0,0,0,0
"11751",2015,"AM16",2,"TSHE",4,15,0,0,0,0
"11752",2015,"AM16",2,"TSME",5,6,0,0,0,0
"11753",2015,"AM16",3,"ABAM",0,0,0,0,0,0
"11754",2015,"AM16",3,"ABGR",0,0,0,0,0,0
"11755",2015,"AM16",3,"ABLA",0,0,0,0,0,0
"11756",2015,"AM16",3,"ABPR",0,0,0,0,0,0
"11757",2015,"AM16",3,"ACGL",0,0,0,0,0,0
"11758",2015,"AM16",3,"ALRU",0,0,0,0,0,0
"11759",2015,"AM16",3,"CANO",0,0,1,0,0,0
"11760",2015,"AM16",3,"PICO",0,0,0,0,0,0
"11761",2015,"AM16",3,"PIEN",0,0,0,0,0,0
"11762",2015,"AM16",3,"PIMO",0,0,0,0,0,0
"11763",2015,"AM16",3,"PISI",0,0,0,0,0,0
"11764",2015,"AM16",3,"PSME",0,0,0,0,0,0
"11765",2015,"AM16",3,"TABR",0,0,0,0,0,0
"11766",2015,"AM16",3,"THPL",0,0,0,0,0,0
"11767",2015,"AM16",3,"TSHE",2,1,0,0,0,0
"11768",2015,"AM16",3,"TSME",8,13,1,15,8,23
"11769",2015,"AM16",4,"ABAM",0,0,0,0,0,0
"11770",2015,"AM16",4,"ABGR",0,0,0,0,0,0
"11771",2015,"AM16",4,"ABLA",0,0,0,0,0,0
"11772",2015,"AM16",4,"ABPR",0,0,0,0,0,0
"11773",2015,"AM16",4,"ACGL",0,0,0,0,0,0
"11774",2015,"AM16",4,"ALRU",0,0,0,0,0,0
"11775",2015,"AM16",4,"CANO",4,0,8,3,0,3
"11776",2015,"AM16",4,"PICO",0,0,0,0,0,0
"11777",2015,"AM16",4,"PIEN",0,0,0,0,0,0
"11778",2015,"AM16",4,"PIMO",0,0,0,0,0,0
"11779",2015,"AM16",4,"PISI",0,0,0,0,0,0
"11780",2015,"AM16",4,"PSME",0,0,0,0,0,0
"11781",2015,"AM16",4,"TABR",0,0,0,0,0,0
"11782",2015,"AM16",4,"THPL",0,0,0,0,0,0
"11783",2015,"AM16",4,"TSHE",1,11,0,0,0,0
"11784",2015,"AM16",4,"TSME",9,4,4,3,6,9
"11785",2015,"AM16",5,"ABAM",0,0,0,0,0,0
"11786",2015,"AM16",5,"ABGR",0,0,0,0,0,0
"11787",2015,"AM16",5,"ABLA",0,0,0,0,0,0
"11788",2015,"AM16",5,"ABPR",0,0,0,0,0,0
"11789",2015,"AM16",5,"ACGL",0,0,0,0,0,0
"11790",2015,"AM16",5,"ALRU",0,0,0,0,0,0
"11791",2015,"AM16",5,"CANO",23,8,29,1,0,1
"11792",2015,"AM16",5,"PICO",0,0,0,0,0,0
"11793",2015,"AM16",5,"PIEN",0,0,0,0,0,0
"11794",2015,"AM16",5,"PIMO",0,0,0,0,0,0
"11795",2015,"AM16",5,"PISI",0,0,0,0,0,0
"11796",2015,"AM16",5,"PSME",0,0,0,0,0,0
"11797",2015,"AM16",5,"TABR",0,0,0,0,0,0
"11798",2015,"AM16",5,"THPL",0,0,0,0,0,0
"11799",2015,"AM16",5,"TSHE",0,6,0,0,0,0
"11800",2015,"AM16",5,"TSME",12,12,1,17,3,20
"11801",2015,"AM16",6,"ABAM",0,0,0,0,0,0
"11802",2015,"AM16",6,"ABGR",0,0,0,0,0,0
"11803",2015,"AM16",6,"ABLA",0,0,0,0,0,0
"11804",2015,"AM16",6,"ABPR",0,0,0,0,0,0
"11805",2015,"AM16",6,"ACGL",0,0,0,0,0,0
"11806",2015,"AM16",6,"ALRU",0,0,0,0,0,0
"11807",2015,"AM16",6,"CANO",35,6,202,21,0,21
"11808",2015,"AM16",6,"PICO",0,0,0,0,0,0
"11809",2015,"AM16",6,"PIEN",0,0,0,0,0,0
"11810",2015,"AM16",6,"PIMO",0,0,0,0,0,0
"11811",2015,"AM16",6,"PISI",0,0,0,0,0,0
"11812",2015,"AM16",6,"PSME",0,0,0,0,0,0
"11813",2015,"AM16",6,"TABR",0,0,0,0,0,0
"11814",2015,"AM16",6,"THPL",0,0,0,0,0,0
"11815",2015,"AM16",6,"TSHE",12,5,1,0,0,0
"11816",2015,"AM16",6,"TSME",6,3,0,0,0,0
"11817",2015,"AO03",1,"ABAM",1,0,0,0,0,0
"11818",2015,"AO03",1,"ABGR",0,0,0,0,0,0
"11819",2015,"AO03",1,"ABLA",0,0,0,0,0,0
"11820",2015,"AO03",1,"ABPR",0,0,0,0,0,0
"11821",2015,"AO03",1,"ACGL",0,0,0,0,0,0
"11822",2015,"AO03",1,"ALRU",0,0,0,0,0,0
"11823",2015,"AO03",1,"CANO",0,0,0,0,0,0
"11824",2015,"AO03",1,"PICO",0,0,0,0,0,0
"11825",2015,"AO03",1,"PIEN",0,0,0,0,0,0
"11826",2015,"AO03",1,"PIMO",0,0,0,0,0,0
"11827",2015,"AO03",1,"PISI",0,0,0,0,0,0
"11828",2015,"AO03",1,"PSME",3,0,0,0,0,0
"11829",2015,"AO03",1,"TABR",0,0,0,0,0,0
"11830",2015,"AO03",1,"THPL",24,62,10,12,6,18
"11831",2015,"AO03",1,"TSHE",1,51,12,10,21,31
"11832",2015,"AO03",1,"TSME",0,0,0,0,0,0
"11833",2015,"AO03",2,"ABAM",1,0,0,0,0,0
"11834",2015,"AO03",2,"ABGR",0,0,0,0,0,0
"11835",2015,"AO03",2,"ABLA",0,0,0,0,0,0
"11836",2015,"AO03",2,"ABPR",0,0,0,0,0,0
"11837",2015,"AO03",2,"ACGL",0,0,0,0,0,0
"11838",2015,"AO03",2,"ALRU",0,0,0,0,0,0
"11839",2015,"AO03",2,"CANO",0,0,0,0,0,0
"11840",2015,"AO03",2,"PICO",0,0,0,0,0,0
"11841",2015,"AO03",2,"PIEN",0,0,0,0,0,0
"11842",2015,"AO03",2,"PIMO",0,0,0,0,0,0
"11843",2015,"AO03",2,"PISI",0,0,0,0,0,0
"11844",2015,"AO03",2,"PSME",8,4,0,0,0,0
"11845",2015,"AO03",2,"TABR",0,0,0,0,0,0
"11846",2015,"AO03",2,"THPL",17,71,18,4,56,60
"11847",2015,"AO03",2,"TSHE",74,31,11,0,21,21
"11848",2015,"AO03",2,"TSME",0,0,0,0,0,0
"11849",2015,"AO03",3,"ABAM",1,0,0,0,0,0
"11850",2015,"AO03",3,"ABGR",0,0,0,0,0,0
"11851",2015,"AO03",3,"ABLA",0,0,0,0,0,0
"11852",2015,"AO03",3,"ABPR",0,0,0,0,0,0
"11853",2015,"AO03",3,"ACGL",0,0,0,0,0,0
"11854",2015,"AO03",3,"ALRU",0,0,0,0,0,0
"11855",2015,"AO03",3,"CANO",0,0,0,0,0,0
"11856",2015,"AO03",3,"PICO",0,0,0,0,0,0
"11857",2015,"AO03",3,"PIEN",0,0,0,0,0,0
"11858",2015,"AO03",3,"PIMO",0,0,0,0,0,0
"11859",2015,"AO03",3,"PISI",0,0,0,0,0,0
"11860",2015,"AO03",3,"PSME",12,0,0,0,0,0
"11861",2015,"AO03",3,"TABR",0,0,0,0,0,0
"11862",2015,"AO03",3,"THPL",43,46,40,52,82,134
"11863",2015,"AO03",3,"TSHE",78,75,23,28,30,58
"11864",2015,"AO03",3,"TSME",0,0,0,0,0,0
"11865",2015,"AO03",4,"ABAM",1,1,0,0,0,0
"11866",2015,"AO03",4,"ABGR",0,0,0,0,0,0
"11867",2015,"AO03",4,"ABLA",0,0,0,0,0,0
"11868",2015,"AO03",4,"ABPR",0,0,0,0,0,0
"11869",2015,"AO03",4,"ACGL",0,0,0,0,0,0
"11870",2015,"AO03",4,"ALRU",0,0,0,0,0,0
"11871",2015,"AO03",4,"CANO",0,0,0,0,0,0
"11872",2015,"AO03",4,"PICO",0,0,0,0,0,0
"11873",2015,"AO03",4,"PIEN",0,0,0,0,0,0
"11874",2015,"AO03",4,"PIMO",0,0,0,0,0,0
"11875",2015,"AO03",4,"PISI",0,0,0,0,0,0
"11876",2015,"AO03",4,"PSME",25,39,2,36,5,41
"11877",2015,"AO03",4,"TABR",0,0,0,0,0,0
"11878",2015,"AO03",4,"THPL",69,57,23,56,78,134
"11879",2015,"AO03",4,"TSHE",49,101,24,12,17,29
"11880",2015,"AO03",4,"TSME",0,0,0,0,0,0
"11881",2015,"AO03",5,"ABAM",1,0,0,0,0,0
"11882",2015,"AO03",5,"ABGR",0,0,0,0,0,0
"11883",2015,"AO03",5,"ABLA",0,0,0,0,0,0
"11884",2015,"AO03",5,"ABPR",0,0,0,0,0,0
"11885",2015,"AO03",5,"ACGL",0,0,0,0,0,0
"11886",2015,"AO03",5,"ALRU",0,0,0,0,0,0
"11887",2015,"AO03",5,"CANO",0,0,0,0,0,0
"11888",2015,"AO03",5,"PICO",0,0,0,0,0,0
"11889",2015,"AO03",5,"PIEN",0,0,0,0,0,0
"11890",2015,"AO03",5,"PIMO",0,0,0,0,0,0
"11891",2015,"AO03",5,"PISI",0,0,0,0,0,0
"11892",2015,"AO03",5,"PSME",13,22,5,0,2,2
"11893",2015,"AO03",5,"TABR",0,0,0,0,0,0
"11894",2015,"AO03",5,"THPL",35,39,7,49,1,50
"11895",2015,"AO03",5,"TSHE",7,22,4,0,9,9
"11896",2015,"AO03",5,"TSME",0,0,0,0,0,0
"11897",2015,"AO03",6,"ABAM",0,1,0,0,0,0
"11898",2015,"AO03",6,"ABGR",0,0,0,0,0,0
"11899",2015,"AO03",6,"ABLA",0,0,0,0,0,0
"11900",2015,"AO03",6,"ABPR",0,0,0,0,0,0
"11901",2015,"AO03",6,"ACGL",0,0,0,0,0,0
"11902",2015,"AO03",6,"ALRU",0,0,0,0,0,0
"11903",2015,"AO03",6,"CANO",0,0,0,0,0,0
"11904",2015,"AO03",6,"PICO",0,0,0,0,0,0
"11905",2015,"AO03",6,"PIEN",0,0,0,0,0,0
"11906",2015,"AO03",6,"PIMO",0,0,0,0,0,0
"11907",2015,"AO03",6,"PISI",0,0,0,0,0,0
"11908",2015,"AO03",6,"PSME",10,7,8,116,26,142
"11909",2015,"AO03",6,"TABR",0,0,0,0,0,0
"11910",2015,"AO03",6,"THPL",4,28,1,4,3,7
"11911",2015,"AO03",6,"TSHE",15,28,0,0,0,0
"11912",2015,"AO03",6,"TSME",0,0,0,0,0,0
"11913",2015,"AR07",1,"ABAM",0,1,0,0,0,0
"11914",2015,"AR07",1,"ABGR",0,0,0,0,0,0
"11915",2015,"AR07",1,"ABLA",0,0,0,0,0,0
"11916",2015,"AR07",1,"ABPR",0,0,0,0,0,0
"11917",2015,"AR07",1,"ACGL",0,0,0,0,0,0
"11918",2015,"AR07",1,"ALRU",0,0,0,0,0,0
"11919",2015,"AR07",1,"CANO",0,0,1,0,0,0
"11920",2015,"AR07",1,"PICO",0,0,0,0,0,0
"11921",2015,"AR07",1,"PIEN",0,0,0,0,0,0
"11922",2015,"AR07",1,"PIMO",0,0,0,0,0,0
"11923",2015,"AR07",1,"PISI",0,0,0,0,0,0
"11924",2015,"AR07",1,"PSME",1,0,0,0,0,0
"11925",2015,"AR07",1,"TABR",0,0,0,0,0,0
"11926",2015,"AR07",1,"THPL",0,0,0,0,0,0
"11927",2015,"AR07",1,"TSHE",0,0,0,0,0,0
"11928",2015,"AR07",1,"TSME",19,17,6,26,36,62
"11929",2015,"AR07",2,"ABAM",0,0,0,0,0,0
"11930",2015,"AR07",2,"ABGR",0,0,0,0,0,0
"11931",2015,"AR07",2,"ABLA",0,0,0,0,0,0
"11932",2015,"AR07",2,"ABPR",0,0,0,0,0,0
"11933",2015,"AR07",2,"ACGL",0,0,0,0,0,0
"11934",2015,"AR07",2,"ALRU",0,0,0,0,0,0
"11935",2015,"AR07",2,"CANO",5,0,11,6,0,6
"11936",2015,"AR07",2,"PICO",0,0,0,0,0,0
"11937",2015,"AR07",2,"PIEN",0,0,0,0,0,0
"11938",2015,"AR07",2,"PIMO",0,0,0,0,0,0
"11939",2015,"AR07",2,"PISI",0,0,0,0,0,0
"11940",2015,"AR07",2,"PSME",0,0,0,0,0,0
"11941",2015,"AR07",2,"TABR",0,0,0,0,0,0
"11942",2015,"AR07",2,"THPL",0,0,0,0,0,0
"11943",2015,"AR07",2,"TSHE",0,0,0,0,0,0
"11944",2015,"AR07",2,"TSME",11,0,5,63,0,63
"11945",2015,"AR07",3,"ABAM",0,0,0,0,0,0
"11946",2015,"AR07",3,"ABGR",0,0,0,0,0,0
"11947",2015,"AR07",3,"ABLA",0,0,0,0,0,0
"11948",2015,"AR07",3,"ABPR",0,0,0,0,0,0
"11949",2015,"AR07",3,"ACGL",0,0,0,0,0,0
"11950",2015,"AR07",3,"ALRU",0,0,0,0,0,0
"11951",2015,"AR07",3,"CANO",0,2,14,8,1,9
"11952",2015,"AR07",3,"PICO",0,0,0,0,0,0
"11953",2015,"AR07",3,"PIEN",0,0,0,0,0,0
"11954",2015,"AR07",3,"PIMO",0,0,0,0,0,0
"11955",2015,"AR07",3,"PISI",0,0,0,0,0,0
"11956",2015,"AR07",3,"PSME",0,0,0,0,0,0
"11957",2015,"AR07",3,"TABR",0,0,0,0,0,0
"11958",2015,"AR07",3,"THPL",0,0,0,0,0,0
"11959",2015,"AR07",3,"TSHE",0,0,0,0,0,0
"11960",2015,"AR07",3,"TSME",8,2,0,0,0,0
"11961",2015,"AR07",4,"ABAM",1,0,0,0,0,0
"11962",2015,"AR07",4,"ABGR",0,0,0,0,0,0
"11963",2015,"AR07",4,"ABLA",0,0,0,0,0,0
"11964",2015,"AR07",4,"ABPR",0,0,0,0,0,0
"11965",2015,"AR07",4,"ACGL",0,0,0,0,0,0
"11966",2015,"AR07",4,"ALRU",0,0,0,0,0,0
"11967",2015,"AR07",4,"CANO",3,1,1,0,0,0
"11968",2015,"AR07",4,"PICO",0,0,0,0,0,0
"11969",2015,"AR07",4,"PIEN",0,0,0,0,0,0
"11970",2015,"AR07",4,"PIMO",0,0,0,0,0,0
"11971",2015,"AR07",4,"PISI",0,0,0,0,0,0
"11972",2015,"AR07",4,"PSME",0,0,0,0,0,0
"11973",2015,"AR07",4,"TABR",0,0,0,0,0,0
"11974",2015,"AR07",4,"THPL",0,0,0,0,0,0
"11975",2015,"AR07",4,"TSHE",0,0,0,0,0,0
"11976",2015,"AR07",4,"TSME",5,5,0,0,0,0
"11977",2015,"AR07",5,"ABAM",0,0,0,0,0,0
"11978",2015,"AR07",5,"ABGR",0,0,0,0,0,0
"11979",2015,"AR07",5,"ABLA",0,0,0,0,0,0
"11980",2015,"AR07",5,"ABPR",0,0,0,0,0,0
"11981",2015,"AR07",5,"ACGL",0,0,0,0,0,0
"11982",2015,"AR07",5,"ALRU",0,0,0,0,0,0
"11983",2015,"AR07",5,"CANO",4,0,6,1,0,1
"11984",2015,"AR07",5,"PICO",0,0,0,0,0,0
"11985",2015,"AR07",5,"PIEN",0,0,0,0,0,0
"11986",2015,"AR07",5,"PIMO",0,0,0,0,0,0
"11987",2015,"AR07",5,"PISI",0,0,0,0,0,0
"11988",2015,"AR07",5,"PSME",0,0,0,0,0,0
"11989",2015,"AR07",5,"TABR",0,0,0,0,0,0
"11990",2015,"AR07",5,"THPL",0,0,0,0,0,0
"11991",2015,"AR07",5,"TSHE",0,0,0,0,0,0
"11992",2015,"AR07",5,"TSME",6,9,0,0,0,0
"11993",2015,"AR07",6,"ABAM",2,0,0,0,0,0
"11994",2015,"AR07",6,"ABGR",0,0,0,0,0,0
"11995",2015,"AR07",6,"ABLA",0,0,0,0,0,0
"11996",2015,"AR07",6,"ABPR",0,0,0,0,0,0
"11997",2015,"AR07",6,"ACGL",0,0,0,0,0,0
"11998",2015,"AR07",6,"ALRU",0,0,0,0,0,0
"11999",2015,"AR07",6,"CANO",7,1,13,7,0,7
"12000",2015,"AR07",6,"PICO",0,0,0,0,0,0
"12001",2015,"AR07",6,"PIEN",0,0,0,0,0,0
"12002",2015,"AR07",6,"PIMO",0,0,0,0,0,0
"12003",2015,"AR07",6,"PISI",0,0,0,0,0,0
"12004",2015,"AR07",6,"PSME",0,0,0,0,0,0
"12005",2015,"AR07",6,"TABR",0,0,0,0,0,0
"12006",2015,"AR07",6,"THPL",0,0,0,0,0,0
"12007",2015,"AR07",6,"TSHE",0,0,0,0,0,0
"12008",2015,"AR07",6,"TSME",13,17,1,9,40,49
"12009",2015,"AV02",1,"ABAM",0,0,0,0,0,0
"12010",2015,"AV02",1,"ABGR",0,0,0,0,0,0
"12011",2015,"AV02",1,"ABLA",0,0,0,0,0,0
"12012",2015,"AV02",1,"ABPR",0,0,0,0,0,0
"12013",2015,"AV02",1,"ACGL",0,0,0,0,0,0
"12014",2015,"AV02",1,"ALRU",0,0,0,0,0,0
"12015",2015,"AV02",1,"CANO",0,0,0,0,0,0
"12016",2015,"AV02",1,"PICO",0,0,0,0,0,0
"12017",2015,"AV02",1,"PIEN",0,0,0,0,0,0
"12018",2015,"AV02",1,"PIMO",0,0,0,0,0,0
"12019",2015,"AV02",1,"PISI",0,0,0,0,0,0
"12020",2015,"AV02",1,"PSME",1,0,0,0,0,0
"12021",2015,"AV02",1,"TABR",0,0,0,0,0,0
"12022",2015,"AV02",1,"THPL",1,1,0,0,0,0
"12023",2015,"AV02",1,"TSHE",25,55,6,0,0,0
"12024",2015,"AV02",1,"TSME",0,0,0,0,0,0
"12025",2015,"AV02",2,"ABAM",0,0,0,0,0,0
"12026",2015,"AV02",2,"ABGR",0,0,0,0,0,0
"12027",2015,"AV02",2,"ABLA",0,0,0,0,0,0
"12028",2015,"AV02",2,"ABPR",0,0,0,0,0,0
"12029",2015,"AV02",2,"ACGL",0,0,0,0,0,0
"12030",2015,"AV02",2,"ALRU",0,0,0,0,0,0
"12031",2015,"AV02",2,"CANO",0,0,0,0,0,0
"12032",2015,"AV02",2,"PICO",0,0,0,0,0,0
"12033",2015,"AV02",2,"PIEN",0,0,0,0,0,0
"12034",2015,"AV02",2,"PIMO",0,0,0,0,0,0
"12035",2015,"AV02",2,"PISI",0,0,0,0,0,0
"12036",2015,"AV02",2,"PSME",0,0,0,0,0,0
"12037",2015,"AV02",2,"TABR",0,0,0,0,0,0
"12038",2015,"AV02",2,"THPL",2,1,0,0,0,0
"12039",2015,"AV02",2,"TSHE",67,25,12,10,12,22
"12040",2015,"AV02",2,"TSME",0,0,0,0,0,0
"12041",2015,"AV02",3,"ABAM",0,0,0,0,0,0
"12042",2015,"AV02",3,"ABGR",0,0,0,0,0,0
"12043",2015,"AV02",3,"ABLA",0,0,0,0,0,0
"12044",2015,"AV02",3,"ABPR",0,0,0,0,0,0
"12045",2015,"AV02",3,"ACGL",0,0,0,0,0,0
"12046",2015,"AV02",3,"ALRU",0,0,0,0,0,0
"12047",2015,"AV02",3,"CANO",0,0,0,0,0,0
"12048",2015,"AV02",3,"PICO",0,0,0,0,0,0
"12049",2015,"AV02",3,"PIEN",0,0,0,0,0,0
"12050",2015,"AV02",3,"PIMO",0,0,0,0,0,0
"12051",2015,"AV02",3,"PISI",0,0,0,0,0,0
"12052",2015,"AV02",3,"PSME",1,0,0,0,0,0
"12053",2015,"AV02",3,"TABR",0,0,0,0,0,0
"12054",2015,"AV02",3,"THPL",0,1,0,0,0,0
"12055",2015,"AV02",3,"TSHE",34,58,12,0,3,3
"12056",2015,"AV02",3,"TSME",0,0,0,0,0,0
"12057",2015,"AV02",4,"ABAM",0,0,0,0,0,0
"12058",2015,"AV02",4,"ABGR",0,0,0,0,0,0
"12059",2015,"AV02",4,"ABLA",0,0,0,0,0,0
"12060",2015,"AV02",4,"ABPR",0,0,0,0,0,0
"12061",2015,"AV02",4,"ACGL",0,0,0,0,0,0
"12062",2015,"AV02",4,"ALRU",0,0,0,0,0,0
"12063",2015,"AV02",4,"CANO",0,0,0,0,0,0
"12064",2015,"AV02",4,"PICO",0,0,0,0,0,0
"12065",2015,"AV02",4,"PIEN",0,0,0,0,0,0
"12066",2015,"AV02",4,"PIMO",0,0,0,0,0,0
"12067",2015,"AV02",4,"PISI",0,0,0,0,0,0
"12068",2015,"AV02",4,"PSME",0,0,0,0,0,0
"12069",2015,"AV02",4,"TABR",0,0,0,0,0,0
"12070",2015,"AV02",4,"THPL",0,0,0,0,0,0
"12071",2015,"AV02",4,"TSHE",46,28,15,4,0,4
"12072",2015,"AV02",4,"TSME",0,0,0,0,0,0
"12073",2015,"AV02",5,"ABAM",0,0,0,0,0,0
"12074",2015,"AV02",5,"ABGR",0,0,0,0,0,0
"12075",2015,"AV02",5,"ABLA",0,0,0,0,0,0
"12076",2015,"AV02",5,"ABPR",0,0,0,0,0,0
"12077",2015,"AV02",5,"ACGL",0,0,0,0,0,0
"12078",2015,"AV02",5,"ALRU",0,0,0,0,0,0
"12079",2015,"AV02",5,"CANO",0,0,0,0,0,0
"12080",2015,"AV02",5,"PICO",0,0,0,0,0,0
"12081",2015,"AV02",5,"PIEN",0,0,0,0,0,0
"12082",2015,"AV02",5,"PIMO",0,0,0,0,0,0
"12083",2015,"AV02",5,"PISI",0,0,0,0,0,0
"12084",2015,"AV02",5,"PSME",2,0,0,0,0,0
"12085",2015,"AV02",5,"TABR",0,0,0,0,0,0
"12086",2015,"AV02",5,"THPL",0,0,0,0,0,0
"12087",2015,"AV02",5,"TSHE",52,65,2,0,0,0
"12088",2015,"AV02",5,"TSME",0,0,0,0,0,0
"12089",2015,"AV02",6,"ABAM",0,0,0,0,0,0
"12090",2015,"AV02",6,"ABGR",0,0,0,0,0,0
"12091",2015,"AV02",6,"ABLA",0,0,0,0,0,0
"12092",2015,"AV02",6,"ABPR",0,0,0,0,0,0
"12093",2015,"AV02",6,"ACGL",0,0,0,0,0,0
"12094",2015,"AV02",6,"ALRU",0,0,0,0,0,0
"12095",2015,"AV02",6,"CANO",0,0,0,0,0,0
"12096",2015,"AV02",6,"PICO",0,0,0,0,0,0
"12097",2015,"AV02",6,"PIEN",0,0,0,0,0,0
"12098",2015,"AV02",6,"PIMO",0,0,0,0,0,0
"12099",2015,"AV02",6,"PISI",0,0,0,0,0,0
"12100",2015,"AV02",6,"PSME",0,0,0,0,0,0
"12101",2015,"AV02",6,"TABR",0,0,0,0,0,0
"12102",2015,"AV02",6,"THPL",0,0,0,0,0,0
"12103",2015,"AV02",6,"TSHE",52,34,2,0,1,1
"12104",2015,"AV02",6,"TSME",0,0,0,0,0,0
"12105",2015,"AV06",1,"ABAM",0,0,0,0,0,0
"12106",2015,"AV06",1,"ABGR",0,0,0,0,0,0
"12107",2015,"AV06",1,"ABLA",0,0,0,0,0,0
"12108",2015,"AV06",1,"ABPR",0,0,0,0,0,0
"12109",2015,"AV06",1,"ACGL",0,0,0,0,0,0
"12110",2015,"AV06",1,"ALRU",0,0,0,0,0,0
"12111",2015,"AV06",1,"CANO",0,0,0,0,0,0
"12112",2015,"AV06",1,"PICO",0,0,0,0,0,0
"12113",2015,"AV06",1,"PIEN",0,0,0,0,0,0
"12114",2015,"AV06",1,"PIMO",0,0,0,0,0,0
"12115",2015,"AV06",1,"PISI",0,0,0,0,0,0
"12116",2015,"AV06",1,"PSME",0,0,0,0,0,0
"12117",2015,"AV06",1,"TABR",0,0,0,0,0,0
"12118",2015,"AV06",1,"THPL",1,1,0,0,0,0
"12119",2015,"AV06",1,"TSHE",15,25,2,0,0,0
"12120",2015,"AV06",1,"TSME",0,0,0,0,0,0
"12121",2015,"AV06",2,"ABAM",0,0,0,0,0,0
"12122",2015,"AV06",2,"ABGR",0,0,0,0,0,0
"12123",2015,"AV06",2,"ABLA",0,0,0,0,0,0
"12124",2015,"AV06",2,"ABPR",0,0,0,0,0,0
"12125",2015,"AV06",2,"ACGL",0,0,0,0,0,0
"12126",2015,"AV06",2,"ALRU",0,0,0,0,0,0
"12127",2015,"AV06",2,"CANO",0,0,0,0,0,0
"12128",2015,"AV06",2,"PICO",0,0,0,0,0,0
"12129",2015,"AV06",2,"PIEN",0,0,0,0,0,0
"12130",2015,"AV06",2,"PIMO",0,0,0,0,0,0
"12131",2015,"AV06",2,"PISI",0,0,0,0,0,0
"12132",2015,"AV06",2,"PSME",2,0,0,0,0,0
"12133",2015,"AV06",2,"TABR",0,0,0,0,0,0
"12134",2015,"AV06",2,"THPL",0,0,0,0,0,0
"12135",2015,"AV06",2,"TSHE",21,34,11,5,0,5
"12136",2015,"AV06",2,"TSME",1,0,0,0,0,0
"12137",2015,"AV06",3,"ABAM",1,0,0,0,0,0
"12138",2015,"AV06",3,"ABGR",0,0,0,0,0,0
"12139",2015,"AV06",3,"ABLA",0,0,0,0,0,0
"12140",2015,"AV06",3,"ABPR",0,0,0,0,0,0
"12141",2015,"AV06",3,"ACGL",0,0,0,0,0,0
"12142",2015,"AV06",3,"ALRU",0,0,0,0,0,0
"12143",2015,"AV06",3,"CANO",0,0,0,0,0,0
"12144",2015,"AV06",3,"PICO",0,0,0,0,0,0
"12145",2015,"AV06",3,"PIEN",0,0,0,0,0,0
"12146",2015,"AV06",3,"PIMO",0,0,0,0,0,0
"12147",2015,"AV06",3,"PISI",0,0,0,0,0,0
"12148",2015,"AV06",3,"PSME",1,0,0,0,0,0
"12149",2015,"AV06",3,"TABR",0,0,0,0,0,0
"12150",2015,"AV06",3,"THPL",0,3,0,0,0,0
"12151",2015,"AV06",3,"TSHE",22,1,12,13,0,13
"12152",2015,"AV06",3,"TSME",0,0,0,0,0,0
"12153",2015,"AV06",4,"ABAM",1,0,0,0,0,0
"12154",2015,"AV06",4,"ABGR",0,0,0,0,0,0
"12155",2015,"AV06",4,"ABLA",0,0,0,0,0,0
"12156",2015,"AV06",4,"ABPR",0,0,0,0,0,0
"12157",2015,"AV06",4,"ACGL",0,0,0,0,0,0
"12158",2015,"AV06",4,"ALRU",0,0,0,0,0,0
"12159",2015,"AV06",4,"CANO",0,0,0,0,0,0
"12160",2015,"AV06",4,"PICO",0,0,0,0,0,0
"12161",2015,"AV06",4,"PIEN",0,0,0,0,0,0
"12162",2015,"AV06",4,"PIMO",0,0,0,0,0,0
"12163",2015,"AV06",4,"PISI",0,0,0,0,0,0
"12164",2015,"AV06",4,"PSME",1,0,0,0,0,0
"12165",2015,"AV06",4,"TABR",0,0,0,0,0,0
"12166",2015,"AV06",4,"THPL",0,1,0,0,0,0
"12167",2015,"AV06",4,"TSHE",22,2,6,0,0,0
"12168",2015,"AV06",4,"TSME",0,0,0,0,0,0
"12169",2015,"AV06",5,"ABAM",0,0,0,0,0,0
"12170",2015,"AV06",5,"ABGR",0,0,0,0,0,0
"12171",2015,"AV06",5,"ABLA",0,0,0,0,0,0
"12172",2015,"AV06",5,"ABPR",0,0,0,0,0,0
"12173",2015,"AV06",5,"ACGL",0,0,0,0,0,0
"12174",2015,"AV06",5,"ALRU",0,0,0,0,0,0
"12175",2015,"AV06",5,"CANO",0,0,0,0,0,0
"12176",2015,"AV06",5,"PICO",0,0,0,0,0,0
"12177",2015,"AV06",5,"PIEN",0,0,0,0,0,0
"12178",2015,"AV06",5,"PIMO",0,0,0,0,0,0
"12179",2015,"AV06",5,"PISI",0,0,0,0,0,0
"12180",2015,"AV06",5,"PSME",1,4,0,0,0,0
"12181",2015,"AV06",5,"TABR",0,0,0,0,0,0
"12182",2015,"AV06",5,"THPL",1,0,0,0,0,0
"12183",2015,"AV06",5,"TSHE",9,6,0,0,0,0
"12184",2015,"AV06",5,"TSME",0,0,0,0,0,0
"12185",2015,"AV06",6,"ABAM",0,0,0,0,0,0
"12186",2015,"AV06",6,"ABGR",0,0,0,0,0,0
"12187",2015,"AV06",6,"ABLA",0,0,0,0,0,0
"12188",2015,"AV06",6,"ABPR",0,0,0,0,0,0
"12189",2015,"AV06",6,"ACGL",0,0,0,0,0,0
"12190",2015,"AV06",6,"ALRU",0,0,0,0,0,0
"12191",2015,"AV06",6,"CANO",0,0,0,0,0,0
"12192",2015,"AV06",6,"PICO",0,0,0,0,0,0
"12193",2015,"AV06",6,"PIEN",0,0,0,0,0,0
"12194",2015,"AV06",6,"PIMO",0,0,0,0,0,0
"12195",2015,"AV06",6,"PISI",0,0,0,0,0,0
"12196",2015,"AV06",6,"PSME",0,0,0,0,0,0
"12197",2015,"AV06",6,"TABR",0,0,0,0,0,0
"12198",2015,"AV06",6,"THPL",0,1,0,0,0,0
"12199",2015,"AV06",6,"TSHE",7,1,0,0,0,0
"12200",2015,"AV06",6,"TSME",0,0,0,0,0,0
"12201",2015,"AV14",1,"ABAM",0,0,0,0,0,0
"12202",2015,"AV14",1,"ABGR",0,0,0,0,0,0
"12203",2015,"AV14",1,"ABLA",0,0,0,0,0,0
"12204",2015,"AV14",1,"ABPR",0,0,0,0,0,0
"12205",2015,"AV14",1,"ACGL",0,0,0,0,0,0
"12206",2015,"AV14",1,"ALRU",0,0,0,0,0,0
"12207",2015,"AV14",1,"CANO",0,0,0,0,0,0
"12208",2015,"AV14",1,"PICO",0,0,0,0,0,0
"12209",2015,"AV14",1,"PIEN",0,0,0,0,0,0
"12210",2015,"AV14",1,"PIMO",0,0,0,0,0,0
"12211",2015,"AV14",1,"PISI",0,0,0,0,0,0
"12212",2015,"AV14",1,"PSME",0,0,0,0,0,0
"12213",2015,"AV14",1,"TABR",0,0,0,0,0,0
"12214",2015,"AV14",1,"THPL",0,1,0,0,0,0
"12215",2015,"AV14",1,"TSHE",26,49,8,2,11,13
"12216",2015,"AV14",1,"TSME",0,0,0,0,0,0
"12217",2015,"AV14",2,"ABAM",2,0,0,0,0,0
"12218",2015,"AV14",2,"ABGR",0,0,0,0,0,0
"12219",2015,"AV14",2,"ABLA",0,0,0,0,0,0
"12220",2015,"AV14",2,"ABPR",0,0,0,0,0,0
"12221",2015,"AV14",2,"ACGL",0,0,0,0,0,0
"12222",2015,"AV14",2,"ALRU",2,0,0,0,0,0
"12223",2015,"AV14",2,"CANO",0,0,0,0,0,0
"12224",2015,"AV14",2,"PICO",0,0,0,0,0,0
"12225",2015,"AV14",2,"PIEN",0,0,0,0,0,0
"12226",2015,"AV14",2,"PIMO",0,0,0,0,0,0
"12227",2015,"AV14",2,"PISI",0,0,0,0,0,0
"12228",2015,"AV14",2,"PSME",0,0,0,0,0,0
"12229",2015,"AV14",2,"TABR",0,0,0,0,0,0
"12230",2015,"AV14",2,"THPL",0,0,0,0,0,0
"12231",2015,"AV14",2,"TSHE",58,6,11,3,2,5
"12232",2015,"AV14",2,"TSME",0,0,0,0,0,0
"12233",2015,"AV14",3,"ABAM",1,0,0,0,0,0
"12234",2015,"AV14",3,"ABGR",0,0,0,0,0,0
"12235",2015,"AV14",3,"ABLA",0,0,0,0,0,0
"12236",2015,"AV14",3,"ABPR",0,0,0,0,0,0
"12237",2015,"AV14",3,"ACGL",0,0,0,0,0,0
"12238",2015,"AV14",3,"ALRU",0,0,0,0,0,0
"12239",2015,"AV14",3,"CANO",0,0,0,0,0,0
"12240",2015,"AV14",3,"PICO",0,0,0,0,0,0
"12241",2015,"AV14",3,"PIEN",0,0,0,0,0,0
"12242",2015,"AV14",3,"PIMO",0,0,0,0,0,0
"12243",2015,"AV14",3,"PISI",0,0,0,0,0,0
"12244",2015,"AV14",3,"PSME",0,0,0,0,0,0
"12245",2015,"AV14",3,"TABR",0,0,0,0,0,0
"12246",2015,"AV14",3,"THPL",0,0,0,0,0,0
"12247",2015,"AV14",3,"TSHE",24,64,32,4,59,63
"12248",2015,"AV14",3,"TSME",0,0,0,0,0,0
"12249",2015,"AV14",4,"ABAM",0,0,0,0,0,0
"12250",2015,"AV14",4,"ABGR",0,0,0,0,0,0
"12251",2015,"AV14",4,"ABLA",0,0,0,0,0,0
"12252",2015,"AV14",4,"ABPR",0,0,0,0,0,0
"12253",2015,"AV14",4,"ACGL",0,0,0,0,0,0
"12254",2015,"AV14",4,"ALRU",0,0,0,0,0,0
"12255",2015,"AV14",4,"CANO",0,0,0,0,0,0
"12256",2015,"AV14",4,"PICO",0,0,0,0,0,0
"12257",2015,"AV14",4,"PIEN",0,0,0,0,0,0
"12258",2015,"AV14",4,"PIMO",0,0,0,0,0,0
"12259",2015,"AV14",4,"PISI",0,0,0,0,0,0
"12260",2015,"AV14",4,"PSME",0,0,0,0,0,0
"12261",2015,"AV14",4,"TABR",0,0,0,0,0,0
"12262",2015,"AV14",4,"THPL",0,0,0,0,0,0
"12263",2015,"AV14",4,"TSHE",57,8,20,23,0,23
"12264",2015,"AV14",4,"TSME",0,0,0,0,0,0
"12265",2015,"AV14",5,"ABAM",0,1,0,0,0,0
"12266",2015,"AV14",5,"ABGR",0,0,0,0,0,0
"12267",2015,"AV14",5,"ABLA",0,0,0,0,0,0
"12268",2015,"AV14",5,"ABPR",0,0,0,0,0,0
"12269",2015,"AV14",5,"ACGL",0,0,0,0,0,0
"12270",2015,"AV14",5,"ALRU",0,0,0,0,0,0
"12271",2015,"AV14",5,"CANO",1,0,0,0,0,0
"12272",2015,"AV14",5,"PICO",0,0,0,0,0,0
"12273",2015,"AV14",5,"PIEN",0,0,0,0,0,0
"12274",2015,"AV14",5,"PIMO",0,0,0,0,0,0
"12275",2015,"AV14",5,"PISI",0,0,0,0,0,0
"12276",2015,"AV14",5,"PSME",1,0,0,0,0,0
"12277",2015,"AV14",5,"TABR",0,0,0,0,0,0
"12278",2015,"AV14",5,"THPL",5,0,0,0,0,0
"12279",2015,"AV14",5,"TSHE",49,14,17,5,5,10
"12280",2015,"AV14",5,"TSME",0,0,0,0,0,0
"12281",2015,"AV14",6,"ABAM",0,0,0,0,0,0
"12282",2015,"AV14",6,"ABGR",0,0,0,0,0,0
"12283",2015,"AV14",6,"ABLA",0,0,0,0,0,0
"12284",2015,"AV14",6,"ABPR",0,0,0,0,0,0
"12285",2015,"AV14",6,"ACGL",0,0,0,0,0,0
"12286",2015,"AV14",6,"ALRU",0,0,0,0,0,0
"12287",2015,"AV14",6,"CANO",0,0,0,0,0,0
"12288",2015,"AV14",6,"PICO",0,0,0,0,0,0
"12289",2015,"AV14",6,"PIEN",0,0,0,0,0,0
"12290",2015,"AV14",6,"PIMO",0,0,0,0,0,0
"12291",2015,"AV14",6,"PISI",0,0,0,0,0,0
"12292",2015,"AV14",6,"PSME",0,0,0,0,0,0
"12293",2015,"AV14",6,"TABR",0,0,0,0,0,0
"12294",2015,"AV14",6,"THPL",0,0,0,0,0,0
"12295",2015,"AV14",6,"TSHE",51,10,19,3,0,3
"12296",2015,"AV14",6,"TSME",0,0,0,0,0,0
"12297",2015,"AX15",1,"ABAM",0,0,0,0,0,0
"12298",2015,"AX15",1,"ABGR",0,0,0,0,0,0
"12299",2015,"AX15",1,"ABLA",0,0,0,0,0,0
"12300",2015,"AX15",1,"ABPR",0,0,0,0,0,0
"12301",2015,"AX15",1,"ACGL",0,0,0,0,0,0
"12302",2015,"AX15",1,"ALRU",0,0,0,0,0,0
"12303",2015,"AX15",1,"CANO",0,0,0,0,0,0
"12304",2015,"AX15",1,"PICO",0,0,0,0,0,0
"12305",2015,"AX15",1,"PIEN",0,0,0,0,0,0
"12306",2015,"AX15",1,"PIMO",0,0,0,0,0,0
"12307",2015,"AX15",1,"PISI",0,0,0,0,0,0
"12308",2015,"AX15",1,"PSME",0,0,0,0,0,0
"12309",2015,"AX15",1,"TABR",0,0,0,0,0,0
"12310",2015,"AX15",1,"THPL",0,4,12,10,76,86
"12311",2015,"AX15",1,"TSHE",25,52,0,0,0,0
"12312",2015,"AX15",1,"TSME",0,0,0,0,0,0
"12313",2015,"AX15",2,"ABAM",0,0,0,0,0,0
"12314",2015,"AX15",2,"ABGR",0,0,0,0,0,0
"12315",2015,"AX15",2,"ABLA",0,0,0,0,0,0
"12316",2015,"AX15",2,"ABPR",0,0,0,0,0,0
"12317",2015,"AX15",2,"ACGL",0,0,0,0,0,0
"12318",2015,"AX15",2,"ALRU",0,0,0,0,0,0
"12319",2015,"AX15",2,"CANO",0,0,0,0,0,0
"12320",2015,"AX15",2,"PICO",0,0,0,0,0,0
"12321",2015,"AX15",2,"PIEN",0,0,0,0,0,0
"12322",2015,"AX15",2,"PIMO",0,0,0,0,0,0
"12323",2015,"AX15",2,"PISI",0,0,0,0,0,0
"12324",2015,"AX15",2,"PSME",2,0,0,0,0,0
"12325",2015,"AX15",2,"TABR",0,0,0,0,0,0
"12326",2015,"AX15",2,"THPL",1,1,0,0,5,5
"12327",2015,"AX15",2,"TSHE",47,20,0,0,0,0
"12328",2015,"AX15",2,"TSME",0,0,0,0,0,0
"12329",2015,"AX15",3,"ABAM",0,0,0,0,0,0
"12330",2015,"AX15",3,"ABGR",0,0,0,0,0,0
"12331",2015,"AX15",3,"ABLA",0,0,0,0,0,0
"12332",2015,"AX15",3,"ABPR",0,0,0,0,0,0
"12333",2015,"AX15",3,"ACGL",0,0,0,0,0,0
"12334",2015,"AX15",3,"ALRU",0,0,0,0,0,0
"12335",2015,"AX15",3,"CANO",0,0,0,0,0,0
"12336",2015,"AX15",3,"PICO",0,0,0,0,0,0
"12337",2015,"AX15",3,"PIEN",0,0,0,0,0,0
"12338",2015,"AX15",3,"PIMO",0,0,0,0,0,0
"12339",2015,"AX15",3,"PISI",0,0,0,0,0,0
"12340",2015,"AX15",3,"PSME",1,0,0,0,0,0
"12341",2015,"AX15",3,"TABR",0,0,0,0,0,0
"12342",2015,"AX15",3,"THPL",1,0,0,0,0,0
"12343",2015,"AX15",3,"TSHE",56,18,1,0,0,0
"12344",2015,"AX15",3,"TSME",0,0,0,0,0,0
"12345",2015,"AX15",4,"ABAM",1,0,0,0,0,0
"12346",2015,"AX15",4,"ABGR",0,0,0,0,0,0
"12347",2015,"AX15",4,"ABLA",0,0,0,0,0,0
"12348",2015,"AX15",4,"ABPR",0,0,0,0,0,0
"12349",2015,"AX15",4,"ACGL",0,0,0,0,0,0
"12350",2015,"AX15",4,"ALRU",0,0,0,0,0,0
"12351",2015,"AX15",4,"CANO",0,0,0,0,0,0
"12352",2015,"AX15",4,"PICO",0,0,0,0,0,0
"12353",2015,"AX15",4,"PIEN",0,0,0,0,0,0
"12354",2015,"AX15",4,"PIMO",0,0,0,0,0,0
"12355",2015,"AX15",4,"PISI",0,0,0,0,0,0
"12356",2015,"AX15",4,"PSME",0,0,0,0,0,0
"12357",2015,"AX15",4,"TABR",0,0,0,0,0,0
"12358",2015,"AX15",4,"THPL",4,2,0,0,0,0
"12359",2015,"AX15",4,"TSHE",29,37,3,0,0,0
"12360",2015,"AX15",4,"TSME",0,0,0,0,0,0
"12361",2015,"AX15",5,"ABAM",0,0,0,0,0,0
"12362",2015,"AX15",5,"ABGR",0,0,0,0,0,0
"12363",2015,"AX15",5,"ABLA",0,0,0,0,0,0
"12364",2015,"AX15",5,"ABPR",0,0,0,0,0,0
"12365",2015,"AX15",5,"ACGL",0,0,0,0,0,0
"12366",2015,"AX15",5,"ALRU",0,0,0,0,0,0
"12367",2015,"AX15",5,"CANO",0,0,0,0,0,0
"12368",2015,"AX15",5,"PICO",0,0,0,0,0,0
"12369",2015,"AX15",5,"PIEN",0,0,0,0,0,0
"12370",2015,"AX15",5,"PIMO",0,0,0,0,0,0
"12371",2015,"AX15",5,"PISI",0,0,0,0,0,0
"12372",2015,"AX15",5,"PSME",0,0,0,0,0,0
"12373",2015,"AX15",5,"TABR",0,0,0,0,0,0
"12374",2015,"AX15",5,"THPL",1,0,0,0,0,0
"12375",2015,"AX15",5,"TSHE",12,12,3,0,0,0
"12376",2015,"AX15",5,"TSME",0,0,0,0,0,0
"12377",2015,"AX15",6,"ABAM",0,0,0,0,0,0
"12378",2015,"AX15",6,"ABGR",0,0,0,0,0,0
"12379",2015,"AX15",6,"ABLA",0,0,0,0,0,0
"12380",2015,"AX15",6,"ABPR",0,0,0,0,0,0
"12381",2015,"AX15",6,"ACGL",0,0,0,0,0,0
"12382",2015,"AX15",6,"ALRU",0,0,0,0,0,0
"12383",2015,"AX15",6,"CANO",0,0,0,0,0,0
"12384",2015,"AX15",6,"PICO",0,0,0,0,0,0
"12385",2015,"AX15",6,"PIEN",0,0,0,0,0,0
"12386",2015,"AX15",6,"PIMO",0,0,0,0,0,0
"12387",2015,"AX15",6,"PISI",0,0,0,0,0,0
"12388",2015,"AX15",6,"PSME",0,0,0,0,0,0
"12389",2015,"AX15",6,"TABR",0,0,0,0,0,0
"12390",2015,"AX15",6,"THPL",1,0,0,0,0,0
"12391",2015,"AX15",6,"TSHE",39,14,9,6,1,7
"12392",2015,"AX15",6,"TSME",0,0,0,0,0,0
"12393",2015,"PARA",1,"ABAM",3,3,0,0,0,0
"12394",2015,"PARA",1,"ABGR",0,0,0,0,0,0
"12395",2015,"PARA",1,"ABLA",0,0,0,0,0,0
"12396",2015,"PARA",1,"ABPR",0,0,0,0,0,0
"12397",2015,"PARA",1,"ACGL",0,0,0,0,0,0
"12398",2015,"PARA",1,"ALRU",0,0,0,0,0,0
"12399",2015,"PARA",1,"CANO",1,0,0,0,0,0
"12400",2015,"PARA",1,"PICO",0,0,0,0,0,0
"12401",2015,"PARA",1,"PIEN",0,0,0,0,0,0
"12402",2015,"PARA",1,"PIMO",0,0,0,0,0,0
"12403",2015,"PARA",1,"PISI",0,0,0,0,0,0
"12404",2015,"PARA",1,"PSME",0,0,0,0,0,0
"12405",2015,"PARA",1,"TABR",0,0,0,0,0,0
"12406",2015,"PARA",1,"THPL",0,0,0,0,0,0
"12407",2015,"PARA",1,"TSHE",0,0,0,0,0,0
"12408",2015,"PARA",1,"TSME",2,0,0,0,0,0
"12409",2015,"PARA",2,"ABAM",2,0,0,0,0,0
"12410",2015,"PARA",2,"ABGR",0,0,0,0,0,0
"12411",2015,"PARA",2,"ABLA",3,3,0,0,0,0
"12412",2015,"PARA",2,"ABPR",0,0,0,0,0,0
"12413",2015,"PARA",2,"ACGL",0,0,0,0,0,0
"12414",2015,"PARA",2,"ALRU",0,0,0,0,0,0
"12415",2015,"PARA",2,"CANO",0,0,0,0,0,0
"12416",2015,"PARA",2,"PICO",0,0,0,0,0,0
"12417",2015,"PARA",2,"PIEN",0,0,0,0,0,0
"12418",2015,"PARA",2,"PIMO",0,0,0,0,0,0
"12419",2015,"PARA",2,"PISI",0,0,0,0,0,0
"12420",2015,"PARA",2,"PSME",0,0,0,0,0,0
"12421",2015,"PARA",2,"TABR",0,0,0,0,0,0
"12422",2015,"PARA",2,"THPL",0,0,0,0,0,0
"12423",2015,"PARA",2,"TSHE",0,0,0,0,0,0
"12424",2015,"PARA",2,"TSME",2,2,0,0,0,0
"12425",2015,"PARA",3,"ABAM",3,0,0,0,0,0
"12426",2015,"PARA",3,"ABGR",0,0,0,0,0,0
"12427",2015,"PARA",3,"ABLA",3,0,0,0,0,0
"12428",2015,"PARA",3,"ABPR",0,0,0,0,0,0
"12429",2015,"PARA",3,"ACGL",0,0,0,0,0,0
"12430",2015,"PARA",3,"ALRU",0,0,0,0,0,0
"12431",2015,"PARA",3,"CANO",0,0,0,0,0,0
"12432",2015,"PARA",3,"PICO",0,0,0,0,0,0
"12433",2015,"PARA",3,"PIEN",0,0,0,0,0,0
"12434",2015,"PARA",3,"PIMO",0,0,0,0,0,0
"12435",2015,"PARA",3,"PISI",0,0,0,0,0,0
"12436",2015,"PARA",3,"PSME",0,0,0,0,0,0
"12437",2015,"PARA",3,"TABR",0,0,0,0,0,0
"12438",2015,"PARA",3,"THPL",0,0,0,0,0,0
"12439",2015,"PARA",3,"TSHE",0,0,0,0,0,0
"12440",2015,"PARA",3,"TSME",14,5,1,0,0,0
"12441",2015,"PARA",4,"ABAM",1,0,0,0,0,0
"12442",2015,"PARA",4,"ABGR",0,0,0,0,0,0
"12443",2015,"PARA",4,"ABLA",0,0,0,0,0,0
"12444",2015,"PARA",4,"ABPR",0,0,0,0,0,0
"12445",2015,"PARA",4,"ACGL",0,0,0,0,0,0
"12446",2015,"PARA",4,"ALRU",0,0,0,0,0,0
"12447",2015,"PARA",4,"CANO",0,1,0,0,0,0
"12448",2015,"PARA",4,"PICO",0,0,0,0,0,0
"12449",2015,"PARA",4,"PIEN",0,0,0,0,0,0
"12450",2015,"PARA",4,"PIMO",0,0,0,0,0,0
"12451",2015,"PARA",4,"PISI",0,0,0,0,0,0
"12452",2015,"PARA",4,"PSME",0,0,0,0,0,0
"12453",2015,"PARA",4,"TABR",0,0,0,0,0,0
"12454",2015,"PARA",4,"THPL",0,0,0,0,0,0
"12455",2015,"PARA",4,"TSHE",0,0,0,0,0,0
"12456",2015,"PARA",4,"TSME",12,9,0,0,0,0
"12457",2015,"PARA",5,"ABAM",0,0,0,0,0,0
"12458",2015,"PARA",5,"ABGR",0,0,0,0,0,0
"12459",2015,"PARA",5,"ABLA",0,0,0,0,0,0
"12460",2015,"PARA",5,"ABPR",0,0,0,0,0,0
"12461",2015,"PARA",5,"ACGL",0,0,0,0,0,0
"12462",2015,"PARA",5,"ALRU",0,0,0,0,0,0
"12463",2015,"PARA",5,"CANO",0,0,0,0,0,0
"12464",2015,"PARA",5,"PICO",0,0,0,0,0,0
"12465",2015,"PARA",5,"PIEN",0,0,0,0,0,0
"12466",2015,"PARA",5,"PIMO",0,0,0,0,0,0
"12467",2015,"PARA",5,"PISI",0,0,0,0,0,0
"12468",2015,"PARA",5,"PSME",0,0,0,0,0,0
"12469",2015,"PARA",5,"TABR",0,0,0,0,0,0
"12470",2015,"PARA",5,"THPL",0,0,0,0,0,0
"12471",2015,"PARA",5,"TSHE",0,0,0,0,0,0
"12472",2015,"PARA",5,"TSME",3,5,1,5,5,10
"12473",2015,"PARA",6,"ABAM",0,0,0,0,0,0
"12474",2015,"PARA",6,"ABGR",0,0,0,0,0,0
"12475",2015,"PARA",6,"ABLA",0,0,0,0,0,0
"12476",2015,"PARA",6,"ABPR",0,0,0,0,0,0
"12477",2015,"PARA",6,"ACGL",0,0,0,0,0,0
"12478",2015,"PARA",6,"ALRU",0,0,0,0,0,0
"12479",2015,"PARA",6,"CANO",1,0,0,0,0,0
"12480",2015,"PARA",6,"PICO",0,0,0,0,0,0
"12481",2015,"PARA",6,"PIEN",0,0,0,0,0,0
"12482",2015,"PARA",6,"PIMO",0,0,0,0,0,0
"12483",2015,"PARA",6,"PISI",0,0,0,0,0,0
"12484",2015,"PARA",6,"PSME",0,0,0,0,0,0
"12485",2015,"PARA",6,"TABR",0,0,0,0,0,0
"12486",2015,"PARA",6,"THPL",0,0,0,0,0,0
"12487",2015,"PARA",6,"TSHE",0,0,0,0,0,0
"12488",2015,"PARA",6,"TSME",8,2,2,0,0,0
"12489",2015,"PP17",1,"ABAM",0,0,0,0,0,0
"12490",2015,"PP17",1,"ABGR",0,0,0,0,0,0
"12491",2015,"PP17",1,"ABLA",0,0,0,0,0,0
"12492",2015,"PP17",1,"ABPR",0,0,0,0,0,0
"12493",2015,"PP17",1,"ACGL",0,0,0,0,0,0
"12494",2015,"PP17",1,"ALRU",28,6,0,0,0,0
"12495",2015,"PP17",1,"CANO",0,0,0,0,0,0
"12496",2015,"PP17",1,"PICO",1,0,1,0,0,0
"12497",2015,"PP17",1,"PIEN",0,0,0,0,0,0
"12498",2015,"PP17",1,"PIMO",0,0,0,0,0,0
"12499",2015,"PP17",1,"PISI",0,0,0,0,0,0
"12500",2015,"PP17",1,"PSME",9,8,0,0,0,0
"12501",2015,"PP17",1,"TABR",0,0,0,0,0,0
"12502",2015,"PP17",1,"THPL",0,0,0,0,0,0
"12503",2015,"PP17",1,"TSHE",1,0,0,0,0,0
"12504",2015,"PP17",1,"TSME",0,0,0,0,0,0
"12505",2015,"PP17",2,"ABAM",0,0,0,0,0,0
"12506",2015,"PP17",2,"ABGR",0,0,0,0,0,0
"12507",2015,"PP17",2,"ABLA",0,0,0,0,0,0
"12508",2015,"PP17",2,"ABPR",0,0,0,0,0,0
"12509",2015,"PP17",2,"ACGL",0,0,0,0,0,0
"12510",2015,"PP17",2,"ALRU",16,4,0,0,0,0
"12511",2015,"PP17",2,"CANO",0,0,0,0,0,0
"12512",2015,"PP17",2,"PICO",5,5,1,0,0,0
"12513",2015,"PP17",2,"PIEN",0,0,0,0,0,0
"12514",2015,"PP17",2,"PIMO",0,0,0,0,0,0
"12515",2015,"PP17",2,"PISI",0,0,0,0,0,0
"12516",2015,"PP17",2,"PSME",2,2,0,0,0,0
"12517",2015,"PP17",2,"TABR",0,0,0,0,0,0
"12518",2015,"PP17",2,"THPL",0,0,0,0,0,0
"12519",2015,"PP17",2,"TSHE",0,0,0,0,0,0
"12520",2015,"PP17",2,"TSME",0,0,0,0,0,0
"12521",2015,"PP17",3,"ABAM",0,0,0,0,0,0
"12522",2015,"PP17",3,"ABGR",0,0,0,0,0,0
"12523",2015,"PP17",3,"ABLA",0,0,0,0,0,0
"12524",2015,"PP17",3,"ABPR",0,0,0,0,0,0
"12525",2015,"PP17",3,"ACGL",0,0,0,0,0,0
"12526",2015,"PP17",3,"ALRU",13,0,0,0,0,0
"12527",2015,"PP17",3,"CANO",0,0,0,0,0,0
"12528",2015,"PP17",3,"PICO",0,1,0,0,0,0
"12529",2015,"PP17",3,"PIEN",0,0,0,0,0,0
"12530",2015,"PP17",3,"PIMO",0,0,0,0,0,0
"12531",2015,"PP17",3,"PISI",0,0,0,0,0,0
"12532",2015,"PP17",3,"PSME",0,0,0,0,0,0
"12533",2015,"PP17",3,"TABR",0,0,0,0,0,0
"12534",2015,"PP17",3,"THPL",0,0,0,0,0,0
"12535",2015,"PP17",3,"TSHE",0,0,0,0,0,0
"12536",2015,"PP17",3,"TSME",0,0,0,0,0,0
"12537",2015,"PP17",4,"ABAM",0,0,0,0,0,0
"12538",2015,"PP17",4,"ABGR",0,0,0,0,0,0
"12539",2015,"PP17",4,"ABLA",0,0,0,0,0,0
"12540",2015,"PP17",4,"ABPR",0,0,0,0,0,0
"12541",2015,"PP17",4,"ACGL",0,0,0,0,0,0
"12542",2015,"PP17",4,"ALRU",5,0,0,0,0,0
"12543",2015,"PP17",4,"CANO",0,0,0,0,0,0
"12544",2015,"PP17",4,"PICO",0,0,0,0,0,0
"12545",2015,"PP17",4,"PIEN",0,0,0,0,0,0
"12546",2015,"PP17",4,"PIMO",0,0,0,0,0,0
"12547",2015,"PP17",4,"PISI",0,0,0,0,0,0
"12548",2015,"PP17",4,"PSME",0,1,0,0,0,0
"12549",2015,"PP17",4,"TABR",0,0,0,0,0,0
"12550",2015,"PP17",4,"THPL",0,1,0,0,0,0
"12551",2015,"PP17",4,"TSHE",0,2,0,0,0,0
"12552",2015,"PP17",4,"TSME",0,3,0,0,0,0
"12553",2015,"PP17",5,"ABAM",0,0,0,0,0,0
"12554",2015,"PP17",5,"ABGR",0,0,0,0,0,0
"12555",2015,"PP17",5,"ABLA",0,0,0,0,0,0
"12556",2015,"PP17",5,"ABPR",0,0,0,0,0,0
"12557",2015,"PP17",5,"ACGL",0,0,0,0,0,0
"12558",2015,"PP17",5,"ALRU",1,1,0,0,0,0
"12559",2015,"PP17",5,"CANO",0,0,0,0,0,0
"12560",2015,"PP17",5,"PICO",0,0,0,0,0,0
"12561",2015,"PP17",5,"PIEN",0,0,0,0,0,0
"12562",2015,"PP17",5,"PIMO",0,0,0,0,0,0
"12563",2015,"PP17",5,"PISI",0,0,0,0,0,0
"12564",2015,"PP17",5,"PSME",3,14,0,0,0,0
"12565",2015,"PP17",5,"TABR",0,0,0,0,0,0
"12566",2015,"PP17",5,"THPL",0,0,0,0,0,0
"12567",2015,"PP17",5,"TSHE",0,2,0,0,0,0
"12568",2015,"PP17",5,"TSME",0,0,0,0,0,0
"12569",2015,"PP17",6,"ABAM",0,0,0,0,0,0
"12570",2015,"PP17",6,"ABGR",0,0,0,0,0,0
"12571",2015,"PP17",6,"ABLA",0,0,0,0,0,0
"12572",2015,"PP17",6,"ABPR",0,0,0,0,0,0
"12573",2015,"PP17",6,"ACGL",0,0,0,0,0,0
"12574",2015,"PP17",6,"ALRU",0,0,0,0,0,0
"12575",2015,"PP17",6,"CANO",0,0,0,0,0,0
"12576",2015,"PP17",6,"PICO",1,0,0,0,0,0
"12577",2015,"PP17",6,"PIEN",0,0,0,0,0,0
"12578",2015,"PP17",6,"PIMO",0,0,0,0,0,0
"12579",2015,"PP17",6,"PISI",0,0,0,0,0,0
"12580",2015,"PP17",6,"PSME",8,25,0,0,0,0
"12581",2015,"PP17",6,"TABR",0,0,0,0,0,0
"12582",2015,"PP17",6,"THPL",0,0,0,0,0,0
"12583",2015,"PP17",6,"TSHE",0,0,0,0,0,0
"12584",2015,"PP17",6,"TSME",0,0,0,0,0,0
"12585",2015,"SPRY",1,"ABAM",0,0,0,0,0,0
"12586",2015,"SPRY",1,"ABGR",0,0,0,0,0,0
"12587",2015,"SPRY",1,"ABLA",0,0,0,0,0,0
"12588",2015,"SPRY",1,"ABPR",0,0,0,0,0,0
"12589",2015,"SPRY",1,"ACGL",0,0,0,0,0,0
"12590",2015,"SPRY",1,"ALRU",1,0,0,0,0,0
"12591",2015,"SPRY",1,"CANO",1,0,0,0,0,0
"12592",2015,"SPRY",1,"PICO",0,0,0,0,0,0
"12593",2015,"SPRY",1,"PIEN",0,0,0,0,0,0
"12594",2015,"SPRY",1,"PIMO",0,0,0,0,0,0
"12595",2015,"SPRY",1,"PISI",0,0,0,0,0,0
"12596",2015,"SPRY",1,"PSME",0,0,0,0,0,0
"12597",2015,"SPRY",1,"TABR",0,0,0,0,0,0
"12598",2015,"SPRY",1,"THPL",0,0,0,0,0,0
"12599",2015,"SPRY",1,"TSHE",0,0,0,0,0,0
"12600",2015,"SPRY",1,"TSME",2,1,0,0,0,0
"12601",2015,"SPRY",2,"ABAM",1,0,0,0,0,0
"12602",2015,"SPRY",2,"ABGR",0,0,0,0,0,0
"12603",2015,"SPRY",2,"ABLA",2,0,0,0,0,0
"12604",2015,"SPRY",2,"ABPR",0,0,0,0,0,0
"12605",2015,"SPRY",2,"ACGL",0,0,0,0,0,0
"12606",2015,"SPRY",2,"ALRU",0,0,0,0,0,0
"12607",2015,"SPRY",2,"CANO",3,0,0,0,0,0
"12608",2015,"SPRY",2,"PICO",0,0,0,0,0,0
"12609",2015,"SPRY",2,"PIEN",0,0,0,0,0,0
"12610",2015,"SPRY",2,"PIMO",0,0,0,0,0,0
"12611",2015,"SPRY",2,"PISI",0,0,0,0,0,0
"12612",2015,"SPRY",2,"PSME",0,0,0,0,0,0
"12613",2015,"SPRY",2,"TABR",0,0,0,0,0,0
"12614",2015,"SPRY",2,"THPL",0,0,0,0,0,0
"12615",2015,"SPRY",2,"TSHE",0,0,0,0,0,0
"12616",2015,"SPRY",2,"TSME",5,1,0,0,0,0
"12617",2015,"SPRY",3,"ABAM",1,1,0,0,0,0
"12618",2015,"SPRY",3,"ABGR",0,0,0,0,0,0
"12619",2015,"SPRY",3,"ABLA",0,0,0,0,0,0
"12620",2015,"SPRY",3,"ABPR",0,0,0,0,0,0
"12621",2015,"SPRY",3,"ACGL",0,0,0,0,0,0
"12622",2015,"SPRY",3,"ALRU",0,0,0,0,0,0
"12623",2015,"SPRY",3,"CANO",8,0,1,0,0,0
"12624",2015,"SPRY",3,"PICO",0,0,0,0,0,0
"12625",2015,"SPRY",3,"PIEN",0,0,0,0,0,0
"12626",2015,"SPRY",3,"PIMO",0,0,0,0,0,0
"12627",2015,"SPRY",3,"PISI",0,0,0,0,0,0
"12628",2015,"SPRY",3,"PSME",0,0,0,0,0,0
"12629",2015,"SPRY",3,"TABR",0,0,0,0,0,0
"12630",2015,"SPRY",3,"THPL",0,0,0,0,0,0
"12631",2015,"SPRY",3,"TSHE",0,0,0,0,0,0
"12632",2015,"SPRY",3,"TSME",3,0,0,0,0,0
"12633",2015,"SPRY",4,"ABAM",1,2,0,0,0,0
"12634",2015,"SPRY",4,"ABGR",0,0,0,0,0,0
"12635",2015,"SPRY",4,"ABLA",0,0,0,0,0,0
"12636",2015,"SPRY",4,"ABPR",0,0,0,0,0,0
"12637",2015,"SPRY",4,"ACGL",0,0,0,0,0,0
"12638",2015,"SPRY",4,"ALRU",0,0,0,0,0,0
"12639",2015,"SPRY",4,"CANO",0,0,0,0,0,0
"12640",2015,"SPRY",4,"PICO",0,0,0,0,0,0
"12641",2015,"SPRY",4,"PIEN",0,0,0,0,0,0
"12642",2015,"SPRY",4,"PIMO",0,0,0,0,0,0
"12643",2015,"SPRY",4,"PISI",0,0,0,0,0,0
"12644",2015,"SPRY",4,"PSME",0,0,0,0,0,0
"12645",2015,"SPRY",4,"TABR",0,0,0,0,0,0
"12646",2015,"SPRY",4,"THPL",0,0,0,0,0,0
"12647",2015,"SPRY",4,"TSHE",0,0,0,0,0,0
"12648",2015,"SPRY",4,"TSME",2,2,0,0,0,0
"12649",2015,"SPRY",5,"ABAM",1,0,0,0,0,0
"12650",2015,"SPRY",5,"ABGR",0,0,0,0,0,0
"12651",2015,"SPRY",5,"ABLA",0,0,0,0,0,0
"12652",2015,"SPRY",5,"ABPR",0,0,0,0,0,0
"12653",2015,"SPRY",5,"ACGL",0,0,0,0,0,0
"12654",2015,"SPRY",5,"ALRU",1,0,0,0,0,0
"12655",2015,"SPRY",5,"CANO",0,0,0,0,0,0
"12656",2015,"SPRY",5,"PICO",0,0,0,0,0,0
"12657",2015,"SPRY",5,"PIEN",0,0,0,0,0,0
"12658",2015,"SPRY",5,"PIMO",0,0,0,0,0,0
"12659",2015,"SPRY",5,"PISI",0,0,0,0,0,0
"12660",2015,"SPRY",5,"PSME",0,0,0,0,0,0
"12661",2015,"SPRY",5,"TABR",0,0,0,0,0,0
"12662",2015,"SPRY",5,"THPL",0,0,0,0,0,0
"12663",2015,"SPRY",5,"TSHE",0,0,0,0,0,0
"12664",2015,"SPRY",5,"TSME",6,3,0,0,0,0
"12665",2015,"SPRY",6,"ABAM",1,0,0,0,0,0
"12666",2015,"SPRY",6,"ABGR",0,0,0,0,0,0
"12667",2015,"SPRY",6,"ABLA",1,0,0,0,0,0
"12668",2015,"SPRY",6,"ABPR",0,0,0,0,0,0
"12669",2015,"SPRY",6,"ACGL",0,0,0,0,0,0
"12670",2015,"SPRY",6,"ALRU",0,1,0,0,0,0
"12671",2015,"SPRY",6,"CANO",9,1,0,0,0,0
"12672",2015,"SPRY",6,"PICO",0,0,0,0,0,0
"12673",2015,"SPRY",6,"PIEN",0,0,0,0,0,0
"12674",2015,"SPRY",6,"PIMO",0,0,0,0,0,0
"12675",2015,"SPRY",6,"PISI",0,0,0,0,0,0
"12676",2015,"SPRY",6,"PSME",0,0,0,0,0,0
"12677",2015,"SPRY",6,"TABR",0,0,0,0,0,0
"12678",2015,"SPRY",6,"THPL",0,0,0,0,0,0
"12679",2015,"SPRY",6,"TSHE",0,0,0,0,0,0
"12680",2015,"SPRY",6,"TSME",2,3,0,0,0,0
"12681",2015,"SUNR",1,"ABAM",1,2,0,0,0,0
"12682",2015,"SUNR",1,"ABGR",0,0,0,0,0,0
"12683",2015,"SUNR",1,"ABLA",3,3,0,0,0,0
"12684",2015,"SUNR",1,"ABPR",0,0,0,0,0,0
"12685",2015,"SUNR",1,"ACGL",0,0,0,0,0,0
"12686",2015,"SUNR",1,"ALRU",0,0,0,0,0,0
"12687",2015,"SUNR",1,"CANO",3,0,0,0,0,0
"12688",2015,"SUNR",1,"PICO",0,0,0,0,0,0
"12689",2015,"SUNR",1,"PIEN",0,0,0,0,0,0
"12690",2015,"SUNR",1,"PIMO",0,0,0,0,0,0
"12691",2015,"SUNR",1,"PISI",0,0,0,0,0,0
"12692",2015,"SUNR",1,"PSME",0,0,0,0,0,0
"12693",2015,"SUNR",1,"TABR",0,0,0,0,0,0
"12694",2015,"SUNR",1,"THPL",0,0,0,0,0,0
"12695",2015,"SUNR",1,"TSHE",0,0,0,0,0,0
"12696",2015,"SUNR",1,"TSME",3,1,0,0,0,0
"12697",2015,"SUNR",2,"ABAM",4,6,0,0,0,0
"12698",2015,"SUNR",2,"ABGR",0,0,0,0,0,0
"12699",2015,"SUNR",2,"ABLA",2,2,0,0,0,0
"12700",2015,"SUNR",2,"ABPR",0,0,0,0,0,0
"12701",2015,"SUNR",2,"ACGL",0,0,0,0,0,0
"12702",2015,"SUNR",2,"ALRU",0,0,0,0,0,0
"12703",2015,"SUNR",2,"CANO",4,0,1,4,5,9
"12704",2015,"SUNR",2,"PICO",0,0,0,0,0,0
"12705",2015,"SUNR",2,"PIEN",0,0,0,0,0,0
"12706",2015,"SUNR",2,"PIMO",0,0,0,0,0,0
"12707",2015,"SUNR",2,"PISI",0,0,0,0,0,0
"12708",2015,"SUNR",2,"PSME",0,0,0,0,0,0
"12709",2015,"SUNR",2,"TABR",0,0,0,0,0,0
"12710",2015,"SUNR",2,"THPL",0,0,0,0,0,0
"12711",2015,"SUNR",2,"TSHE",0,0,0,0,0,0
"12712",2015,"SUNR",2,"TSME",6,5,0,0,0,0
"12713",2015,"SUNR",3,"ABAM",2,4,0,0,0,0
"12714",2015,"SUNR",3,"ABGR",0,0,0,0,0,0
"12715",2015,"SUNR",3,"ABLA",3,2,0,0,0,0
"12716",2015,"SUNR",3,"ABPR",0,0,0,0,0,0
"12717",2015,"SUNR",3,"ACGL",0,0,0,0,0,0
"12718",2015,"SUNR",3,"ALRU",0,0,0,0,0,0
"12719",2015,"SUNR",3,"CANO",5,2,2,0,0,0
"12720",2015,"SUNR",3,"PICO",0,0,0,0,0,0
"12721",2015,"SUNR",3,"PIEN",0,0,0,0,0,0
"12722",2015,"SUNR",3,"PIMO",0,0,0,0,0,0
"12723",2015,"SUNR",3,"PISI",0,0,0,0,0,0
"12724",2015,"SUNR",3,"PSME",0,0,0,0,0,0
"12725",2015,"SUNR",3,"TABR",0,0,0,0,0,0
"12726",2015,"SUNR",3,"THPL",0,0,0,0,0,0
"12727",2015,"SUNR",3,"TSHE",0,0,0,0,0,0
"12728",2015,"SUNR",3,"TSME",5,7,0,0,0,0
"12729",2015,"SUNR",4,"ABAM",4,1,0,0,0,0
"12730",2015,"SUNR",4,"ABGR",0,0,0,0,0,0
"12731",2015,"SUNR",4,"ABLA",3,2,0,0,0,0
"12732",2015,"SUNR",4,"ABPR",0,0,0,0,0,0
"12733",2015,"SUNR",4,"ACGL",0,0,0,0,0,0
"12734",2015,"SUNR",4,"ALRU",0,0,0,0,0,0
"12735",2015,"SUNR",4,"CANO",4,0,0,0,0,0
"12736",2015,"SUNR",4,"PICO",0,0,0,0,0,0
"12737",2015,"SUNR",4,"PIEN",0,0,0,0,0,0
"12738",2015,"SUNR",4,"PIMO",0,0,0,0,0,0
"12739",2015,"SUNR",4,"PISI",0,0,0,0,0,0
"12740",2015,"SUNR",4,"PSME",0,0,0,0,0,0
"12741",2015,"SUNR",4,"TABR",0,0,0,0,0,0
"12742",2015,"SUNR",4,"THPL",0,0,0,0,0,0
"12743",2015,"SUNR",4,"TSHE",0,0,0,0,0,0
"12744",2015,"SUNR",4,"TSME",5,2,0,0,0,0
"12745",2015,"SUNR",5,"ABAM",2,6,0,0,0,0
"12746",2015,"SUNR",5,"ABGR",0,0,0,0,0,0
"12747",2015,"SUNR",5,"ABLA",4,4,0,0,0,0
"12748",2015,"SUNR",5,"ABPR",0,0,0,0,0,0
"12749",2015,"SUNR",5,"ACGL",0,0,0,0,0,0
"12750",2015,"SUNR",5,"ALRU",0,0,0,0,0,0
"12751",2015,"SUNR",5,"CANO",4,4,0,0,0,0
"12752",2015,"SUNR",5,"PICO",0,0,0,0,0,0
"12753",2015,"SUNR",5,"PIEN",0,0,0,0,0,0
"12754",2015,"SUNR",5,"PIMO",0,0,0,0,0,0
"12755",2015,"SUNR",5,"PISI",0,0,0,0,0,0
"12756",2015,"SUNR",5,"PSME",0,0,0,0,0,0
"12757",2015,"SUNR",5,"TABR",0,0,0,0,0,0
"12758",2015,"SUNR",5,"THPL",0,0,0,0,0,0
"12759",2015,"SUNR",5,"TSHE",0,0,0,0,0,0
"12760",2015,"SUNR",5,"TSME",2,3,1,0,5,5
"12761",2015,"SUNR",6,"ABAM",4,6,0,0,0,0
"12762",2015,"SUNR",6,"ABGR",0,0,0,0,0,0
"12763",2015,"SUNR",6,"ABLA",3,3,0,0,0,0
"12764",2015,"SUNR",6,"ABPR",0,0,0,0,0,0
"12765",2015,"SUNR",6,"ACGL",0,0,0,0,0,0
"12766",2015,"SUNR",6,"ALRU",0,0,0,0,0,0
"12767",2015,"SUNR",6,"CANO",4,1,0,0,0,0
"12768",2015,"SUNR",6,"PICO",0,0,0,0,0,0
"12769",2015,"SUNR",6,"PIEN",0,0,0,0,0,0
"12770",2015,"SUNR",6,"PIMO",0,0,0,0,0,0
"12771",2015,"SUNR",6,"PISI",0,0,0,0,0,0
"12772",2015,"SUNR",6,"PSME",0,0,0,0,0,0
"12773",2015,"SUNR",6,"TABR",0,0,0,0,0,0
"12774",2015,"SUNR",6,"THPL",0,0,0,0,0,0
"12775",2015,"SUNR",6,"TSHE",0,0,0,0,0,0
"12776",2015,"SUNR",6,"TSME",4,6,0,0,0,0
"12777",2015,"TA01",1,"ABAM",0,0,0,0,0,0
"12778",2015,"TA01",1,"ABGR",0,0,0,0,0,0
"12779",2015,"TA01",1,"ABLA",0,0,0,0,0,0
"12780",2015,"TA01",1,"ABPR",0,0,0,0,0,0
"12781",2015,"TA01",1,"ACGL",0,0,0,0,0,0
"12782",2015,"TA01",1,"ALRU",0,0,0,0,0,0
"12783",2015,"TA01",1,"CANO",0,0,0,0,0,0
"12784",2015,"TA01",1,"PICO",0,0,0,0,0,0
"12785",2015,"TA01",1,"PIEN",0,0,0,0,0,0
"12786",2015,"TA01",1,"PIMO",0,0,0,0,0,0
"12787",2015,"TA01",1,"PISI",0,0,0,0,0,0
"12788",2015,"TA01",1,"PSME",9,4,0,0,0,0
"12789",2015,"TA01",1,"TABR",0,0,0,0,0,0
"12790",2015,"TA01",1,"THPL",0,0,0,0,0,0
"12791",2015,"TA01",1,"TSHE",5,1,0,0,0,0
"12792",2015,"TA01",1,"TSME",0,0,0,0,0,0
"12793",2015,"TA01",2,"ABAM",0,0,0,0,0,0
"12794",2015,"TA01",2,"ABGR",0,0,0,0,0,0
"12795",2015,"TA01",2,"ABLA",0,0,0,0,0,0
"12796",2015,"TA01",2,"ABPR",0,0,0,0,0,0
"12797",2015,"TA01",2,"ACGL",0,0,0,0,0,0
"12798",2015,"TA01",2,"ALRU",0,0,0,0,0,0
"12799",2015,"TA01",2,"CANO",0,0,0,0,0,0
"12800",2015,"TA01",2,"PICO",0,0,0,0,0,0
"12801",2015,"TA01",2,"PIEN",0,0,0,0,0,0
"12802",2015,"TA01",2,"PIMO",0,0,0,0,0,0
"12803",2015,"TA01",2,"PISI",0,0,0,0,0,0
"12804",2015,"TA01",2,"PSME",3,2,0,0,0,0
"12805",2015,"TA01",2,"TABR",0,0,0,0,0,0
"12806",2015,"TA01",2,"THPL",0,0,0,0,0,0
"12807",2015,"TA01",2,"TSHE",9,0,0,0,0,0
"12808",2015,"TA01",2,"TSME",0,0,0,0,0,0
"12809",2015,"TA01",3,"ABAM",0,0,0,0,0,0
"12810",2015,"TA01",3,"ABGR",0,0,0,0,0,0
"12811",2015,"TA01",3,"ABLA",0,0,0,0,0,0
"12812",2015,"TA01",3,"ABPR",0,0,0,0,0,0
"12813",2015,"TA01",3,"ACGL",0,0,0,0,0,0
"12814",2015,"TA01",3,"ALRU",0,0,0,0,0,0
"12815",2015,"TA01",3,"CANO",0,0,0,0,0,0
"12816",2015,"TA01",3,"PICO",0,0,0,0,0,0
"12817",2015,"TA01",3,"PIEN",0,0,0,0,0,0
"12818",2015,"TA01",3,"PIMO",0,0,0,0,0,0
"12819",2015,"TA01",3,"PISI",0,0,0,0,0,0
"12820",2015,"TA01",3,"PSME",16,5,0,0,0,0
"12821",2015,"TA01",3,"TABR",0,0,0,0,0,0
"12822",2015,"TA01",3,"THPL",0,0,0,0,0,0
"12823",2015,"TA01",3,"TSHE",2,0,0,0,0,0
"12824",2015,"TA01",3,"TSME",0,0,0,0,0,0
"12825",2015,"TA01",4,"ABAM",0,0,0,0,0,0
"12826",2015,"TA01",4,"ABGR",0,0,0,0,0,0
"12827",2015,"TA01",4,"ABLA",0,0,0,0,0,0
"12828",2015,"TA01",4,"ABPR",0,0,0,0,0,0
"12829",2015,"TA01",4,"ACGL",0,0,0,0,0,0
"12830",2015,"TA01",4,"ALRU",0,0,0,0,0,0
"12831",2015,"TA01",4,"CANO",0,0,0,0,0,0
"12832",2015,"TA01",4,"PICO",0,0,0,0,0,0
"12833",2015,"TA01",4,"PIEN",0,0,0,0,0,0
"12834",2015,"TA01",4,"PIMO",0,0,0,0,0,0
"12835",2015,"TA01",4,"PISI",0,0,0,0,0,0
"12836",2015,"TA01",4,"PSME",15,2,0,0,0,0
"12837",2015,"TA01",4,"TABR",0,0,0,0,0,0
"12838",2015,"TA01",4,"THPL",0,0,0,0,0,0
"12839",2015,"TA01",4,"TSHE",9,4,0,0,0,0
"12840",2015,"TA01",4,"TSME",0,0,0,0,0,0
"12841",2015,"TA01",5,"ABAM",0,0,0,0,0,0
"12842",2015,"TA01",5,"ABGR",0,0,0,0,0,0
"12843",2015,"TA01",5,"ABLA",0,0,0,0,0,0
"12844",2015,"TA01",5,"ABPR",0,0,0,0,0,0
"12845",2015,"TA01",5,"ACGL",0,0,0,0,0,0
"12846",2015,"TA01",5,"ALRU",0,0,0,0,0,0
"12847",2015,"TA01",5,"CANO",0,0,0,0,0,0
"12848",2015,"TA01",5,"PICO",0,0,0,0,0,0
"12849",2015,"TA01",5,"PIEN",0,0,0,0,0,0
"12850",2015,"TA01",5,"PIMO",0,0,0,0,0,0
"12851",2015,"TA01",5,"PISI",0,0,0,0,0,0
"12852",2015,"TA01",5,"PSME",8,4,0,0,0,0
"12853",2015,"TA01",5,"TABR",0,0,0,0,0,0
"12854",2015,"TA01",5,"THPL",0,1,0,0,0,0
"12855",2015,"TA01",5,"TSHE",8,7,0,0,0,0
"12856",2015,"TA01",5,"TSME",0,0,0,0,0,0
"12857",2015,"TA01",6,"ABAM",0,0,0,0,0,0
"12858",2015,"TA01",6,"ABGR",0,0,0,0,0,0
"12859",2015,"TA01",6,"ABLA",0,0,0,0,0,0
"12860",2015,"TA01",6,"ABPR",0,0,0,0,0,0
"12861",2015,"TA01",6,"ACGL",0,0,0,0,0,0
"12862",2015,"TA01",6,"ALRU",0,0,0,0,0,0
"12863",2015,"TA01",6,"CANO",0,0,0,0,0,0
"12864",2015,"TA01",6,"PICO",0,0,0,0,0,0
"12865",2015,"TA01",6,"PIEN",0,0,0,0,0,0
"12866",2015,"TA01",6,"PIMO",0,0,0,0,0,0
"12867",2015,"TA01",6,"PISI",0,0,0,0,0,0
"12868",2015,"TA01",6,"PSME",17,0,0,0,0,0
"12869",2015,"TA01",6,"TABR",0,0,0,0,0,0
"12870",2015,"TA01",6,"THPL",0,0,0,0,0,0
"12871",2015,"TA01",6,"TSHE",11,6,0,0,0,0
"12872",2015,"TA01",6,"TSME",0,0,0,0,0,0
"12873",2015,"TB13",1,"ABAM",0,0,0,0,0,0
"12874",2015,"TB13",1,"ABGR",0,0,0,0,0,0
"12875",2015,"TB13",1,"ABLA",0,0,0,0,0,0
"12876",2015,"TB13",1,"ABPR",0,0,0,0,0,0
"12877",2015,"TB13",1,"ACGL",0,0,0,0,0,0
"12878",2015,"TB13",1,"ALRU",0,0,0,0,0,0
"12879",2015,"TB13",1,"CANO",0,0,0,0,0,0
"12880",2015,"TB13",1,"PICO",0,0,0,0,0,0
"12881",2015,"TB13",1,"PIEN",0,0,0,0,0,0
"12882",2015,"TB13",1,"PIMO",0,0,0,0,0,0
"12883",2015,"TB13",1,"PISI",0,0,0,0,0,0
"12884",2015,"TB13",1,"PSME",5,4,0,0,0,0
"12885",2015,"TB13",1,"TABR",0,0,0,0,0,0
"12886",2015,"TB13",1,"THPL",2,7,0,0,0,0
"12887",2015,"TB13",1,"TSHE",54,38,2,0,0,0
"12888",2015,"TB13",1,"TSME",0,0,0,0,0,0
"12889",2015,"TB13",2,"ABAM",0,0,0,0,0,0
"12890",2015,"TB13",2,"ABGR",0,0,0,0,0,0
"12891",2015,"TB13",2,"ABLA",0,0,0,0,0,0
"12892",2015,"TB13",2,"ABPR",0,0,0,0,0,0
"12893",2015,"TB13",2,"ACGL",0,0,0,0,0,0
"12894",2015,"TB13",2,"ALRU",0,0,0,0,0,0
"12895",2015,"TB13",2,"CANO",0,0,0,0,0,0
"12896",2015,"TB13",2,"PICO",0,0,0,0,0,0
"12897",2015,"TB13",2,"PIEN",0,0,0,0,0,0
"12898",2015,"TB13",2,"PIMO",0,0,0,0,0,0
"12899",2015,"TB13",2,"PISI",0,0,0,0,0,0
"12900",2015,"TB13",2,"PSME",3,1,0,0,0,0
"12901",2015,"TB13",2,"TABR",0,0,0,0,0,0
"12902",2015,"TB13",2,"THPL",0,0,2,0,0,0
"12903",2015,"TB13",2,"TSHE",70,11,10,33,0,33
"12904",2015,"TB13",2,"TSME",0,0,0,0,0,0
"12905",2015,"TB13",3,"ABAM",0,0,0,0,0,0
"12906",2015,"TB13",3,"ABGR",0,0,0,0,0,0
"12907",2015,"TB13",3,"ABLA",0,0,0,0,0,0
"12908",2015,"TB13",3,"ABPR",0,0,0,0,0,0
"12909",2015,"TB13",3,"ACGL",0,0,0,0,0,0
"12910",2015,"TB13",3,"ALRU",0,0,0,0,0,0
"12911",2015,"TB13",3,"CANO",0,0,0,0,0,0
"12912",2015,"TB13",3,"PICO",0,0,0,0,0,0
"12913",2015,"TB13",3,"PIEN",0,0,0,0,0,0
"12914",2015,"TB13",3,"PIMO",0,0,0,0,0,0
"12915",2015,"TB13",3,"PISI",0,0,0,0,0,0
"12916",2015,"TB13",3,"PSME",1,0,0,0,0,0
"12917",2015,"TB13",3,"TABR",0,0,0,0,0,0
"12918",2015,"TB13",3,"THPL",8,4,6,10,3,13
"12919",2015,"TB13",3,"TSHE",48,3,1,3,0,3
"12920",2015,"TB13",3,"TSME",0,0,0,0,0,0
"12921",2015,"TB13",4,"ABAM",0,0,0,0,0,0
"12922",2015,"TB13",4,"ABGR",0,0,0,0,0,0
"12923",2015,"TB13",4,"ABLA",0,0,0,0,0,0
"12924",2015,"TB13",4,"ABPR",0,0,0,0,0,0
"12925",2015,"TB13",4,"ACGL",0,0,0,0,0,0
"12926",2015,"TB13",4,"ALRU",0,0,0,0,0,0
"12927",2015,"TB13",4,"CANO",0,0,0,0,0,0
"12928",2015,"TB13",4,"PICO",0,0,0,0,0,0
"12929",2015,"TB13",4,"PIEN",0,0,0,0,0,0
"12930",2015,"TB13",4,"PIMO",0,0,0,0,0,0
"12931",2015,"TB13",4,"PISI",0,0,0,0,0,0
"12932",2015,"TB13",4,"PSME",0,1,0,0,0,0
"12933",2015,"TB13",4,"TABR",0,0,0,0,0,0
"12934",2015,"TB13",4,"THPL",6,5,0,0,0,0
"12935",2015,"TB13",4,"TSHE",45,60,3,0,1,1
"12936",2015,"TB13",4,"TSME",0,0,0,0,0,0
"12937",2015,"TB13",5,"ABAM",0,0,0,0,0,0
"12938",2015,"TB13",5,"ABGR",0,0,0,0,0,0
"12939",2015,"TB13",5,"ABLA",0,0,0,0,0,0
"12940",2015,"TB13",5,"ABPR",0,0,0,0,0,0
"12941",2015,"TB13",5,"ACGL",0,0,0,0,0,0
"12942",2015,"TB13",5,"ALRU",0,0,0,0,0,0
"12943",2015,"TB13",5,"CANO",0,0,0,0,0,0
"12944",2015,"TB13",5,"PICO",0,0,0,0,0,0
"12945",2015,"TB13",5,"PIEN",0,0,0,0,0,0
"12946",2015,"TB13",5,"PIMO",0,0,0,0,0,0
"12947",2015,"TB13",5,"PISI",0,0,0,0,0,0
"12948",2015,"TB13",5,"PSME",2,0,0,0,0,0
"12949",2015,"TB13",5,"TABR",0,0,0,0,0,0
"12950",2015,"TB13",5,"THPL",18,14,6,2,5,7
"12951",2015,"TB13",5,"TSHE",101,0,4,40,0,40
"12952",2015,"TB13",5,"TSME",0,0,0,0,0,0
"12953",2015,"TB13",6,"ABAM",0,0,0,0,0,0
"12954",2015,"TB13",6,"ABGR",0,0,0,0,0,0
"12955",2015,"TB13",6,"ABLA",0,0,0,0,0,0
"12956",2015,"TB13",6,"ABPR",0,0,0,0,0,0
"12957",2015,"TB13",6,"ACGL",0,0,0,0,0,0
"12958",2015,"TB13",6,"ALRU",0,0,0,0,0,0
"12959",2015,"TB13",6,"CANO",0,0,0,0,0,0
"12960",2015,"TB13",6,"PICO",0,0,0,0,0,0
"12961",2015,"TB13",6,"PIEN",0,0,0,0,0,0
"12962",2015,"TB13",6,"PIMO",0,0,0,0,0,0
"12963",2015,"TB13",6,"PISI",0,0,0,0,0,0
"12964",2015,"TB13",6,"PSME",5,1,0,0,0,0
"12965",2015,"TB13",6,"TABR",0,0,0,0,0,0
"12966",2015,"TB13",6,"THPL",12,16,5,0,4,4
"12967",2015,"TB13",6,"TSHE",88,47,10,15,2,17
"12968",2015,"TB13",6,"TSME",0,0,0,0,0,0
"12969",2015,"TO04",1,"ABAM",0,0,0,0,0,0
"12970",2015,"TO04",1,"ABGR",0,0,0,0,0,0
"12971",2015,"TO04",1,"ABLA",0,0,0,0,0,0
"12972",2015,"TO04",1,"ABPR",0,0,0,0,0,0
"12973",2015,"TO04",1,"ACGL",0,0,0,0,0,0
"12974",2015,"TO04",1,"ALRU",0,0,0,0,0,0
"12975",2015,"TO04",1,"CANO",0,0,0,0,0,0
"12976",2015,"TO04",1,"PICO",0,0,0,0,0,0
"12977",2015,"TO04",1,"PIEN",0,0,0,0,0,0
"12978",2015,"TO04",1,"PIMO",0,0,0,0,0,0
"12979",2015,"TO04",1,"PISI",0,0,0,0,0,0
"12980",2015,"TO04",1,"PSME",3,1,0,0,0,0
"12981",2015,"TO04",1,"TABR",5,0,0,0,0,0
"12982",2015,"TO04",1,"THPL",0,4,0,0,0,0
"12983",2015,"TO04",1,"TSHE",21,6,2,5,0,5
"12984",2015,"TO04",1,"TSME",0,0,0,0,0,0
"12985",2015,"TO04",2,"ABAM",0,0,0,0,0,0
"12986",2015,"TO04",2,"ABGR",0,0,0,0,0,0
"12987",2015,"TO04",2,"ABLA",0,0,0,0,0,0
"12988",2015,"TO04",2,"ABPR",0,0,0,0,0,0
"12989",2015,"TO04",2,"ACGL",0,0,0,0,0,0
"12990",2015,"TO04",2,"ALRU",0,0,0,0,0,0
"12991",2015,"TO04",2,"CANO",0,0,0,0,0,0
"12992",2015,"TO04",2,"PICO",0,0,0,0,0,0
"12993",2015,"TO04",2,"PIEN",0,0,0,0,0,0
"12994",2015,"TO04",2,"PIMO",0,0,0,0,0,0
"12995",2015,"TO04",2,"PISI",0,0,0,0,0,0
"12996",2015,"TO04",2,"PSME",1,2,0,0,0,0
"12997",2015,"TO04",2,"TABR",3,0,0,0,0,0
"12998",2015,"TO04",2,"THPL",13,4,1,3,1,4
"12999",2015,"TO04",2,"TSHE",59,10,24,48,3,51
"13000",2015,"TO04",2,"TSME",0,0,0,0,0,0
"13001",2015,"TO04",3,"ABAM",0,0,0,0,0,0
"13002",2015,"TO04",3,"ABGR",0,0,0,0,0,0
"13003",2015,"TO04",3,"ABLA",0,0,0,0,0,0
"13004",2015,"TO04",3,"ABPR",0,0,0,0,0,0
"13005",2015,"TO04",3,"ACGL",0,0,0,0,0,0
"13006",2015,"TO04",3,"ALRU",0,0,0,0,0,0
"13007",2015,"TO04",3,"CANO",0,0,0,0,0,0
"13008",2015,"TO04",3,"PICO",0,0,0,0,0,0
"13009",2015,"TO04",3,"PIEN",0,0,0,0,0,0
"13010",2015,"TO04",3,"PIMO",0,0,0,0,0,0
"13011",2015,"TO04",3,"PISI",0,0,0,0,0,0
"13012",2015,"TO04",3,"PSME",1,0,0,0,0,0
"13013",2015,"TO04",3,"TABR",2,0,0,0,0,0
"13014",2015,"TO04",3,"THPL",19,12,12,10,3,13
"13015",2015,"TO04",3,"TSHE",32,21,3,29,2,31
"13016",2015,"TO04",3,"TSME",0,0,0,0,0,0
"13017",2015,"TO04",4,"ABAM",0,0,0,0,0,0
"13018",2015,"TO04",4,"ABGR",0,0,0,0,0,0
"13019",2015,"TO04",4,"ABLA",0,0,0,0,0,0
"13020",2015,"TO04",4,"ABPR",0,0,0,0,0,0
"13021",2015,"TO04",4,"ACGL",0,0,0,0,0,0
"13022",2015,"TO04",4,"ALRU",0,0,0,0,0,0
"13023",2015,"TO04",4,"CANO",0,0,0,0,0,0
"13024",2015,"TO04",4,"PICO",0,0,0,0,0,0
"13025",2015,"TO04",4,"PIEN",0,0,0,0,0,0
"13026",2015,"TO04",4,"PIMO",0,0,0,0,0,0
"13027",2015,"TO04",4,"PISI",0,0,0,0,0,0
"13028",2015,"TO04",4,"PSME",3,0,0,1,0,1
"13029",2015,"TO04",4,"TABR",0,0,0,0,0,0
"13030",2015,"TO04",4,"THPL",23,17,8,16,11,27
"13031",2015,"TO04",4,"TSHE",38,5,1,1,3,4
"13032",2015,"TO04",4,"TSME",0,0,0,0,0,0
"13033",2015,"TO04",5,"ABAM",0,0,0,0,0,0
"13034",2015,"TO04",5,"ABGR",0,0,0,0,0,0
"13035",2015,"TO04",5,"ABLA",0,0,0,0,0,0
"13036",2015,"TO04",5,"ABPR",0,0,0,0,0,0
"13037",2015,"TO04",5,"ACGL",0,0,0,0,0,0
"13038",2015,"TO04",5,"ALRU",0,0,0,0,0,0
"13039",2015,"TO04",5,"CANO",0,0,0,0,0,0
"13040",2015,"TO04",5,"PICO",0,0,0,0,0,0
"13041",2015,"TO04",5,"PIEN",0,0,0,0,0,0
"13042",2015,"TO04",5,"PIMO",0,0,0,0,0,0
"13043",2015,"TO04",5,"PISI",0,0,0,0,0,0
"13044",2015,"TO04",5,"PSME",3,0,0,0,0,0
"13045",2015,"TO04",5,"TABR",0,0,0,0,0,0
"13046",2015,"TO04",5,"THPL",9,15,7,27,67,94
"13047",2015,"TO04",5,"TSHE",38,30,3,1,5,6
"13048",2015,"TO04",5,"TSME",0,0,0,0,0,0
"13049",2015,"TO04",6,"ABAM",0,0,0,0,0,0
"13050",2015,"TO04",6,"ABGR",0,0,0,0,0,0
"13051",2015,"TO04",6,"ABLA",0,0,0,0,0,0
"13052",2015,"TO04",6,"ABPR",0,0,0,0,0,0
"13053",2015,"TO04",6,"ACGL",0,0,0,0,0,0
"13054",2015,"TO04",6,"ALRU",0,0,0,0,0,0
"13055",2015,"TO04",6,"CANO",0,0,0,0,0,0
"13056",2015,"TO04",6,"PICO",0,0,0,0,0,0
"13057",2015,"TO04",6,"PIEN",0,0,0,0,0,0
"13058",2015,"TO04",6,"PIMO",0,0,0,0,0,0
"13059",2015,"TO04",6,"PISI",0,0,0,0,0,0
"13060",2015,"TO04",6,"PSME",4,2,0,0,0,0
"13061",2015,"TO04",6,"TABR",0,0,0,0,0,0
"13062",2015,"TO04",6,"THPL",18,15,0,0,0,0
"13063",2015,"TO04",6,"TSHE",12,33,0,0,0,0
"13064",2015,"TO04",6,"TSME",0,0,0,0,0,0
"13065",2015,"TO11",1,"ABAM",0,0,0,0,0,0
"13066",2015,"TO11",1,"ABGR",0,0,0,0,0,0
"13067",2015,"TO11",1,"ABLA",0,0,0,0,0,0
"13068",2015,"TO11",1,"ABPR",0,0,0,0,0,0
"13069",2015,"TO11",1,"ACGL",0,0,0,0,0,0
"13070",2015,"TO11",1,"ALRU",0,0,0,0,0,0
"13071",2015,"TO11",1,"CANO",0,0,0,0,0,0
"13072",2015,"TO11",1,"PICO",0,0,0,0,0,0
"13073",2015,"TO11",1,"PIEN",0,0,0,0,0,0
"13074",2015,"TO11",1,"PIMO",0,0,0,0,0,0
"13075",2015,"TO11",1,"PISI",0,0,0,0,0,0
"13076",2015,"TO11",1,"PSME",6,1,0,0,0,0
"13077",2015,"TO11",1,"TABR",0,0,0,0,0,0
"13078",2015,"TO11",1,"THPL",13,19,1,0,0,0
"13079",2015,"TO11",1,"TSHE",74,40,5,1,2,3
"13080",2015,"TO11",1,"TSME",0,0,0,0,0,0
"13081",2015,"TO11",2,"ABAM",0,0,0,0,0,0
"13082",2015,"TO11",2,"ABGR",0,0,0,0,0,0
"13083",2015,"TO11",2,"ABLA",0,0,0,0,0,0
"13084",2015,"TO11",2,"ABPR",0,0,0,0,0,0
"13085",2015,"TO11",2,"ACGL",0,0,0,0,0,0
"13086",2015,"TO11",2,"ALRU",0,0,0,0,0,0
"13087",2015,"TO11",2,"CANO",0,0,0,0,0,0
"13088",2015,"TO11",2,"PICO",0,0,0,0,0,0
"13089",2015,"TO11",2,"PIEN",0,0,0,0,0,0
"13090",2015,"TO11",2,"PIMO",0,0,0,0,0,0
"13091",2015,"TO11",2,"PISI",0,0,0,0,0,0
"13092",2015,"TO11",2,"PSME",15,13,0,0,0,0
"13093",2015,"TO11",2,"TABR",0,0,0,0,0,0
"13094",2015,"TO11",2,"THPL",12,28,1,0,0,0
"13095",2015,"TO11",2,"TSHE",70,84,3,1,0,1
"13096",2015,"TO11",2,"TSME",0,0,0,0,0,0
"13097",2015,"TO11",3,"ABAM",1,0,0,0,0,0
"13098",2015,"TO11",3,"ABGR",0,0,0,0,0,0
"13099",2015,"TO11",3,"ABLA",0,0,0,0,0,0
"13100",2015,"TO11",3,"ABPR",0,0,0,0,0,0
"13101",2015,"TO11",3,"ACGL",0,0,0,0,0,0
"13102",2015,"TO11",3,"ALRU",0,0,0,0,0,0
"13103",2015,"TO11",3,"CANO",0,0,0,0,0,0
"13104",2015,"TO11",3,"PICO",0,0,0,0,0,0
"13105",2015,"TO11",3,"PIEN",0,0,0,0,0,0
"13106",2015,"TO11",3,"PIMO",0,0,0,0,0,0
"13107",2015,"TO11",3,"PISI",0,0,0,0,0,0
"13108",2015,"TO11",3,"PSME",6,4,0,0,0,0
"13109",2015,"TO11",3,"TABR",0,0,0,0,0,0
"13110",2015,"TO11",3,"THPL",12,13,0,0,0,0
"13111",2015,"TO11",3,"TSHE",47,22,5,38,0,38
"13112",2015,"TO11",3,"TSME",0,0,0,0,0,0
"13113",2015,"TO11",4,"ABAM",0,0,0,0,0,0
"13114",2015,"TO11",4,"ABGR",0,0,0,0,0,0
"13115",2015,"TO11",4,"ABLA",0,0,0,0,0,0
"13116",2015,"TO11",4,"ABPR",0,0,0,0,0,0
"13117",2015,"TO11",4,"ACGL",0,0,0,0,0,0
"13118",2015,"TO11",4,"ALRU",0,0,0,0,0,0
"13119",2015,"TO11",4,"CANO",0,0,0,0,0,0
"13120",2015,"TO11",4,"PICO",0,0,0,0,0,0
"13121",2015,"TO11",4,"PIEN",0,0,0,0,0,0
"13122",2015,"TO11",4,"PIMO",0,0,0,0,0,0
"13123",2015,"TO11",4,"PISI",0,0,0,0,0,0
"13124",2015,"TO11",4,"PSME",13,0,0,0,0,0
"13125",2015,"TO11",4,"TABR",0,0,0,0,0,0
"13126",2015,"TO11",4,"THPL",8,27,0,0,0,0
"13127",2015,"TO11",4,"TSHE",130,48,8,6,6,12
"13128",2015,"TO11",4,"TSME",0,0,0,0,0,0
"13129",2015,"TO11",5,"ABAM",0,0,0,0,0,0
"13130",2015,"TO11",5,"ABGR",0,0,0,0,0,0
"13131",2015,"TO11",5,"ABLA",0,0,0,0,0,0
"13132",2015,"TO11",5,"ABPR",0,0,0,0,0,0
"13133",2015,"TO11",5,"ACGL",0,0,0,0,0,0
"13134",2015,"TO11",5,"ALRU",0,0,0,0,0,0
"13135",2015,"TO11",5,"CANO",0,0,0,0,0,0
"13136",2015,"TO11",5,"PICO",0,0,0,0,0,0
"13137",2015,"TO11",5,"PIEN",0,0,0,0,0,0
"13138",2015,"TO11",5,"PIMO",0,0,0,0,0,0
"13139",2015,"TO11",5,"PISI",0,0,0,0,0,0
"13140",2015,"TO11",5,"PSME",2,0,0,2,0,2
"13141",2015,"TO11",5,"TABR",0,0,0,0,0,0
"13142",2015,"TO11",5,"THPL",5,0,0,0,0,0
"13143",2015,"TO11",5,"TSHE",10,4,8,26,0,26
"13144",2015,"TO11",5,"TSME",0,0,0,0,0,0
"13145",2015,"TO11",6,"ABAM",0,0,0,0,0,0
"13146",2015,"TO11",6,"ABGR",0,0,0,0,0,0
"13147",2015,"TO11",6,"ABLA",0,0,0,0,0,0
"13148",2015,"TO11",6,"ABPR",0,0,0,0,0,0
"13149",2015,"TO11",6,"ACGL",0,0,0,0,0,0
"13150",2015,"TO11",6,"ALRU",0,0,0,0,0,0
"13151",2015,"TO11",6,"CANO",0,0,0,0,0,0
"13152",2015,"TO11",6,"PICO",0,0,0,0,0,0
"13153",2015,"TO11",6,"PIEN",0,0,0,0,0,0
"13154",2015,"TO11",6,"PIMO",0,0,0,0,0,0
"13155",2015,"TO11",6,"PISI",0,0,0,0,0,0
"13156",2015,"TO11",6,"PSME",15,1,0,0,0,0
"13157",2015,"TO11",6,"TABR",0,0,0,0,0,0
"13158",2015,"TO11",6,"THPL",12,25,0,0,0,0
"13159",2015,"TO11",6,"TSHE",60,25,3,2,2,4
"13160",2015,"TO11",6,"TSME",0,0,0,0,0,0
"13161",2016,"AB08",1,"ABAM",1,0,0,0,0,0
"13162",2016,"AB08",1,"ABGR",0,0,0,0,0,0
"13163",2016,"AB08",1,"ABLA",0,0,0,0,0,0
"13164",2016,"AB08",1,"ABPR",0,0,0,0,0,0
"13165",2016,"AB08",1,"ACGL",0,0,0,0,0,0
"13166",2016,"AB08",1,"ALRU",0,0,0,0,0,0
"13167",2016,"AB08",1,"CANO",0,0,0,0,0,0
"13168",2016,"AB08",1,"PICO",0,0,0,0,0,0
"13169",2016,"AB08",1,"PIEN",0,0,0,0,0,0
"13170",2016,"AB08",1,"PIMO",0,0,0,0,0,0
"13171",2016,"AB08",1,"PISI",0,0,0,0,0,0
"13172",2016,"AB08",1,"PSME",1,0,0,0,0,0
"13173",2016,"AB08",1,"TABR",0,0,0,0,0,0
"13174",2016,"AB08",1,"THPL",1,0,0,0,0,0
"13175",2016,"AB08",1,"TSHE",53,49,6,11,6,17
"13176",2016,"AB08",1,"TSME",0,0,0,0,0,0
"13177",2016,"AB08",2,"ABAM",0,0,0,0,0,0
"13178",2016,"AB08",2,"ABGR",0,0,0,0,0,0
"13179",2016,"AB08",2,"ABLA",0,0,0,0,0,0
"13180",2016,"AB08",2,"ABPR",0,0,0,0,0,0
"13181",2016,"AB08",2,"ACGL",0,0,0,0,0,0
"13182",2016,"AB08",2,"ALRU",0,0,0,0,0,0
"13183",2016,"AB08",2,"CANO",0,0,0,0,0,0
"13184",2016,"AB08",2,"PICO",0,0,0,0,0,0
"13185",2016,"AB08",2,"PIEN",0,0,0,0,0,0
"13186",2016,"AB08",2,"PIMO",0,0,0,0,0,0
"13187",2016,"AB08",2,"PISI",0,0,0,0,0,0
"13188",2016,"AB08",2,"PSME",0,0,0,0,0,0
"13189",2016,"AB08",2,"TABR",0,0,0,0,0,0
"13190",2016,"AB08",2,"THPL",0,1,0,0,0,0
"13191",2016,"AB08",2,"TSHE",77,97,7,7,6,13
"13192",2016,"AB08",2,"TSME",0,0,0,0,0,0
"13193",2016,"AB08",3,"ABAM",1,0,0,0,0,0
"13194",2016,"AB08",3,"ABGR",0,0,0,0,0,0
"13195",2016,"AB08",3,"ABLA",0,0,0,0,0,0
"13196",2016,"AB08",3,"ABPR",0,0,0,0,0,0
"13197",2016,"AB08",3,"ACGL",0,0,0,0,0,0
"13198",2016,"AB08",3,"ALRU",0,0,0,0,0,0
"13199",2016,"AB08",3,"CANO",0,0,0,0,0,0
"13200",2016,"AB08",3,"PICO",0,0,0,0,0,0
"13201",2016,"AB08",3,"PIEN",0,0,0,0,0,0
"13202",2016,"AB08",3,"PIMO",0,0,0,0,0,0
"13203",2016,"AB08",3,"PISI",0,0,0,0,0,0
"13204",2016,"AB08",3,"PSME",0,0,0,0,0,0
"13205",2016,"AB08",3,"TABR",0,0,0,0,0,0
"13206",2016,"AB08",3,"THPL",0,1,0,0,0,0
"13207",2016,"AB08",3,"TSHE",60,12,3,1,1,2
"13208",2016,"AB08",3,"TSME",0,0,0,0,0,0
"13209",2016,"AB08",4,"ABAM",0,0,0,0,0,0
"13210",2016,"AB08",4,"ABGR",0,0,0,0,0,0
"13211",2016,"AB08",4,"ABLA",0,0,0,0,0,0
"13212",2016,"AB08",4,"ABPR",0,0,0,0,0,0
"13213",2016,"AB08",4,"ACGL",0,0,0,0,0,0
"13214",2016,"AB08",4,"ALRU",0,0,0,0,0,0
"13215",2016,"AB08",4,"CANO",0,0,0,0,0,0
"13216",2016,"AB08",4,"PICO",0,0,0,0,0,0
"13217",2016,"AB08",4,"PIEN",0,0,0,0,0,0
"13218",2016,"AB08",4,"PIMO",0,0,0,0,0,0
"13219",2016,"AB08",4,"PISI",0,0,0,0,0,0
"13220",2016,"AB08",4,"PSME",0,0,0,0,0,0
"13221",2016,"AB08",4,"TABR",0,0,0,0,0,0
"13222",2016,"AB08",4,"THPL",0,0,0,0,0,0
"13223",2016,"AB08",4,"TSHE",69,25,6,3,8,11
"13224",2016,"AB08",4,"TSME",0,0,0,0,0,0
"13225",2016,"AB08",5,"ABAM",0,0,0,0,0,0
"13226",2016,"AB08",5,"ABGR",0,0,0,0,0,0
"13227",2016,"AB08",5,"ABLA",0,0,0,0,0,0
"13228",2016,"AB08",5,"ABPR",0,0,0,0,0,0
"13229",2016,"AB08",5,"ACGL",0,0,0,0,0,0
"13230",2016,"AB08",5,"ALRU",0,0,0,0,0,0
"13231",2016,"AB08",5,"CANO",0,0,0,0,0,0
"13232",2016,"AB08",5,"PICO",0,0,0,0,0,0
"13233",2016,"AB08",5,"PIEN",0,0,0,0,0,0
"13234",2016,"AB08",5,"PIMO",0,0,0,0,0,0
"13235",2016,"AB08",5,"PISI",0,0,0,0,0,0
"13236",2016,"AB08",5,"PSME",1,0,0,0,0,0
"13237",2016,"AB08",5,"TABR",0,0,0,0,0,0
"13238",2016,"AB08",5,"THPL",2,0,0,0,0,0
"13239",2016,"AB08",5,"TSHE",109,33,12,2,0,2
"13240",2016,"AB08",5,"TSME",0,0,0,0,0,0
"13241",2016,"AB08",6,"ABAM",0,0,0,0,0,0
"13242",2016,"AB08",6,"ABGR",0,0,0,0,0,0
"13243",2016,"AB08",6,"ABLA",0,0,0,0,0,0
"13244",2016,"AB08",6,"ABPR",0,0,0,0,0,0
"13245",2016,"AB08",6,"ACGL",0,0,0,0,0,0
"13246",2016,"AB08",6,"ALRU",0,0,0,0,0,0
"13247",2016,"AB08",6,"CANO",0,0,0,0,0,0
"13248",2016,"AB08",6,"PICO",0,0,0,0,0,0
"13249",2016,"AB08",6,"PIEN",0,0,0,0,0,0
"13250",2016,"AB08",6,"PIMO",0,0,0,0,0,0
"13251",2016,"AB08",6,"PISI",0,0,0,0,0,0
"13252",2016,"AB08",6,"PSME",0,0,0,0,0,0
"13253",2016,"AB08",6,"TABR",0,0,0,0,0,0
"13254",2016,"AB08",6,"THPL",0,0,1,0,1,1
"13255",2016,"AB08",6,"TSHE",83,23,25,5,0,5
"13256",2016,"AB08",6,"TSME",0,0,0,0,0,0
"13257",2016,"AE10",1,"ABAM",1,0,0,0,0,0
"13258",2016,"AE10",1,"ABGR",0,0,0,0,0,0
"13259",2016,"AE10",1,"ABLA",1,3,0,0,0,0
"13260",2016,"AE10",1,"ABPR",4,1,0,0,0,0
"13261",2016,"AE10",1,"ACGL",0,0,0,0,0,0
"13262",2016,"AE10",1,"ALRU",0,0,0,0,0,0
"13263",2016,"AE10",1,"CANO",0,0,0,0,0,0
"13264",2016,"AE10",1,"PICO",0,0,0,0,0,0
"13265",2016,"AE10",1,"PIEN",0,0,0,0,0,0
"13266",2016,"AE10",1,"PIMO",0,0,0,0,0,0
"13267",2016,"AE10",1,"PISI",0,0,0,0,0,0
"13268",2016,"AE10",1,"PSME",0,0,0,0,0,0
"13269",2016,"AE10",1,"TABR",0,0,0,0,0,0
"13270",2016,"AE10",1,"THPL",0,0,0,0,0,0
"13271",2016,"AE10",1,"TSHE",0,0,0,0,0,0
"13272",2016,"AE10",1,"TSME",2,2,0,0,0,0
"13273",2016,"AE10",2,"ABAM",4,0,0,0,0,0
"13274",2016,"AE10",2,"ABGR",0,0,0,0,0,0
"13275",2016,"AE10",2,"ABLA",2,2,0,0,0,0
"13276",2016,"AE10",2,"ABPR",2,1,0,0,0,0
"13277",2016,"AE10",2,"ACGL",0,0,0,0,0,0
"13278",2016,"AE10",2,"ALRU",0,0,0,0,0,0
"13279",2016,"AE10",2,"CANO",0,0,0,0,0,0
"13280",2016,"AE10",2,"PICO",0,0,0,0,0,0
"13281",2016,"AE10",2,"PIEN",0,0,0,0,0,0
"13282",2016,"AE10",2,"PIMO",0,0,0,0,0,0
"13283",2016,"AE10",2,"PISI",0,0,0,0,0,0
"13284",2016,"AE10",2,"PSME",0,0,0,0,0,0
"13285",2016,"AE10",2,"TABR",0,0,0,0,0,0
"13286",2016,"AE10",2,"THPL",0,0,0,0,0,0
"13287",2016,"AE10",2,"TSHE",0,0,0,0,0,0
"13288",2016,"AE10",2,"TSME",0,0,0,0,0,0
"13289",2016,"AE10",3,"ABAM",6,1,0,0,0,0
"13290",2016,"AE10",3,"ABGR",0,0,0,0,0,0
"13291",2016,"AE10",3,"ABLA",4,3,0,0,0,0
"13292",2016,"AE10",3,"ABPR",3,2,0,0,0,0
"13293",2016,"AE10",3,"ACGL",0,0,0,0,0,0
"13294",2016,"AE10",3,"ALRU",0,0,0,0,0,0
"13295",2016,"AE10",3,"CANO",1,0,0,0,0,0
"13296",2016,"AE10",3,"PICO",0,0,0,0,0,0
"13297",2016,"AE10",3,"PIEN",0,0,0,0,0,0
"13298",2016,"AE10",3,"PIMO",0,0,0,0,0,0
"13299",2016,"AE10",3,"PISI",0,0,0,0,0,0
"13300",2016,"AE10",3,"PSME",0,0,0,0,0,0
"13301",2016,"AE10",3,"TABR",0,0,0,0,0,0
"13302",2016,"AE10",3,"THPL",0,0,0,0,0,0
"13303",2016,"AE10",3,"TSHE",0,0,0,0,0,0
"13304",2016,"AE10",3,"TSME",1,0,0,0,0,0
"13305",2016,"AE10",4,"ABAM",6,5,0,0,0,0
"13306",2016,"AE10",4,"ABGR",0,0,0,0,0,0
"13307",2016,"AE10",4,"ABLA",1,0,0,0,0,0
"13308",2016,"AE10",4,"ABPR",0,0,0,0,0,0
"13309",2016,"AE10",4,"ACGL",0,0,0,0,0,0
"13310",2016,"AE10",4,"ALRU",0,0,0,0,0,0
"13311",2016,"AE10",4,"CANO",0,0,0,0,0,0
"13312",2016,"AE10",4,"PICO",0,0,0,0,0,0
"13313",2016,"AE10",4,"PIEN",0,0,0,0,0,0
"13314",2016,"AE10",4,"PIMO",0,0,0,0,0,0
"13315",2016,"AE10",4,"PISI",0,0,0,0,0,0
"13316",2016,"AE10",4,"PSME",0,0,0,0,0,0
"13317",2016,"AE10",4,"TABR",0,0,0,0,0,0
"13318",2016,"AE10",4,"THPL",0,0,0,0,0,0
"13319",2016,"AE10",4,"TSHE",0,0,0,0,0,0
"13320",2016,"AE10",4,"TSME",0,0,0,0,0,0
"13321",2016,"AE10",5,"ABAM",12,5,0,0,0,0
"13322",2016,"AE10",5,"ABGR",0,0,0,0,0,0
"13323",2016,"AE10",5,"ABLA",0,0,0,0,0,0
"13324",2016,"AE10",5,"ABPR",0,0,0,0,0,0
"13325",2016,"AE10",5,"ACGL",0,0,0,0,0,0
"13326",2016,"AE10",5,"ALRU",0,0,0,0,0,0
"13327",2016,"AE10",5,"CANO",0,0,0,0,0,0
"13328",2016,"AE10",5,"PICO",0,0,0,0,0,0
"13329",2016,"AE10",5,"PIEN",0,0,0,0,0,0
"13330",2016,"AE10",5,"PIMO",0,0,0,0,0,0
"13331",2016,"AE10",5,"PISI",0,0,0,0,0,0
"13332",2016,"AE10",5,"PSME",1,2,0,0,0,0
"13333",2016,"AE10",5,"TABR",0,0,0,0,0,0
"13334",2016,"AE10",5,"THPL",0,0,0,0,0,0
"13335",2016,"AE10",5,"TSHE",0,0,0,0,0,0
"13336",2016,"AE10",5,"TSME",1,0,0,0,0,0
"13337",2016,"AE10",6,"ABAM",2,9,0,0,0,0
"13338",2016,"AE10",6,"ABGR",0,0,0,0,0,0
"13339",2016,"AE10",6,"ABLA",0,0,0,0,0,0
"13340",2016,"AE10",6,"ABPR",0,0,0,0,0,0
"13341",2016,"AE10",6,"ACGL",0,0,0,0,0,0
"13342",2016,"AE10",6,"ALRU",0,0,0,0,0,0
"13343",2016,"AE10",6,"CANO",0,0,0,0,0,0
"13344",2016,"AE10",6,"PICO",0,0,0,0,0,0
"13345",2016,"AE10",6,"PIEN",0,0,0,0,0,0
"13346",2016,"AE10",6,"PIMO",0,0,0,0,0,0
"13347",2016,"AE10",6,"PISI",0,0,0,0,0,0
"13348",2016,"AE10",6,"PSME",0,0,0,0,0,0
"13349",2016,"AE10",6,"TABR",0,0,0,0,0,0
"13350",2016,"AE10",6,"THPL",0,0,0,0,0,0
"13351",2016,"AE10",6,"TSHE",0,0,0,0,0,0
"13352",2016,"AE10",6,"TSME",0,0,0,0,0,0
"13353",2016,"AG05",1,"ABAM",1,1,0,0,0,0
"13354",2016,"AG05",1,"ABGR",0,0,0,0,0,0
"13355",2016,"AG05",1,"ABLA",0,0,0,0,0,0
"13356",2016,"AG05",1,"ABPR",0,0,0,0,0,0
"13357",2016,"AG05",1,"ACGL",0,0,0,0,0,0
"13358",2016,"AG05",1,"ALRU",0,0,0,0,0,0
"13359",2016,"AG05",1,"CANO",0,0,0,0,0,0
"13360",2016,"AG05",1,"PICO",0,0,0,0,0,0
"13361",2016,"AG05",1,"PIEN",0,0,0,0,0,0
"13362",2016,"AG05",1,"PIMO",0,0,0,0,0,0
"13363",2016,"AG05",1,"PISI",0,0,0,0,0,0
"13364",2016,"AG05",1,"PSME",5,9,0,0,0,0
"13365",2016,"AG05",1,"TABR",0,0,0,0,0,0
"13366",2016,"AG05",1,"THPL",3,12,4,3,17,20
"13367",2016,"AG05",1,"TSHE",2,13,0,0,0,0
"13368",2016,"AG05",1,"TSME",0,0,0,0,0,0
"13369",2016,"AG05",2,"ABAM",1,4,0,0,0,0
"13370",2016,"AG05",2,"ABGR",0,0,0,0,0,0
"13371",2016,"AG05",2,"ABLA",0,0,0,0,0,0
"13372",2016,"AG05",2,"ABPR",0,0,0,0,0,0
"13373",2016,"AG05",2,"ACGL",0,0,0,0,0,0
"13374",2016,"AG05",2,"ALRU",0,0,0,0,0,0
"13375",2016,"AG05",2,"CANO",0,0,0,0,0,0
"13376",2016,"AG05",2,"PICO",0,0,0,0,0,0
"13377",2016,"AG05",2,"PIEN",0,0,0,0,0,0
"13378",2016,"AG05",2,"PIMO",0,0,0,0,0,0
"13379",2016,"AG05",2,"PISI",0,0,0,0,0,0
"13380",2016,"AG05",2,"PSME",6,7,0,0,0,0
"13381",2016,"AG05",2,"TABR",0,0,0,0,0,0
"13382",2016,"AG05",2,"THPL",0,2,13,14,73,87
"13383",2016,"AG05",2,"TSHE",3,8,0,0,0,0
"13384",2016,"AG05",2,"TSME",0,0,0,0,0,0
"13385",2016,"AG05",3,"ABAM",2,6,0,0,1,1
"13386",2016,"AG05",3,"ABGR",2,0,0,0,0,0
"13387",2016,"AG05",3,"ABLA",0,0,0,0,0,0
"13388",2016,"AG05",3,"ABPR",0,0,0,0,0,0
"13389",2016,"AG05",3,"ACGL",0,0,0,0,0,0
"13390",2016,"AG05",3,"ALRU",0,0,0,0,0,0
"13391",2016,"AG05",3,"CANO",0,0,0,0,0,0
"13392",2016,"AG05",3,"PICO",0,0,0,0,0,0
"13393",2016,"AG05",3,"PIEN",0,0,0,0,0,0
"13394",2016,"AG05",3,"PIMO",0,0,0,0,0,0
"13395",2016,"AG05",3,"PISI",0,0,0,0,0,0
"13396",2016,"AG05",3,"PSME",8,36,1,2,5,7
"13397",2016,"AG05",3,"TABR",0,0,0,0,0,0
"13398",2016,"AG05",3,"THPL",0,0,4,0,6,6
"13399",2016,"AG05",3,"TSHE",2,9,0,0,0,0
"13400",2016,"AG05",3,"TSME",0,0,0,0,0,0
"13401",2016,"AG05",5,"ABAM",0,3,0,0,0,0
"13402",2016,"AG05",5,"ABGR",0,0,0,0,0,0
"13403",2016,"AG05",5,"ABLA",0,0,0,0,0,0
"13404",2016,"AG05",5,"ABPR",0,0,0,0,0,0
"13405",2016,"AG05",5,"ACGL",0,0,0,0,0,0
"13406",2016,"AG05",5,"ALRU",0,0,0,0,0,0
"13407",2016,"AG05",5,"CANO",0,0,0,0,0,0
"13408",2016,"AG05",5,"PICO",0,0,0,0,0,0
"13409",2016,"AG05",5,"PIEN",0,0,0,0,0,0
"13410",2016,"AG05",5,"PIMO",0,0,0,0,0,0
"13411",2016,"AG05",5,"PISI",0,0,0,0,0,0
"13412",2016,"AG05",5,"PSME",3,2,0,0,0,0
"13413",2016,"AG05",5,"TABR",1,0,0,0,0,0
"13414",2016,"AG05",5,"THPL",2,2,6,20,9,29
"13415",2016,"AG05",5,"TSHE",8,4,0,0,0,0
"13416",2016,"AG05",5,"TSME",0,0,0,0,0,0
"13417",2016,"AG05",6,"ABAM",1,0,0,0,0,0
"13418",2016,"AG05",6,"ABGR",0,0,0,0,0,0
"13419",2016,"AG05",6,"ABLA",0,0,0,0,0,0
"13420",2016,"AG05",6,"ABPR",0,0,0,0,0,0
"13421",2016,"AG05",6,"ACGL",0,0,0,0,0,0
"13422",2016,"AG05",6,"ALRU",0,0,0,0,0,0
"13423",2016,"AG05",6,"CANO",0,0,0,0,0,0
"13424",2016,"AG05",6,"PICO",0,0,0,0,0,0
"13425",2016,"AG05",6,"PIEN",0,0,0,0,0,0
"13426",2016,"AG05",6,"PIMO",0,0,0,0,0,0
"13427",2016,"AG05",6,"PISI",0,0,0,0,0,0
"13428",2016,"AG05",6,"PSME",9,8,0,0,2,2
"13429",2016,"AG05",6,"TABR",0,0,0,0,0,0
"13430",2016,"AG05",6,"THPL",2,2,2,11,10,21
"13431",2016,"AG05",6,"TSHE",6,29,0,0,0,0
"13432",2016,"AG05",6,"TSME",0,0,0,0,0,0
"13433",2016,"AM16",1,"ABAM",0,0,0,0,0,0
"13434",2016,"AM16",1,"ABGR",0,0,0,0,0,0
"13435",2016,"AM16",1,"ABLA",0,0,0,0,0,0
"13436",2016,"AM16",1,"ABPR",0,0,0,0,0,0
"13437",2016,"AM16",1,"ACGL",0,0,0,0,0,0
"13438",2016,"AM16",1,"ALRU",0,0,0,0,0,0
"13439",2016,"AM16",1,"CANO",0,0,1,7,0,7
"13440",2016,"AM16",1,"PICO",0,0,0,0,0,0
"13441",2016,"AM16",1,"PIEN",0,0,0,0,0,0
"13442",2016,"AM16",1,"PIMO",0,0,0,0,0,0
"13443",2016,"AM16",1,"PISI",0,0,0,0,0,0
"13444",2016,"AM16",1,"PSME",0,1,0,0,0,0
"13445",2016,"AM16",1,"TABR",0,0,0,0,0,0
"13446",2016,"AM16",1,"THPL",0,0,0,0,0,0
"13447",2016,"AM16",1,"TSHE",6,37,0,0,0,0
"13448",2016,"AM16",1,"TSME",14,58,0,0,0,0
"13449",2016,"AM16",2,"ABAM",1,0,0,0,0,0
"13450",2016,"AM16",2,"ABGR",0,0,0,0,0,0
"13451",2016,"AM16",2,"ABLA",0,0,0,0,0,0
"13452",2016,"AM16",2,"ABPR",0,0,0,0,0,0
"13453",2016,"AM16",2,"ACGL",0,0,0,0,0,0
"13454",2016,"AM16",2,"ALRU",0,0,0,0,0,0
"13455",2016,"AM16",2,"CANO",0,0,0,0,0,0
"13456",2016,"AM16",2,"PICO",0,0,0,0,0,0
"13457",2016,"AM16",2,"PIEN",0,0,0,0,0,0
"13458",2016,"AM16",2,"PIMO",0,0,0,0,0,0
"13459",2016,"AM16",2,"PISI",0,0,0,0,0,0
"13460",2016,"AM16",2,"PSME",0,0,0,0,0,0
"13461",2016,"AM16",2,"TABR",0,0,0,0,0,0
"13462",2016,"AM16",2,"THPL",0,0,0,0,0,0
"13463",2016,"AM16",2,"TSHE",13,34,1,0,0,0
"13464",2016,"AM16",2,"TSME",20,33,1,1,0,1
"13465",2016,"AM16",3,"ABAM",0,1,0,0,0,0
"13466",2016,"AM16",3,"ABGR",0,0,0,0,0,0
"13467",2016,"AM16",3,"ABLA",0,0,0,0,0,0
"13468",2016,"AM16",3,"ABPR",0,0,0,0,0,0
"13469",2016,"AM16",3,"ACGL",0,0,0,0,0,0
"13470",2016,"AM16",3,"ALRU",0,0,0,0,0,0
"13471",2016,"AM16",3,"CANO",0,0,0,0,0,0
"13472",2016,"AM16",3,"PICO",0,0,0,0,0,0
"13473",2016,"AM16",3,"PIEN",0,0,0,0,0,0
"13474",2016,"AM16",3,"PIMO",0,0,0,0,0,0
"13475",2016,"AM16",3,"PISI",0,0,0,0,0,0
"13476",2016,"AM16",3,"PSME",0,0,0,0,0,0
"13477",2016,"AM16",3,"TABR",0,0,0,0,0,0
"13478",2016,"AM16",3,"THPL",0,0,0,0,0,0
"13479",2016,"AM16",3,"TSHE",6,37,0,0,0,0
"13480",2016,"AM16",3,"TSME",14,15,3,7,7,14
"13481",2016,"AM16",4,"ABAM",0,0,0,0,0,0
"13482",2016,"AM16",4,"ABGR",0,0,0,0,0,0
"13483",2016,"AM16",4,"ABLA",0,0,0,0,0,0
"13484",2016,"AM16",4,"ABPR",0,0,0,0,0,0
"13485",2016,"AM16",4,"ACGL",0,0,0,0,0,0
"13486",2016,"AM16",4,"ALRU",0,0,0,0,0,0
"13487",2016,"AM16",4,"CANO",0,0,0,0,0,0
"13488",2016,"AM16",4,"PICO",0,0,0,0,0,0
"13489",2016,"AM16",4,"PIEN",0,0,0,0,0,0
"13490",2016,"AM16",4,"PIMO",0,0,0,0,0,0
"13491",2016,"AM16",4,"PISI",0,0,0,0,0,0
"13492",2016,"AM16",4,"PSME",1,0,0,0,0,0
"13493",2016,"AM16",4,"TABR",0,0,0,0,0,0
"13494",2016,"AM16",4,"THPL",0,0,0,0,0,0
"13495",2016,"AM16",4,"TSHE",31,33,0,0,0,0
"13496",2016,"AM16",4,"TSME",21,11,1,0,0,0
"13497",2016,"AM16",5,"ABAM",0,0,0,0,0,0
"13498",2016,"AM16",5,"ABGR",0,0,0,0,0,0
"13499",2016,"AM16",5,"ABLA",0,0,0,0,0,0
"13500",2016,"AM16",5,"ABPR",0,0,0,0,0,0
"13501",2016,"AM16",5,"ACGL",0,0,0,0,0,0
"13502",2016,"AM16",5,"ALRU",0,0,0,0,0,0
"13503",2016,"AM16",5,"CANO",0,0,0,0,0,0
"13504",2016,"AM16",5,"PICO",0,0,0,0,0,0
"13505",2016,"AM16",5,"PIEN",0,0,0,0,0,0
"13506",2016,"AM16",5,"PIMO",0,0,0,0,0,0
"13507",2016,"AM16",5,"PISI",0,0,0,0,0,0
"13508",2016,"AM16",5,"PSME",0,1,0,0,0,0
"13509",2016,"AM16",5,"TABR",0,0,0,0,0,0
"13510",2016,"AM16",5,"THPL",0,0,0,0,0,0
"13511",2016,"AM16",5,"TSHE",42,55,0,0,0,0
"13512",2016,"AM16",5,"TSME",54,33,0,0,0,0
"13513",2016,"AM16",6,"ABAM",0,1,0,0,0,0
"13514",2016,"AM16",6,"ABGR",0,0,0,0,0,0
"13515",2016,"AM16",6,"ABLA",0,0,0,0,0,0
"13516",2016,"AM16",6,"ABPR",0,0,0,0,0,0
"13517",2016,"AM16",6,"ACGL",0,0,0,0,0,0
"13518",2016,"AM16",6,"ALRU",0,0,0,0,0,0
"13519",2016,"AM16",6,"CANO",2,0,2,0,0,0
"13520",2016,"AM16",6,"PICO",0,0,0,0,0,0
"13521",2016,"AM16",6,"PIEN",0,0,0,0,0,0
"13522",2016,"AM16",6,"PIMO",0,0,0,0,0,0
"13523",2016,"AM16",6,"PISI",0,0,0,0,0,0
"13524",2016,"AM16",6,"PSME",0,0,0,0,0,0
"13525",2016,"AM16",6,"TABR",0,0,0,0,0,0
"13526",2016,"AM16",6,"THPL",0,0,0,0,0,0
"13527",2016,"AM16",6,"TSHE",11,29,0,0,0,0
"13528",2016,"AM16",6,"TSME",17,30,0,0,0,0
"13529",2016,"AO03",1,"ABAM",0,0,0,0,0,0
"13530",2016,"AO03",1,"ABGR",0,0,0,0,0,0
"13531",2016,"AO03",1,"ABLA",0,0,0,0,0,0
"13532",2016,"AO03",1,"ABPR",0,0,0,0,0,0
"13533",2016,"AO03",1,"ACGL",0,0,0,0,0,0
"13534",2016,"AO03",1,"ALRU",0,0,0,0,0,0
"13535",2016,"AO03",1,"CANO",0,0,0,0,0,0
"13536",2016,"AO03",1,"PICO",0,0,0,0,0,0
"13537",2016,"AO03",1,"PIEN",0,0,0,0,0,0
"13538",2016,"AO03",1,"PIMO",0,0,0,0,0,0
"13539",2016,"AO03",1,"PISI",0,0,0,0,0,0
"13540",2016,"AO03",1,"PSME",0,0,0,0,0,0
"13541",2016,"AO03",1,"TABR",0,0,0,0,0,0
"13542",2016,"AO03",1,"THPL",15,56,1,3,0,3
"13543",2016,"AO03",1,"TSHE",33,118,15,27,45,72
"13544",2016,"AO03",1,"TSME",0,0,0,0,0,0
"13545",2016,"AO03",2,"ABAM",0,0,0,0,0,0
"13546",2016,"AO03",2,"ABGR",0,0,0,0,0,0
"13547",2016,"AO03",2,"ABLA",0,0,0,0,0,0
"13548",2016,"AO03",2,"ABPR",0,0,0,0,0,0
"13549",2016,"AO03",2,"ACGL",0,0,0,0,0,0
"13550",2016,"AO03",2,"ALRU",0,0,0,0,0,0
"13551",2016,"AO03",2,"CANO",0,0,0,0,0,0
"13552",2016,"AO03",2,"PICO",0,0,0,0,0,0
"13553",2016,"AO03",2,"PIEN",0,0,0,0,0,0
"13554",2016,"AO03",2,"PIMO",0,0,0,0,0,0
"13555",2016,"AO03",2,"PISI",0,0,0,0,0,0
"13556",2016,"AO03",2,"PSME",2,0,0,0,0,0
"13557",2016,"AO03",2,"TABR",0,0,0,0,0,0
"13558",2016,"AO03",2,"THPL",25,71,8,12,18,30
"13559",2016,"AO03",2,"TSHE",61,95,11,27,29,56
"13560",2016,"AO03",2,"TSME",0,0,0,0,0,0
"13561",2016,"AO03",3,"ABAM",0,0,0,0,0,0
"13562",2016,"AO03",3,"ABGR",0,0,0,0,0,0
"13563",2016,"AO03",3,"ABLA",0,0,0,0,0,0
"13564",2016,"AO03",3,"ABPR",0,0,0,0,0,0
"13565",2016,"AO03",3,"ACGL",0,0,0,0,0,0
"13566",2016,"AO03",3,"ALRU",0,0,0,0,0,0
"13567",2016,"AO03",3,"CANO",0,0,0,0,0,0
"13568",2016,"AO03",3,"PICO",0,0,0,0,0,0
"13569",2016,"AO03",3,"PIEN",0,0,0,0,0,0
"13570",2016,"AO03",3,"PIMO",0,0,0,0,0,0
"13571",2016,"AO03",3,"PISI",0,0,0,0,0,0
"13572",2016,"AO03",3,"PSME",0,4,0,0,0,0
"13573",2016,"AO03",3,"TABR",0,0,0,0,0,0
"13574",2016,"AO03",3,"THPL",12,41,7,15,14,29
"13575",2016,"AO03",3,"TSHE",71,103,50,239,175,414
"13576",2016,"AO03",3,"TSME",0,0,0,0,0,0
"13577",2016,"AO03",4,"ABAM",0,0,0,0,0,0
"13578",2016,"AO03",4,"ABGR",0,0,0,0,0,0
"13579",2016,"AO03",4,"ABLA",0,0,0,0,0,0
"13580",2016,"AO03",4,"ABPR",0,0,0,0,0,0
"13581",2016,"AO03",4,"ACGL",0,0,0,0,0,0
"13582",2016,"AO03",4,"ALRU",0,0,0,0,0,0
"13583",2016,"AO03",4,"CANO",0,0,0,0,0,0
"13584",2016,"AO03",4,"PICO",0,0,0,0,0,0
"13585",2016,"AO03",4,"PIEN",0,0,0,0,0,0
"13586",2016,"AO03",4,"PIMO",0,0,0,0,0,0
"13587",2016,"AO03",4,"PISI",0,0,0,0,0,0
"13588",2016,"AO03",4,"PSME",4,3,3,2,4,6
"13589",2016,"AO03",4,"TABR",0,0,0,0,0,0
"13590",2016,"AO03",4,"THPL",26,48,8,5,29,34
"13591",2016,"AO03",4,"TSHE",141,61,19,21,27,48
"13592",2016,"AO03",4,"TSME",0,0,0,0,0,0
"13593",2016,"AO03",5,"ABAM",0,0,0,0,0,0
"13594",2016,"AO03",5,"ABGR",0,0,0,0,0,0
"13595",2016,"AO03",5,"ABLA",0,0,0,0,0,0
"13596",2016,"AO03",5,"ABPR",0,0,0,0,0,0
"13597",2016,"AO03",5,"ACGL",0,0,0,0,0,0
"13598",2016,"AO03",5,"ALRU",0,0,0,0,0,0
"13599",2016,"AO03",5,"CANO",0,0,0,0,0,0
"13600",2016,"AO03",5,"PICO",0,0,0,0,0,0
"13601",2016,"AO03",5,"PIEN",0,0,0,0,0,0
"13602",2016,"AO03",5,"PIMO",0,0,0,0,0,0
"13603",2016,"AO03",5,"PISI",0,0,0,0,0,0
"13604",2016,"AO03",5,"PSME",2,4,6,0,3,3
"13605",2016,"AO03",5,"TABR",0,0,0,0,0,0
"13606",2016,"AO03",5,"THPL",19,38,0,0,0,0
"13607",2016,"AO03",5,"TSHE",19,47,5,0,7,7
"13608",2016,"AO03",5,"TSME",0,0,0,0,0,0
"13609",2016,"AO03",6,"ABAM",2,8,0,0,0,0
"13610",2016,"AO03",6,"ABGR",0,0,0,0,0,0
"13611",2016,"AO03",6,"ABLA",0,0,0,0,0,0
"13612",2016,"AO03",6,"ABPR",0,0,0,0,0,0
"13613",2016,"AO03",6,"ACGL",0,0,0,0,0,0
"13614",2016,"AO03",6,"ALRU",0,2,0,0,0,0
"13615",2016,"AO03",6,"CANO",2,0,0,0,0,0
"13616",2016,"AO03",6,"PICO",0,0,0,0,0,0
"13617",2016,"AO03",6,"PIEN",0,0,0,0,0,0
"13618",2016,"AO03",6,"PIMO",0,0,0,0,0,0
"13619",2016,"AO03",6,"PISI",0,0,0,0,0,0
"13620",2016,"AO03",6,"PSME",5,12,7,15,5,20
"13621",2016,"AO03",6,"TABR",0,0,0,0,0,0
"13622",2016,"AO03",6,"THPL",6,19,2,0,0,0
"13623",2016,"AO03",6,"TSHE",57,60,3,7,7,14
"13624",2016,"AO03",6,"TSME",0,0,0,0,0,0
"13625",2016,"AR07",1,"ABAM",1,0,0,0,0,0
"13626",2016,"AR07",1,"ABGR",0,0,0,0,0,0
"13627",2016,"AR07",1,"ABLA",0,0,0,0,0,0
"13628",2016,"AR07",1,"ABPR",0,0,0,0,0,0
"13629",2016,"AR07",1,"ACGL",0,0,0,0,0,0
"13630",2016,"AR07",1,"ALRU",0,0,0,0,0,0
"13631",2016,"AR07",1,"CANO",2,0,1,2,0,2
"13632",2016,"AR07",1,"PICO",0,0,0,0,0,0
"13633",2016,"AR07",1,"PIEN",0,0,0,0,0,0
"13634",2016,"AR07",1,"PIMO",0,0,0,0,0,0
"13635",2016,"AR07",1,"PISI",0,0,0,0,0,0
"13636",2016,"AR07",1,"PSME",0,0,0,0,0,0
"13637",2016,"AR07",1,"TABR",0,0,0,0,0,0
"13638",2016,"AR07",1,"THPL",0,0,0,0,0,0
"13639",2016,"AR07",1,"TSHE",0,0,0,0,0,0
"13640",2016,"AR07",1,"TSME",10,2,3,46,38,84
"13641",2016,"AR07",2,"ABAM",0,0,0,0,0,0
"13642",2016,"AR07",2,"ABGR",0,0,0,0,0,0
"13643",2016,"AR07",2,"ABLA",0,0,0,0,0,0
"13644",2016,"AR07",2,"ABPR",0,0,0,0,0,0
"13645",2016,"AR07",2,"ACGL",0,0,0,0,0,0
"13646",2016,"AR07",2,"ALRU",0,0,0,0,0,0
"13647",2016,"AR07",2,"CANO",0,0,0,0,0,0
"13648",2016,"AR07",2,"PICO",0,0,0,0,0,0
"13649",2016,"AR07",2,"PIEN",0,0,0,0,0,0
"13650",2016,"AR07",2,"PIMO",0,0,0,0,0,0
"13651",2016,"AR07",2,"PISI",0,0,0,0,0,0
"13652",2016,"AR07",2,"PSME",0,0,0,0,0,0
"13653",2016,"AR07",2,"TABR",0,0,0,0,0,0
"13654",2016,"AR07",2,"THPL",0,0,0,0,0,0
"13655",2016,"AR07",2,"TSHE",0,0,0,0,0,0
"13656",2016,"AR07",2,"TSME",4,3,0,0,0,0
"13657",2016,"AR07",3,"ABAM",2,0,0,0,0,0
"13658",2016,"AR07",3,"ABGR",0,0,0,0,0,0
"13659",2016,"AR07",3,"ABLA",0,0,0,0,0,0
"13660",2016,"AR07",3,"ABPR",0,0,0,0,0,0
"13661",2016,"AR07",3,"ACGL",0,0,0,0,0,0
"13662",2016,"AR07",3,"ALRU",0,0,0,0,0,0
"13663",2016,"AR07",3,"CANO",1,0,3,0,0,0
"13664",2016,"AR07",3,"PICO",0,0,0,0,0,0
"13665",2016,"AR07",3,"PIEN",0,0,0,0,0,0
"13666",2016,"AR07",3,"PIMO",0,0,0,0,0,0
"13667",2016,"AR07",3,"PISI",0,0,0,0,0,0
"13668",2016,"AR07",3,"PSME",0,0,0,0,0,0
"13669",2016,"AR07",3,"TABR",0,0,0,0,0,0
"13670",2016,"AR07",3,"THPL",0,0,0,0,0,0
"13671",2016,"AR07",3,"TSHE",0,0,0,0,0,0
"13672",2016,"AR07",3,"TSME",2,0,0,0,0,0
"13673",2016,"AR07",4,"ABAM",0,0,0,0,0,0
"13674",2016,"AR07",4,"ABGR",0,0,0,0,0,0
"13675",2016,"AR07",4,"ABLA",0,0,0,0,0,0
"13676",2016,"AR07",4,"ABPR",0,0,0,0,0,0
"13677",2016,"AR07",4,"ACGL",0,0,0,0,0,0
"13678",2016,"AR07",4,"ALRU",0,0,0,0,0,0
"13679",2016,"AR07",4,"CANO",0,0,0,0,0,0
"13680",2016,"AR07",4,"PICO",0,0,0,0,0,0
"13681",2016,"AR07",4,"PIEN",0,0,0,0,0,0
"13682",2016,"AR07",4,"PIMO",0,0,0,0,0,0
"13683",2016,"AR07",4,"PISI",0,0,0,0,0,0
"13684",2016,"AR07",4,"PSME",0,0,0,0,0,0
"13685",2016,"AR07",4,"TABR",0,0,0,0,0,0
"13686",2016,"AR07",4,"THPL",0,0,0,0,0,0
"13687",2016,"AR07",4,"TSHE",0,0,0,0,0,0
"13688",2016,"AR07",4,"TSME",3,3,0,0,0,0
"13689",2016,"AR07",5,"ABAM",0,0,0,0,0,0
"13690",2016,"AR07",5,"ABGR",0,0,0,0,0,0
"13691",2016,"AR07",5,"ABLA",0,0,0,0,0,0
"13692",2016,"AR07",5,"ABPR",0,0,0,0,0,0
"13693",2016,"AR07",5,"ACGL",0,0,0,0,0,0
"13694",2016,"AR07",5,"ALRU",0,0,0,0,0,0
"13695",2016,"AR07",5,"CANO",2,0,0,0,0,0
"13696",2016,"AR07",5,"PICO",0,0,0,0,0,0
"13697",2016,"AR07",5,"PIEN",0,0,0,0,0,0
"13698",2016,"AR07",5,"PIMO",0,0,0,0,0,0
"13699",2016,"AR07",5,"PISI",0,0,0,0,0,0
"13700",2016,"AR07",5,"PSME",0,0,0,0,0,0
"13701",2016,"AR07",5,"TABR",0,0,0,0,0,0
"13702",2016,"AR07",5,"THPL",0,0,0,0,0,0
"13703",2016,"AR07",5,"TSHE",0,0,0,0,0,0
"13704",2016,"AR07",5,"TSME",9,3,1,7,9,16
"13705",2016,"AR07",6,"ABAM",0,0,0,0,0,0
"13706",2016,"AR07",6,"ABGR",0,0,0,0,0,0
"13707",2016,"AR07",6,"ABLA",0,0,0,0,0,0
"13708",2016,"AR07",6,"ABPR",0,0,0,0,0,0
"13709",2016,"AR07",6,"ACGL",0,0,0,0,0,0
"13710",2016,"AR07",6,"ALRU",0,0,0,0,0,0
"13711",2016,"AR07",6,"CANO",0,0,0,0,0,0
"13712",2016,"AR07",6,"PICO",0,0,0,0,0,0
"13713",2016,"AR07",6,"PIEN",0,0,0,0,0,0
"13714",2016,"AR07",6,"PIMO",0,0,0,0,0,0
"13715",2016,"AR07",6,"PISI",0,0,0,0,0,0
"13716",2016,"AR07",6,"PSME",0,0,0,0,0,0
"13717",2016,"AR07",6,"TABR",0,0,0,0,0,0
"13718",2016,"AR07",6,"THPL",0,0,0,0,0,0
"13719",2016,"AR07",6,"TSHE",0,0,0,0,0,0
"13720",2016,"AR07",6,"TSME",4,3,0,0,0,0
"13721",2016,"AV02",1,"ABAM",0,0,0,0,0,0
"13722",2016,"AV02",1,"ABGR",0,0,0,0,0,0
"13723",2016,"AV02",1,"ABLA",0,0,0,0,0,0
"13724",2016,"AV02",1,"ABPR",0,0,0,0,0,0
"13725",2016,"AV02",1,"ACGL",0,0,0,0,0,0
"13726",2016,"AV02",1,"ALRU",0,0,0,0,0,0
"13727",2016,"AV02",1,"CANO",0,0,0,0,0,0
"13728",2016,"AV02",1,"PICO",0,0,0,0,0,0
"13729",2016,"AV02",1,"PIEN",0,0,0,0,0,0
"13730",2016,"AV02",1,"PIMO",0,0,0,0,0,0
"13731",2016,"AV02",1,"PISI",0,0,0,0,0,0
"13732",2016,"AV02",1,"PSME",0,0,0,0,0,0
"13733",2016,"AV02",1,"TABR",0,0,0,0,0,0
"13734",2016,"AV02",1,"THPL",0,0,0,0,0,0
"13735",2016,"AV02",1,"TSHE",133,94,8,0,2,2
"13736",2016,"AV02",1,"TSME",0,0,0,0,0,0
"13737",2016,"AV02",2,"ABAM",1,0,0,0,0,0
"13738",2016,"AV02",2,"ABGR",0,0,0,0,0,0
"13739",2016,"AV02",2,"ABLA",0,0,0,0,0,0
"13740",2016,"AV02",2,"ABPR",0,0,0,0,0,0
"13741",2016,"AV02",2,"ACGL",0,0,0,0,0,0
"13742",2016,"AV02",2,"ALRU",0,0,0,0,0,0
"13743",2016,"AV02",2,"CANO",0,0,0,0,0,0
"13744",2016,"AV02",2,"PICO",0,0,0,0,0,0
"13745",2016,"AV02",2,"PIEN",0,0,0,0,0,0
"13746",2016,"AV02",2,"PIMO",0,0,0,0,0,0
"13747",2016,"AV02",2,"PISI",0,0,0,0,0,0
"13748",2016,"AV02",2,"PSME",0,0,0,0,0,0
"13749",2016,"AV02",2,"TABR",0,0,0,0,0,0
"13750",2016,"AV02",2,"THPL",0,0,0,0,0,0
"13751",2016,"AV02",2,"TSHE",135,53,14,24,5,29
"13752",2016,"AV02",2,"TSME",0,0,0,0,0,0
"13753",2016,"AV02",3,"ABAM",1,0,0,0,0,0
"13754",2016,"AV02",3,"ABGR",0,0,0,0,0,0
"13755",2016,"AV02",3,"ABLA",0,0,0,0,0,0
"13756",2016,"AV02",3,"ABPR",0,0,0,0,0,0
"13757",2016,"AV02",3,"ACGL",0,0,0,0,0,0
"13758",2016,"AV02",3,"ALRU",0,0,0,0,0,0
"13759",2016,"AV02",3,"CANO",0,0,0,0,0,0
"13760",2016,"AV02",3,"PICO",0,0,0,0,0,0
"13761",2016,"AV02",3,"PIEN",0,0,0,0,0,0
"13762",2016,"AV02",3,"PIMO",0,0,0,0,0,0
"13763",2016,"AV02",3,"PISI",0,0,0,0,0,0
"13764",2016,"AV02",3,"PSME",1,0,0,0,0,0
"13765",2016,"AV02",3,"TABR",0,0,0,0,0,0
"13766",2016,"AV02",3,"THPL",0,0,0,0,0,0
"13767",2016,"AV02",3,"TSHE",204,120,23,31,6,37
"13768",2016,"AV02",3,"TSME",0,0,0,0,0,0
"13769",2016,"AV02",4,"ABAM",0,0,0,0,0,0
"13770",2016,"AV02",4,"ABGR",0,0,0,0,0,0
"13771",2016,"AV02",4,"ABLA",0,0,0,0,0,0
"13772",2016,"AV02",4,"ABPR",0,0,0,0,0,0
"13773",2016,"AV02",4,"ACGL",0,0,0,0,0,0
"13774",2016,"AV02",4,"ALRU",0,0,0,0,0,0
"13775",2016,"AV02",4,"CANO",0,0,0,0,0,0
"13776",2016,"AV02",4,"PICO",0,0,0,0,0,0
"13777",2016,"AV02",4,"PIEN",0,0,0,0,0,0
"13778",2016,"AV02",4,"PIMO",0,0,0,0,0,0
"13779",2016,"AV02",4,"PISI",0,0,0,0,0,0
"13780",2016,"AV02",4,"PSME",0,0,0,0,0,0
"13781",2016,"AV02",4,"TABR",0,0,0,0,0,0
"13782",2016,"AV02",4,"THPL",0,0,0,0,0,0
"13783",2016,"AV02",4,"TSHE",70,38,17,7,6,13
"13784",2016,"AV02",4,"TSME",0,0,0,0,0,0
"13785",2016,"AV02",5,"ABAM",0,0,0,0,0,0
"13786",2016,"AV02",5,"ABGR",0,0,0,0,0,0
"13787",2016,"AV02",5,"ABLA",0,0,0,0,0,0
"13788",2016,"AV02",5,"ABPR",0,0,0,0,0,0
"13789",2016,"AV02",5,"ACGL",0,0,0,0,0,0
"13790",2016,"AV02",5,"ALRU",0,0,0,0,0,0
"13791",2016,"AV02",5,"CANO",0,0,0,0,0,0
"13792",2016,"AV02",5,"PICO",0,0,0,0,0,0
"13793",2016,"AV02",5,"PIEN",0,0,0,0,0,0
"13794",2016,"AV02",5,"PIMO",0,0,0,0,0,0
"13795",2016,"AV02",5,"PISI",0,0,0,0,0,0
"13796",2016,"AV02",5,"PSME",1,0,0,0,0,0
"13797",2016,"AV02",5,"TABR",0,0,0,0,0,0
"13798",2016,"AV02",5,"THPL",0,0,0,0,0,0
"13799",2016,"AV02",5,"TSHE",145,113,9,0,1,1
"13800",2016,"AV02",5,"TSME",0,0,0,0,0,0
"13801",2016,"AV02",6,"ABAM",7,4,0,0,0,0
"13802",2016,"AV02",6,"ABGR",0,0,0,0,0,0
"13803",2016,"AV02",6,"ABLA",0,0,0,0,0,0
"13804",2016,"AV02",6,"ABPR",0,0,0,0,0,0
"13805",2016,"AV02",6,"ACGL",0,0,0,0,0,0
"13806",2016,"AV02",6,"ALRU",0,0,0,0,0,0
"13807",2016,"AV02",6,"CANO",0,0,0,0,0,0
"13808",2016,"AV02",6,"PICO",0,0,0,0,0,0
"13809",2016,"AV02",6,"PIEN",0,0,0,0,0,0
"13810",2016,"AV02",6,"PIMO",0,0,0,0,0,0
"13811",2016,"AV02",6,"PISI",0,0,0,0,0,0
"13812",2016,"AV02",6,"PSME",0,0,0,0,0,0
"13813",2016,"AV02",6,"TABR",0,0,0,0,0,0
"13814",2016,"AV02",6,"THPL",0,0,0,0,0,0
"13815",2016,"AV02",6,"TSHE",141,85,5,0,3,3
"13816",2016,"AV02",6,"TSME",0,0,0,0,0,0
"13817",2016,"AV06",1,"ABAM",0,0,0,0,0,0
"13818",2016,"AV06",1,"ABGR",0,0,0,0,0,0
"13819",2016,"AV06",1,"ABLA",0,0,0,0,0,0
"13820",2016,"AV06",1,"ABPR",0,0,0,0,0,0
"13821",2016,"AV06",1,"ACGL",0,0,0,0,0,0
"13822",2016,"AV06",1,"ALRU",0,0,0,0,0,0
"13823",2016,"AV06",1,"CANO",0,0,0,0,0,0
"13824",2016,"AV06",1,"PICO",0,0,0,0,0,0
"13825",2016,"AV06",1,"PIEN",0,0,0,0,0,0
"13826",2016,"AV06",1,"PIMO",0,0,0,0,0,0
"13827",2016,"AV06",1,"PISI",0,0,0,0,0,0
"13828",2016,"AV06",1,"PSME",1,0,0,0,0,0
"13829",2016,"AV06",1,"TABR",0,0,0,0,0,0
"13830",2016,"AV06",1,"THPL",0,0,0,0,0,0
"13831",2016,"AV06",1,"TSHE",13,46,6,0,15,15
"13832",2016,"AV06",1,"TSME",0,0,0,0,0,0
"13833",2016,"AV06",2,"ABAM",0,1,0,0,0,0
"13834",2016,"AV06",2,"ABGR",0,0,0,0,0,0
"13835",2016,"AV06",2,"ABLA",0,0,0,0,0,0
"13836",2016,"AV06",2,"ABPR",0,0,0,0,0,0
"13837",2016,"AV06",2,"ACGL",0,0,0,0,0,0
"13838",2016,"AV06",2,"ALRU",0,0,0,0,0,0
"13839",2016,"AV06",2,"CANO",0,0,0,0,0,0
"13840",2016,"AV06",2,"PICO",0,0,0,0,0,0
"13841",2016,"AV06",2,"PIEN",0,0,0,0,0,0
"13842",2016,"AV06",2,"PIMO",0,0,0,0,0,0
"13843",2016,"AV06",2,"PISI",0,0,0,0,0,0
"13844",2016,"AV06",2,"PSME",3,0,0,0,0,0
"13845",2016,"AV06",2,"TABR",0,0,0,0,0,0
"13846",2016,"AV06",2,"THPL",0,0,0,0,0,0
"13847",2016,"AV06",2,"TSHE",10,66,26,4,29,33
"13848",2016,"AV06",2,"TSME",0,0,0,0,0,0
"13849",2016,"AV06",3,"ABAM",2,0,0,0,0,0
"13850",2016,"AV06",3,"ABGR",0,0,0,0,0,0
"13851",2016,"AV06",3,"ABLA",0,0,0,0,0,0
"13852",2016,"AV06",3,"ABPR",0,0,0,0,0,0
"13853",2016,"AV06",3,"ACGL",0,0,0,0,0,0
"13854",2016,"AV06",3,"ALRU",0,0,0,0,0,0
"13855",2016,"AV06",3,"CANO",0,0,0,0,0,0
"13856",2016,"AV06",3,"PICO",0,0,0,0,0,0
"13857",2016,"AV06",3,"PIEN",0,0,0,0,0,0
"13858",2016,"AV06",3,"PIMO",0,0,0,0,0,0
"13859",2016,"AV06",3,"PISI",0,0,0,0,0,0
"13860",2016,"AV06",3,"PSME",1,1,0,0,0,0
"13861",2016,"AV06",3,"TABR",0,0,0,0,0,0
"13862",2016,"AV06",3,"THPL",0,0,0,0,0,0
"13863",2016,"AV06",3,"TSHE",25,70,22,17,48,65
"13864",2016,"AV06",3,"TSME",0,0,0,0,0,0
"13865",2016,"AV06",4,"ABAM",0,0,0,0,0,0
"13866",2016,"AV06",4,"ABGR",0,0,0,0,0,0
"13867",2016,"AV06",4,"ABLA",0,0,0,0,0,0
"13868",2016,"AV06",4,"ABPR",0,0,0,0,0,0
"13869",2016,"AV06",4,"ACGL",0,0,0,0,0,0
"13870",2016,"AV06",4,"ALRU",0,0,0,0,0,0
"13871",2016,"AV06",4,"CANO",0,0,0,0,0,0
"13872",2016,"AV06",4,"PICO",0,0,0,0,0,0
"13873",2016,"AV06",4,"PIEN",0,0,0,0,0,0
"13874",2016,"AV06",4,"PIMO",0,0,0,0,0,0
"13875",2016,"AV06",4,"PISI",0,0,0,0,0,0
"13876",2016,"AV06",4,"PSME",1,1,0,0,0,0
"13877",2016,"AV06",4,"TABR",0,0,0,0,0,0
"13878",2016,"AV06",4,"THPL",0,0,0,0,0,0
"13879",2016,"AV06",4,"TSHE",13,24,9,5,9,14
"13880",2016,"AV06",4,"TSME",0,0,0,0,0,0
"13881",2016,"AV06",5,"ABAM",1,1,0,0,0,0
"13882",2016,"AV06",5,"ABGR",0,0,0,0,0,0
"13883",2016,"AV06",5,"ABLA",0,0,0,0,0,0
"13884",2016,"AV06",5,"ABPR",0,0,0,0,0,0
"13885",2016,"AV06",5,"ACGL",0,0,0,0,0,0
"13886",2016,"AV06",5,"ALRU",0,0,0,0,0,0
"13887",2016,"AV06",5,"CANO",0,0,0,0,0,0
"13888",2016,"AV06",5,"PICO",0,0,0,0,0,0
"13889",2016,"AV06",5,"PIEN",0,0,0,0,0,0
"13890",2016,"AV06",5,"PIMO",0,0,0,0,0,0
"13891",2016,"AV06",5,"PISI",0,0,0,0,0,0
"13892",2016,"AV06",5,"PSME",1,2,0,0,0,0
"13893",2016,"AV06",5,"TABR",0,0,0,0,0,0
"13894",2016,"AV06",5,"THPL",0,0,0,0,0,0
"13895",2016,"AV06",5,"TSHE",4,15,0,0,0,0
"13896",2016,"AV06",5,"TSME",0,0,0,0,0,0
"13897",2016,"AV06",6,"ABAM",0,1,0,0,0,0
"13898",2016,"AV06",6,"ABGR",0,0,0,0,0,0
"13899",2016,"AV06",6,"ABLA",0,0,0,0,0,0
"13900",2016,"AV06",6,"ABPR",0,0,0,0,0,0
"13901",2016,"AV06",6,"ACGL",0,0,0,0,0,0
"13902",2016,"AV06",6,"ALRU",0,0,0,0,0,0
"13903",2016,"AV06",6,"CANO",0,0,0,0,0,0
"13904",2016,"AV06",6,"PICO",0,0,0,0,0,0
"13905",2016,"AV06",6,"PIEN",0,0,0,0,0,0
"13906",2016,"AV06",6,"PIMO",0,0,0,0,0,0
"13907",2016,"AV06",6,"PISI",0,0,0,0,0,0
"13908",2016,"AV06",6,"PSME",1,0,0,0,0,0
"13909",2016,"AV06",6,"TABR",0,0,0,0,0,0
"13910",2016,"AV06",6,"THPL",0,0,0,0,0,0
"13911",2016,"AV06",6,"TSHE",8,11,0,0,0,0
"13912",2016,"AV06",6,"TSME",0,0,0,0,0,0
"13913",2016,"AV14",1,"ABAM",0,0,0,0,0,0
"13914",2016,"AV14",1,"ABGR",0,0,0,0,0,0
"13915",2016,"AV14",1,"ABLA",0,0,0,0,0,0
"13916",2016,"AV14",1,"ABPR",0,0,0,0,0,0
"13917",2016,"AV14",1,"ACGL",0,0,0,0,0,0
"13918",2016,"AV14",1,"ALRU",0,0,0,0,0,0
"13919",2016,"AV14",1,"CANO",0,0,0,0,0,0
"13920",2016,"AV14",1,"PICO",0,0,0,0,0,0
"13921",2016,"AV14",1,"PIEN",0,0,0,0,0,0
"13922",2016,"AV14",1,"PIMO",0,0,0,0,0,0
"13923",2016,"AV14",1,"PISI",0,0,0,0,0,0
"13924",2016,"AV14",1,"PSME",1,0,0,0,0,0
"13925",2016,"AV14",1,"TABR",0,0,0,0,0,0
"13926",2016,"AV14",1,"THPL",0,0,0,0,0,0
"13927",2016,"AV14",1,"TSHE",116,42,8,1,2,3
"13928",2016,"AV14",1,"TSME",0,0,0,0,0,0
"13929",2016,"AV14",2,"ABAM",3,1,0,0,0,0
"13930",2016,"AV14",2,"ABGR",0,0,0,0,0,0
"13931",2016,"AV14",2,"ABLA",0,0,0,0,0,0
"13932",2016,"AV14",2,"ABPR",0,0,0,0,0,0
"13933",2016,"AV14",2,"ACGL",0,0,0,0,0,0
"13934",2016,"AV14",2,"ALRU",0,0,0,0,0,0
"13935",2016,"AV14",2,"CANO",0,0,0,0,0,0
"13936",2016,"AV14",2,"PICO",0,0,0,0,0,0
"13937",2016,"AV14",2,"PIEN",0,0,0,0,0,0
"13938",2016,"AV14",2,"PIMO",0,0,0,0,0,0
"13939",2016,"AV14",2,"PISI",0,0,0,0,0,0
"13940",2016,"AV14",2,"PSME",0,0,0,0,0,0
"13941",2016,"AV14",2,"TABR",0,0,0,0,0,0
"13942",2016,"AV14",2,"THPL",0,0,0,0,0,0
"13943",2016,"AV14",2,"TSHE",368,65,10,29,22,51
"13944",2016,"AV14",2,"TSME",0,0,0,0,0,0
"13945",2016,"AV14",3,"ABAM",0,0,0,0,0,0
"13946",2016,"AV14",3,"ABGR",0,0,0,0,0,0
"13947",2016,"AV14",3,"ABLA",0,0,0,0,0,0
"13948",2016,"AV14",3,"ABPR",0,0,0,0,0,0
"13949",2016,"AV14",3,"ACGL",0,0,0,0,0,0
"13950",2016,"AV14",3,"ALRU",0,0,0,0,0,0
"13951",2016,"AV14",3,"CANO",0,0,0,0,0,0
"13952",2016,"AV14",3,"PICO",0,0,0,0,0,0
"13953",2016,"AV14",3,"PIEN",0,0,0,0,0,0
"13954",2016,"AV14",3,"PIMO",0,0,0,0,0,0
"13955",2016,"AV14",3,"PISI",0,0,0,0,0,0
"13956",2016,"AV14",3,"PSME",0,0,0,0,0,0
"13957",2016,"AV14",3,"TABR",0,0,0,0,0,0
"13958",2016,"AV14",3,"THPL",0,0,0,0,0,0
"13959",2016,"AV14",3,"TSHE",39,53,14,24,5,29
"13960",2016,"AV14",3,"TSME",0,0,0,0,0,0
"13961",2016,"AV14",4,"ABAM",0,0,0,0,0,0
"13962",2016,"AV14",4,"ABGR",0,0,0,0,0,0
"13963",2016,"AV14",4,"ABLA",0,0,0,0,0,0
"13964",2016,"AV14",4,"ABPR",0,0,0,0,0,0
"13965",2016,"AV14",4,"ACGL",0,0,0,0,0,0
"13966",2016,"AV14",4,"ALRU",0,0,0,0,0,0
"13967",2016,"AV14",4,"CANO",0,0,0,0,0,0
"13968",2016,"AV14",4,"PICO",0,0,0,0,0,0
"13969",2016,"AV14",4,"PIEN",0,0,0,0,0,0
"13970",2016,"AV14",4,"PIMO",0,0,0,0,0,0
"13971",2016,"AV14",4,"PISI",0,0,0,0,0,0
"13972",2016,"AV14",4,"PSME",0,0,0,0,0,0
"13973",2016,"AV14",4,"TABR",0,0,0,0,0,0
"13974",2016,"AV14",4,"THPL",0,0,0,0,0,0
"13975",2016,"AV14",4,"TSHE",281,77,88,745,99,844
"13976",2016,"AV14",4,"TSME",0,0,0,0,0,0
"13977",2016,"AV14",5,"ABAM",0,0,0,0,0,0
"13978",2016,"AV14",5,"ABGR",0,0,0,0,0,0
"13979",2016,"AV14",5,"ABLA",0,0,0,0,0,0
"13980",2016,"AV14",5,"ABPR",0,0,0,0,0,0
"13981",2016,"AV14",5,"ACGL",0,0,0,0,0,0
"13982",2016,"AV14",5,"ALRU",0,0,0,0,0,0
"13983",2016,"AV14",5,"CANO",1,0,0,0,0,0
"13984",2016,"AV14",5,"PICO",0,0,0,0,0,0
"13985",2016,"AV14",5,"PIEN",0,0,0,0,0,0
"13986",2016,"AV14",5,"PIMO",0,0,0,0,0,0
"13987",2016,"AV14",5,"PISI",0,0,0,0,0,0
"13988",2016,"AV14",5,"PSME",0,0,0,0,0,0
"13989",2016,"AV14",5,"TABR",0,0,0,0,0,0
"13990",2016,"AV14",5,"THPL",0,0,0,0,0,0
"13991",2016,"AV14",5,"TSHE",285,42,86,269,89,358
"13992",2016,"AV14",5,"TSME",0,0,0,0,0,0
"13993",2016,"AV14",6,"ABAM",1,0,0,0,0,0
"13994",2016,"AV14",6,"ABGR",0,0,0,0,0,0
"13995",2016,"AV14",6,"ABLA",0,0,0,0,0,0
"13996",2016,"AV14",6,"ABPR",0,0,0,0,0,0
"13997",2016,"AV14",6,"ACGL",0,0,0,0,0,0
"13998",2016,"AV14",6,"ALRU",0,0,0,0,0,0
"13999",2016,"AV14",6,"CANO",0,0,0,0,0,0
"14000",2016,"AV14",6,"PICO",0,0,0,0,0,0
"14001",2016,"AV14",6,"PIEN",0,0,0,0,0,0
"14002",2016,"AV14",6,"PIMO",0,0,0,0,0,0
"14003",2016,"AV14",6,"PISI",0,0,0,0,0,0
"14004",2016,"AV14",6,"PSME",0,0,0,0,0,0
"14005",2016,"AV14",6,"TABR",0,0,0,0,0,0
"14006",2016,"AV14",6,"THPL",0,0,0,0,0,0
"14007",2016,"AV14",6,"TSHE",263,65,38,78,16,94
"14008",2016,"AV14",6,"TSME",0,0,0,0,0,0
"14009",2016,"AX15",1,"ABAM",0,0,0,0,0,0
"14010",2016,"AX15",1,"ABGR",0,0,0,0,0,0
"14011",2016,"AX15",1,"ABLA",0,0,0,0,0,0
"14012",2016,"AX15",1,"ABPR",0,0,0,0,0,0
"14013",2016,"AX15",1,"ACGL",0,0,0,0,0,0
"14014",2016,"AX15",1,"ALRU",0,0,0,0,0,0
"14015",2016,"AX15",1,"CANO",0,0,0,0,0,0
"14016",2016,"AX15",1,"PICO",0,0,0,0,0,0
"14017",2016,"AX15",1,"PIEN",0,0,0,0,0,0
"14018",2016,"AX15",1,"PIMO",0,0,0,0,0,0
"14019",2016,"AX15",1,"PISI",0,0,0,0,0,0
"14020",2016,"AX15",1,"PSME",0,1,0,0,0,0
"14021",2016,"AX15",1,"TABR",0,0,0,0,0,0
"14022",2016,"AX15",1,"THPL",0,0,13,24,19,43
"14023",2016,"AX15",1,"TSHE",57,33,4,3,0,3
"14024",2016,"AX15",1,"TSME",0,0,0,0,0,0
"14025",2016,"AX15",2,"ABAM",0,0,0,0,0,0
"14026",2016,"AX15",2,"ABGR",0,0,0,0,0,0
"14027",2016,"AX15",2,"ABLA",0,0,0,0,0,0
"14028",2016,"AX15",2,"ABPR",0,0,0,0,0,0
"14029",2016,"AX15",2,"ACGL",0,0,0,0,0,0
"14030",2016,"AX15",2,"ALRU",0,0,0,0,0,0
"14031",2016,"AX15",2,"CANO",0,0,0,0,0,0
"14032",2016,"AX15",2,"PICO",0,0,0,0,0,0
"14033",2016,"AX15",2,"PIEN",0,0,0,0,0,0
"14034",2016,"AX15",2,"PIMO",0,0,0,0,0,0
"14035",2016,"AX15",2,"PISI",0,0,0,0,0,0
"14036",2016,"AX15",2,"PSME",1,4,0,0,0,0
"14037",2016,"AX15",2,"TABR",0,0,0,0,0,0
"14038",2016,"AX15",2,"THPL",0,0,0,0,0,0
"14039",2016,"AX15",2,"TSHE",66,49,3,5,8,13
"14040",2016,"AX15",2,"TSME",0,0,0,0,0,0
"14041",2016,"AX15",3,"ABAM",0,0,0,0,0,0
"14042",2016,"AX15",3,"ABGR",0,0,0,0,0,0
"14043",2016,"AX15",3,"ABLA",0,0,0,0,0,0
"14044",2016,"AX15",3,"ABPR",0,0,0,0,0,0
"14045",2016,"AX15",3,"ACGL",0,0,0,0,0,0
"14046",2016,"AX15",3,"ALRU",0,0,0,0,0,0
"14047",2016,"AX15",3,"CANO",0,0,0,0,0,0
"14048",2016,"AX15",3,"PICO",0,0,0,0,0,0
"14049",2016,"AX15",3,"PIEN",0,0,0,0,0,0
"14050",2016,"AX15",3,"PIMO",0,0,0,0,0,0
"14051",2016,"AX15",3,"PISI",0,0,0,0,0,0
"14052",2016,"AX15",3,"PSME",1,0,0,0,0,0
"14053",2016,"AX15",3,"TABR",0,0,0,0,0,0
"14054",2016,"AX15",3,"THPL",0,0,1,1,1,2
"14055",2016,"AX15",3,"TSHE",57,50,2,1,0,1
"14056",2016,"AX15",3,"TSME",0,0,0,0,0,0
"14057",2016,"AX15",4,"ABAM",0,0,0,0,0,0
"14058",2016,"AX15",4,"ABGR",0,0,0,0,0,0
"14059",2016,"AX15",4,"ABLA",0,0,0,0,0,0
"14060",2016,"AX15",4,"ABPR",0,0,0,0,0,0
"14061",2016,"AX15",4,"ACGL",0,0,0,0,0,0
"14062",2016,"AX15",4,"ALRU",0,0,0,0,0,0
"14063",2016,"AX15",4,"CANO",0,0,0,0,0,0
"14064",2016,"AX15",4,"PICO",0,0,0,0,0,0
"14065",2016,"AX15",4,"PIEN",0,0,0,0,0,0
"14066",2016,"AX15",4,"PIMO",0,0,0,0,0,0
"14067",2016,"AX15",4,"PISI",0,0,0,0,0,0
"14068",2016,"AX15",4,"PSME",1,0,0,0,0,0
"14069",2016,"AX15",4,"TABR",0,0,0,0,0,0
"14070",2016,"AX15",4,"THPL",0,0,0,0,0,0
"14071",2016,"AX15",4,"TSHE",41,41,4,2,0,2
"14072",2016,"AX15",4,"TSME",0,0,0,0,0,0
"14073",2016,"AX15",5,"ABAM",0,0,0,0,0,0
"14074",2016,"AX15",5,"ABGR",0,0,0,0,0,0
"14075",2016,"AX15",5,"ABLA",0,0,0,0,0,0
"14076",2016,"AX15",5,"ABPR",0,0,0,0,0,0
"14077",2016,"AX15",5,"ACGL",0,0,0,0,0,0
"14078",2016,"AX15",5,"ALRU",0,0,0,0,0,0
"14079",2016,"AX15",5,"CANO",0,0,0,0,0,0
"14080",2016,"AX15",5,"PICO",0,0,0,0,0,0
"14081",2016,"AX15",5,"PIEN",0,0,0,0,0,0
"14082",2016,"AX15",5,"PIMO",0,0,0,0,0,0
"14083",2016,"AX15",5,"PISI",0,0,0,0,0,0
"14084",2016,"AX15",5,"PSME",0,0,0,0,0,0
"14085",2016,"AX15",5,"TABR",0,0,0,0,0,0
"14086",2016,"AX15",5,"THPL",0,0,0,0,0,0
"14087",2016,"AX15",5,"TSHE",89,48,5,0,2,2
"14088",2016,"AX15",5,"TSME",0,0,0,0,0,0
"14089",2016,"AX15",6,"ABAM",0,0,0,0,0,0
"14090",2016,"AX15",6,"ABGR",0,0,0,0,0,0
"14091",2016,"AX15",6,"ABLA",0,0,0,0,0,0
"14092",2016,"AX15",6,"ABPR",0,0,0,0,0,0
"14093",2016,"AX15",6,"ACGL",0,0,0,0,0,0
"14094",2016,"AX15",6,"ALRU",0,0,0,0,0,0
"14095",2016,"AX15",6,"CANO",0,0,0,0,0,0
"14096",2016,"AX15",6,"PICO",0,0,0,0,0,0
"14097",2016,"AX15",6,"PIEN",0,0,0,0,0,0
"14098",2016,"AX15",6,"PIMO",0,0,0,0,0,0
"14099",2016,"AX15",6,"PISI",0,0,0,0,0,0
"14100",2016,"AX15",6,"PSME",0,0,0,0,0,0
"14101",2016,"AX15",6,"TABR",0,0,0,0,0,0
"14102",2016,"AX15",6,"THPL",0,0,0,0,0,0
"14103",2016,"AX15",6,"TSHE",146,180,9,3,7,10
"14104",2016,"AX15",6,"TSME",0,0,0,0,0,0
"14105",2016,"PARA",1,"ABAM",36,23,0,0,0,0
"14106",2016,"PARA",1,"ABGR",0,0,0,0,0,0
"14107",2016,"PARA",1,"ABLA",4,1,0,0,0,0
"14108",2016,"PARA",1,"ABPR",0,0,0,0,0,0
"14109",2016,"PARA",1,"ACGL",0,0,0,0,0,0
"14110",2016,"PARA",1,"ALRU",0,0,0,0,0,0
"14111",2016,"PARA",1,"CANO",0,0,0,0,0,0
"14112",2016,"PARA",1,"PICO",0,0,0,0,0,0
"14113",2016,"PARA",1,"PIEN",0,0,0,0,0,0
"14114",2016,"PARA",1,"PIMO",0,0,0,0,0,0
"14115",2016,"PARA",1,"PISI",0,0,0,0,0,0
"14116",2016,"PARA",1,"PSME",0,0,0,0,0,0
"14117",2016,"PARA",1,"TABR",0,0,0,0,0,0
"14118",2016,"PARA",1,"THPL",0,0,0,0,0,0
"14119",2016,"PARA",1,"TSHE",0,0,0,0,0,0
"14120",2016,"PARA",1,"TSME",10,4,0,0,0,0
"14121",2016,"PARA",3,"ABAM",15,18,0,0,0,0
"14122",2016,"PARA",3,"ABGR",0,0,0,0,0,0
"14123",2016,"PARA",3,"ABLA",12,8,0,0,0,0
"14124",2016,"PARA",3,"ABPR",0,0,0,0,0,0
"14125",2016,"PARA",3,"ACGL",0,0,0,0,0,0
"14126",2016,"PARA",3,"ALRU",0,0,0,0,0,0
"14127",2016,"PARA",3,"CANO",0,0,0,0,0,0
"14128",2016,"PARA",3,"PICO",0,0,0,0,0,0
"14129",2016,"PARA",3,"PIEN",0,0,0,0,0,0
"14130",2016,"PARA",3,"PIMO",0,0,0,0,0,0
"14131",2016,"PARA",3,"PISI",0,0,0,0,0,0
"14132",2016,"PARA",3,"PSME",0,0,0,0,0,0
"14133",2016,"PARA",3,"TABR",0,0,0,0,0,0
"14134",2016,"PARA",3,"THPL",0,0,0,0,0,0
"14135",2016,"PARA",3,"TSHE",0,0,0,0,0,0
"14136",2016,"PARA",3,"TSME",51,20,1,11,0,11
"14137",2016,"PARA",4,"ABAM",13,4,0,0,0,0
"14138",2016,"PARA",4,"ABGR",0,0,0,0,0,0
"14139",2016,"PARA",4,"ABLA",9,2,0,0,0,0
"14140",2016,"PARA",4,"ABPR",0,0,0,0,0,0
"14141",2016,"PARA",4,"ACGL",0,0,0,0,0,0
"14142",2016,"PARA",4,"ALRU",0,0,0,0,0,0
"14143",2016,"PARA",4,"CANO",0,0,0,0,0,0
"14144",2016,"PARA",4,"PICO",0,0,0,0,0,0
"14145",2016,"PARA",4,"PIEN",0,0,0,0,0,0
"14146",2016,"PARA",4,"PIMO",0,0,0,0,0,0
"14147",2016,"PARA",4,"PISI",0,0,0,0,0,0
"14148",2016,"PARA",4,"PSME",0,0,0,0,0,0
"14149",2016,"PARA",4,"TABR",0,0,0,0,0,0
"14150",2016,"PARA",4,"THPL",0,0,0,0,0,0
"14151",2016,"PARA",4,"TSHE",0,0,0,0,0,0
"14152",2016,"PARA",4,"TSME",50,20,1,1,1,2
"14153",2016,"PARA",5,"ABAM",12,8,0,0,0,0
"14154",2016,"PARA",5,"ABGR",0,0,0,0,0,0
"14155",2016,"PARA",5,"ABLA",3,1,0,0,0,0
"14156",2016,"PARA",5,"ABPR",0,0,0,0,0,0
"14157",2016,"PARA",5,"ACGL",0,0,0,0,0,0
"14158",2016,"PARA",5,"ALRU",0,0,0,0,0,0
"14159",2016,"PARA",5,"CANO",0,0,0,0,0,0
"14160",2016,"PARA",5,"PICO",0,0,0,0,0,0
"14161",2016,"PARA",5,"PIEN",0,0,0,0,0,0
"14162",2016,"PARA",5,"PIMO",0,0,0,0,0,0
"14163",2016,"PARA",5,"PISI",0,0,0,0,0,0
"14164",2016,"PARA",5,"PSME",0,0,0,0,0,0
"14165",2016,"PARA",5,"TABR",0,0,0,0,0,0
"14166",2016,"PARA",5,"THPL",0,0,0,0,0,0
"14167",2016,"PARA",5,"TSHE",0,0,0,0,0,0
"14168",2016,"PARA",5,"TSME",41,8,2,44,28,72
"14169",2016,"PARA",6,"ABAM",32,2,0,0,0,0
"14170",2016,"PARA",6,"ABGR",0,0,0,0,0,0
"14171",2016,"PARA",6,"ABLA",11,3,0,0,0,0
"14172",2016,"PARA",6,"ABPR",0,0,0,0,0,0
"14173",2016,"PARA",6,"ACGL",0,0,0,0,0,0
"14174",2016,"PARA",6,"ALRU",0,0,0,0,0,0
"14175",2016,"PARA",6,"CANO",0,0,0,0,0,0
"14176",2016,"PARA",6,"PICO",0,0,0,0,0,0
"14177",2016,"PARA",6,"PIEN",0,0,0,0,0,0
"14178",2016,"PARA",6,"PIMO",0,0,0,0,0,0
"14179",2016,"PARA",6,"PISI",0,0,0,0,0,0
"14180",2016,"PARA",6,"PSME",0,1,0,0,0,0
"14181",2016,"PARA",6,"TABR",0,0,0,0,0,0
"14182",2016,"PARA",6,"THPL",0,0,0,0,0,0
"14183",2016,"PARA",6,"TSHE",0,0,0,0,0,0
"14184",2016,"PARA",6,"TSME",80,9,3,31,7,38
"14185",2016,"PP17",1,"ABAM",0,0,0,0,0,0
"14186",2016,"PP17",1,"ABGR",0,0,0,0,0,0
"14187",2016,"PP17",1,"ABLA",0,0,0,0,0,0
"14188",2016,"PP17",1,"ABPR",0,0,0,0,0,0
"14189",2016,"PP17",1,"ACGL",0,0,0,0,0,0
"14190",2016,"PP17",1,"ALRU",0,0,0,0,0,0
"14191",2016,"PP17",1,"CANO",0,0,0,0,0,0
"14192",2016,"PP17",1,"PICO",5,5,0,0,0,0
"14193",2016,"PP17",1,"PIEN",0,1,0,0,0,0
"14194",2016,"PP17",1,"PIMO",0,0,0,0,0,0
"14195",2016,"PP17",1,"PISI",0,0,0,0,0,0
"14196",2016,"PP17",1,"PSME",2,3,0,0,0,0
"14197",2016,"PP17",1,"TABR",0,0,0,0,0,0
"14198",2016,"PP17",1,"THPL",0,0,0,0,0,0
"14199",2016,"PP17",1,"TSHE",1,1,0,0,0,0
"14200",2016,"PP17",1,"TSME",0,0,0,0,0,0
"14201",2016,"PP17",2,"ABAM",0,0,0,0,0,0
"14202",2016,"PP17",2,"ABGR",0,0,0,0,0,0
"14203",2016,"PP17",2,"ABLA",0,0,0,0,0,0
"14204",2016,"PP17",2,"ABPR",0,0,0,0,0,0
"14205",2016,"PP17",2,"ACGL",0,0,0,0,0,0
"14206",2016,"PP17",2,"ALRU",6,2,0,0,0,0
"14207",2016,"PP17",2,"CANO",0,0,0,0,0,0
"14208",2016,"PP17",2,"PICO",3,6,1,0,0,0
"14209",2016,"PP17",2,"PIEN",4,2,0,0,0,0
"14210",2016,"PP17",2,"PIMO",0,0,0,0,0,0
"14211",2016,"PP17",2,"PISI",0,0,0,0,0,0
"14212",2016,"PP17",2,"PSME",2,3,0,0,0,0
"14213",2016,"PP17",2,"TABR",0,0,0,0,0,0
"14214",2016,"PP17",2,"THPL",0,0,0,0,0,0
"14215",2016,"PP17",2,"TSHE",1,1,0,0,0,0
"14216",2016,"PP17",2,"TSME",8,8,0,6,0,6
"14217",2016,"PP17",3,"ABAM",0,0,0,0,0,0
"14218",2016,"PP17",3,"ABGR",0,0,0,0,0,0
"14219",2016,"PP17",3,"ABLA",0,0,0,0,0,0
"14220",2016,"PP17",3,"ABPR",0,0,0,0,0,0
"14221",2016,"PP17",3,"ACGL",0,0,0,0,0,0
"14222",2016,"PP17",3,"ALRU",5,0,0,0,0,0
"14223",2016,"PP17",3,"CANO",0,0,0,0,0,0
"14224",2016,"PP17",3,"PICO",0,0,0,0,0,0
"14225",2016,"PP17",3,"PIEN",0,0,0,0,0,0
"14226",2016,"PP17",3,"PIMO",0,0,0,0,0,0
"14227",2016,"PP17",3,"PISI",0,0,0,0,0,0
"14228",2016,"PP17",3,"PSME",4,4,0,0,0,0
"14229",2016,"PP17",3,"TABR",0,0,0,0,0,0
"14230",2016,"PP17",3,"THPL",0,0,0,0,0,0
"14231",2016,"PP17",3,"TSHE",1,0,0,0,0,0
"14232",2016,"PP17",3,"TSME",3,1,0,0,0,0
"14233",2016,"PP17",4,"ABAM",0,0,0,0,0,0
"14234",2016,"PP17",4,"ABGR",0,0,0,0,0,0
"14235",2016,"PP17",4,"ABLA",0,0,0,0,0,0
"14236",2016,"PP17",4,"ABPR",0,0,0,0,0,0
"14237",2016,"PP17",4,"ACGL",0,0,0,0,0,0
"14238",2016,"PP17",4,"ALRU",0,0,0,0,0,0
"14239",2016,"PP17",4,"CANO",0,0,0,0,0,0
"14240",2016,"PP17",4,"PICO",3,6,0,0,0,0
"14241",2016,"PP17",4,"PIEN",0,0,0,0,0,0
"14242",2016,"PP17",4,"PIMO",0,0,0,0,0,0
"14243",2016,"PP17",4,"PISI",0,0,0,0,0,0
"14244",2016,"PP17",4,"PSME",2,1,0,0,0,0
"14245",2016,"PP17",4,"TABR",0,0,0,0,0,0
"14246",2016,"PP17",4,"THPL",0,0,0,0,0,0
"14247",2016,"PP17",4,"TSHE",0,3,0,0,0,0
"14248",2016,"PP17",4,"TSME",0,0,0,0,0,0
"14249",2016,"PP17",5,"ABAM",0,0,0,0,0,0
"14250",2016,"PP17",5,"ABGR",1,0,0,0,0,0
"14251",2016,"PP17",5,"ABLA",0,0,0,0,0,0
"14252",2016,"PP17",5,"ABPR",0,0,0,0,0,0
"14253",2016,"PP17",5,"ACGL",0,0,0,0,0,0
"14254",2016,"PP17",5,"ALRU",0,0,0,0,0,0
"14255",2016,"PP17",5,"CANO",0,0,0,0,0,0
"14256",2016,"PP17",5,"PICO",0,0,0,0,0,0
"14257",2016,"PP17",5,"PIEN",0,2,0,0,0,0
"14258",2016,"PP17",5,"PIMO",0,0,0,0,0,0
"14259",2016,"PP17",5,"PISI",0,0,0,0,0,0
"14260",2016,"PP17",5,"PSME",1,14,0,0,0,0
"14261",2016,"PP17",5,"TABR",0,0,0,0,0,0
"14262",2016,"PP17",5,"THPL",2,0,0,0,0,0
"14263",2016,"PP17",5,"TSHE",1,0,0,0,0,0
"14264",2016,"PP17",5,"TSME",0,0,0,0,0,0
"14265",2016,"PP17",6,"ABAM",0,0,0,0,0,0
"14266",2016,"PP17",6,"ABGR",0,0,0,0,0,0
"14267",2016,"PP17",6,"ABLA",0,0,0,0,0,0
"14268",2016,"PP17",6,"ABPR",0,0,0,0,0,0
"14269",2016,"PP17",6,"ACGL",0,0,0,0,0,0
"14270",2016,"PP17",6,"ALRU",0,0,0,0,0,0
"14271",2016,"PP17",6,"CANO",0,0,0,0,0,0
"14272",2016,"PP17",6,"PICO",1,2,0,0,0,0
"14273",2016,"PP17",6,"PIEN",1,3,0,0,0,0
"14274",2016,"PP17",6,"PIMO",0,0,0,0,0,0
"14275",2016,"PP17",6,"PISI",0,0,0,0,0,0
"14276",2016,"PP17",6,"PSME",5,3,1,4,1,5
"14277",2016,"PP17",6,"TABR",0,0,0,0,0,0
"14278",2016,"PP17",6,"THPL",0,0,0,0,0,0
"14279",2016,"PP17",6,"TSHE",0,0,0,0,0,0
"14280",2016,"PP17",6,"TSME",0,0,0,0,0,0
"14281",2016,"SPRY",1,"ABAM",14,7,0,0,0,0
"14282",2016,"SPRY",1,"ABGR",0,0,0,0,0,0
"14283",2016,"SPRY",1,"ABLA",7,2,0,0,0,0
"14284",2016,"SPRY",1,"ABPR",0,0,0,0,0,0
"14285",2016,"SPRY",1,"ACGL",0,0,0,0,0,0
"14286",2016,"SPRY",1,"ALRU",0,0,0,0,0,0
"14287",2016,"SPRY",1,"CANO",5,2,0,0,0,0
"14288",2016,"SPRY",1,"PICO",0,0,0,0,0,0
"14289",2016,"SPRY",1,"PIEN",0,0,0,0,0,0
"14290",2016,"SPRY",1,"PIMO",0,0,0,0,0,0
"14291",2016,"SPRY",1,"PISI",0,0,0,0,0,0
"14292",2016,"SPRY",1,"PSME",1,0,0,0,0,0
"14293",2016,"SPRY",1,"TABR",0,0,0,0,0,0
"14294",2016,"SPRY",1,"THPL",0,0,0,0,0,0
"14295",2016,"SPRY",1,"TSHE",0,0,0,0,0,0
"14296",2016,"SPRY",1,"TSME",62,16,1,0,0,0
"14297",2016,"SPRY",2,"ABAM",12,6,0,0,0,0
"14298",2016,"SPRY",2,"ABGR",0,0,0,0,0,0
"14299",2016,"SPRY",2,"ABLA",4,3,0,0,0,0
"14300",2016,"SPRY",2,"ABPR",0,0,0,0,0,0
"14301",2016,"SPRY",2,"ACGL",0,0,0,0,0,0
"14302",2016,"SPRY",2,"ALRU",0,0,0,0,0,0
"14303",2016,"SPRY",2,"CANO",16,1,0,0,0,0
"14304",2016,"SPRY",2,"PICO",0,0,0,0,0,0
"14305",2016,"SPRY",2,"PIEN",0,0,0,0,0,0
"14306",2016,"SPRY",2,"PIMO",0,0,0,0,0,0
"14307",2016,"SPRY",2,"PISI",0,0,0,0,0,0
"14308",2016,"SPRY",2,"PSME",0,0,0,0,0,0
"14309",2016,"SPRY",2,"TABR",0,0,0,0,0,0
"14310",2016,"SPRY",2,"THPL",0,0,0,0,0,0
"14311",2016,"SPRY",2,"TSHE",0,0,0,0,0,0
"14312",2016,"SPRY",2,"TSME",46,24,1,11,6,17
"14313",2016,"SPRY",3,"ABAM",12,1,0,0,0,0
"14314",2016,"SPRY",3,"ABGR",0,0,0,0,0,0
"14315",2016,"SPRY",3,"ABLA",2,3,0,0,0,0
"14316",2016,"SPRY",3,"ABPR",5,1,0,0,0,0
"14317",2016,"SPRY",3,"ACGL",0,0,0,0,0,0
"14318",2016,"SPRY",3,"ALRU",0,0,0,0,0,0
"14319",2016,"SPRY",3,"CANO",36,2,2,6,2,8
"14320",2016,"SPRY",3,"PICO",0,0,0,0,0,0
"14321",2016,"SPRY",3,"PIEN",0,0,0,0,0,0
"14322",2016,"SPRY",3,"PIMO",0,0,0,0,0,0
"14323",2016,"SPRY",3,"PISI",0,0,0,0,0,0
"14324",2016,"SPRY",3,"PSME",0,0,0,0,0,0
"14325",2016,"SPRY",3,"TABR",0,0,0,0,0,0
"14326",2016,"SPRY",3,"THPL",0,0,0,0,0,0
"14327",2016,"SPRY",3,"TSHE",0,0,0,0,0,0
"14328",2016,"SPRY",3,"TSME",47,4,1,15,7,22
"14329",2016,"SPRY",4,"ABAM",20,10,0,0,0,0
"14330",2016,"SPRY",4,"ABGR",0,0,0,0,0,0
"14331",2016,"SPRY",4,"ABLA",14,11,0,0,0,0
"14332",2016,"SPRY",4,"ABPR",5,3,0,0,0,0
"14333",2016,"SPRY",4,"ACGL",0,0,0,0,0,0
"14334",2016,"SPRY",4,"ALRU",0,0,0,0,0,0
"14335",2016,"SPRY",4,"CANO",19,0,0,4,0,4
"14336",2016,"SPRY",4,"PICO",0,0,0,0,0,0
"14337",2016,"SPRY",4,"PIEN",0,0,0,0,0,0
"14338",2016,"SPRY",4,"PIMO",0,0,0,0,0,0
"14339",2016,"SPRY",4,"PISI",0,0,0,0,0,0
"14340",2016,"SPRY",4,"PSME",0,0,0,0,0,0
"14341",2016,"SPRY",4,"TABR",0,0,0,0,0,0
"14342",2016,"SPRY",4,"THPL",0,0,0,0,0,0
"14343",2016,"SPRY",4,"TSHE",0,0,0,0,0,0
"14344",2016,"SPRY",4,"TSME",84,4,0,0,0,0
"14345",2016,"SPRY",5,"ABAM",21,11,0,0,0,0
"14346",2016,"SPRY",5,"ABGR",0,0,0,0,0,0
"14347",2016,"SPRY",5,"ABLA",21,2,0,1,1,2
"14348",2016,"SPRY",5,"ABPR",16,2,0,0,0,0
"14349",2016,"SPRY",5,"ACGL",0,0,0,0,0,0
"14350",2016,"SPRY",5,"ALRU",0,0,0,0,0,0
"14351",2016,"SPRY",5,"CANO",20,0,0,0,0,0
"14352",2016,"SPRY",5,"PICO",0,0,0,0,0,0
"14353",2016,"SPRY",5,"PIEN",0,0,0,0,0,0
"14354",2016,"SPRY",5,"PIMO",0,0,0,0,0,0
"14355",2016,"SPRY",5,"PISI",0,0,0,0,0,0
"14356",2016,"SPRY",5,"PSME",0,0,0,0,0,0
"14357",2016,"SPRY",5,"TABR",0,0,0,0,0,0
"14358",2016,"SPRY",5,"THPL",0,0,0,0,0,0
"14359",2016,"SPRY",5,"TSHE",0,0,0,0,0,0
"14360",2016,"SPRY",5,"TSME",94,11,0,0,0,0
"14361",2016,"SPRY",6,"ABAM",28,15,0,0,0,0
"14362",2016,"SPRY",6,"ABGR",0,0,0,0,0,0
"14363",2016,"SPRY",6,"ABLA",7,9,0,0,0,0
"14364",2016,"SPRY",6,"ABPR",18,10,0,0,0,0
"14365",2016,"SPRY",6,"ACGL",0,0,0,0,0,0
"14366",2016,"SPRY",6,"ALRU",1,0,0,0,0,0
"14367",2016,"SPRY",6,"CANO",33,0,6,10,0,10
"14368",2016,"SPRY",6,"PICO",0,0,0,0,0,0
"14369",2016,"SPRY",6,"PIEN",0,0,0,0,0,0
"14370",2016,"SPRY",6,"PIMO",0,0,0,0,0,0
"14371",2016,"SPRY",6,"PISI",0,0,0,0,0,0
"14372",2016,"SPRY",6,"PSME",0,0,0,0,0,0
"14373",2016,"SPRY",6,"TABR",0,0,0,0,0,0
"14374",2016,"SPRY",6,"THPL",0,0,0,0,0,0
"14375",2016,"SPRY",6,"TSHE",0,0,0,0,0,0
"14376",2016,"SPRY",6,"TSME",41,4,0,0,0,0
"14377",2016,"SUNR",1,"ABAM",23,16,0,0,0,0
"14378",2016,"SUNR",1,"ABGR",0,0,0,0,0,0
"14379",2016,"SUNR",1,"ABLA",5,6,0,0,0,0
"14380",2016,"SUNR",1,"ABPR",0,0,0,0,0,0
"14381",2016,"SUNR",1,"ACGL",0,0,0,0,0,0
"14382",2016,"SUNR",1,"ALRU",0,0,0,0,0,0
"14383",2016,"SUNR",1,"CANO",4,4,0,0,0,0
"14384",2016,"SUNR",1,"PICO",0,0,0,0,0,0
"14385",2016,"SUNR",1,"PIEN",1,0,0,0,0,0
"14386",2016,"SUNR",1,"PIMO",0,0,0,0,0,0
"14387",2016,"SUNR",1,"PISI",0,0,0,0,0,0
"14388",2016,"SUNR",1,"PSME",0,0,0,0,0,0
"14389",2016,"SUNR",1,"TABR",0,0,0,0,0,0
"14390",2016,"SUNR",1,"THPL",0,0,0,0,0,0
"14391",2016,"SUNR",1,"TSHE",0,0,0,0,0,0
"14392",2016,"SUNR",1,"TSME",3,2,0,0,0,0
"14393",2016,"SUNR",2,"ABAM",20,8,0,2,0,2
"14394",2016,"SUNR",2,"ABGR",0,0,0,0,0,0
"14395",2016,"SUNR",2,"ABLA",2,0,0,0,0,0
"14396",2016,"SUNR",2,"ABPR",0,0,0,0,0,0
"14397",2016,"SUNR",2,"ACGL",0,0,0,0,0,0
"14398",2016,"SUNR",2,"ALRU",0,0,0,0,0,0
"14399",2016,"SUNR",2,"CANO",1,0,0,0,0,0
"14400",2016,"SUNR",2,"PICO",0,0,0,0,0,0
"14401",2016,"SUNR",2,"PIEN",0,0,0,0,0,0
"14402",2016,"SUNR",2,"PIMO",0,0,0,0,0,0
"14403",2016,"SUNR",2,"PISI",0,0,0,0,0,0
"14404",2016,"SUNR",2,"PSME",0,0,0,0,0,0
"14405",2016,"SUNR",2,"TABR",0,0,0,0,0,0
"14406",2016,"SUNR",2,"THPL",0,0,0,0,0,0
"14407",2016,"SUNR",2,"TSHE",0,0,0,0,0,0
"14408",2016,"SUNR",2,"TSME",1,4,0,0,0,0
"14409",2016,"SUNR",3,"ABAM",14,7,0,0,0,0
"14410",2016,"SUNR",3,"ABGR",0,0,0,0,0,0
"14411",2016,"SUNR",3,"ABLA",3,5,0,0,0,0
"14412",2016,"SUNR",3,"ABPR",2,0,0,0,0,0
"14413",2016,"SUNR",3,"ACGL",0,0,0,0,0,0
"14414",2016,"SUNR",3,"ALRU",0,0,0,0,0,0
"14415",2016,"SUNR",3,"CANO",3,3,0,0,0,0
"14416",2016,"SUNR",3,"PICO",0,0,0,0,0,0
"14417",2016,"SUNR",3,"PIEN",0,0,0,0,0,0
"14418",2016,"SUNR",3,"PIMO",0,0,0,0,0,0
"14419",2016,"SUNR",3,"PISI",0,0,0,0,0,0
"14420",2016,"SUNR",3,"PSME",0,0,0,0,0,0
"14421",2016,"SUNR",3,"TABR",0,0,0,0,0,0
"14422",2016,"SUNR",3,"THPL",0,0,0,0,0,0
"14423",2016,"SUNR",3,"TSHE",0,0,0,0,0,0
"14424",2016,"SUNR",3,"TSME",5,8,0,0,0,0
"14425",2016,"SUNR",4,"ABAM",14,5,0,0,0,0
"14426",2016,"SUNR",4,"ABGR",0,0,0,0,0,0
"14427",2016,"SUNR",4,"ABLA",3,2,0,0,0,0
"14428",2016,"SUNR",4,"ABPR",0,0,0,0,0,0
"14429",2016,"SUNR",4,"ACGL",0,0,0,0,0,0
"14430",2016,"SUNR",4,"ALRU",0,0,0,0,0,0
"14431",2016,"SUNR",4,"CANO",8,5,0,0,0,0
"14432",2016,"SUNR",4,"PICO",0,0,0,0,0,0
"14433",2016,"SUNR",4,"PIEN",0,0,0,0,0,0
"14434",2016,"SUNR",4,"PIMO",0,0,0,0,0,0
"14435",2016,"SUNR",4,"PISI",0,0,0,0,0,0
"14436",2016,"SUNR",4,"PSME",0,0,0,0,0,0
"14437",2016,"SUNR",4,"TABR",0,0,0,0,0,0
"14438",2016,"SUNR",4,"THPL",0,0,0,0,0,0
"14439",2016,"SUNR",4,"TSHE",0,0,0,0,0,0
"14440",2016,"SUNR",4,"TSME",7,5,0,0,0,0
"14441",2016,"SUNR",5,"ABAM",23,11,0,0,0,0
"14442",2016,"SUNR",5,"ABGR",0,0,0,0,0,0
"14443",2016,"SUNR",5,"ABLA",13,7,0,0,0,0
"14444",2016,"SUNR",5,"ABPR",3,1,0,0,0,0
"14445",2016,"SUNR",5,"ACGL",0,0,0,0,0,0
"14446",2016,"SUNR",5,"ALRU",0,0,0,0,0,0
"14447",2016,"SUNR",5,"CANO",7,1,0,0,0,0
"14448",2016,"SUNR",5,"PICO",0,0,0,0,0,0
"14449",2016,"SUNR",5,"PIEN",0,0,0,0,0,0
"14450",2016,"SUNR",5,"PIMO",0,0,0,0,0,0
"14451",2016,"SUNR",5,"PISI",0,0,0,0,0,0
"14452",2016,"SUNR",5,"PSME",0,0,0,0,0,0
"14453",2016,"SUNR",5,"TABR",0,0,0,0,0,0
"14454",2016,"SUNR",5,"THPL",0,0,0,0,0,0
"14455",2016,"SUNR",5,"TSHE",0,0,0,0,0,0
"14456",2016,"SUNR",5,"TSME",2,3,1,0,0,0
"14457",2016,"SUNR",6,"ABAM",17,9,0,0,0,0
"14458",2016,"SUNR",6,"ABGR",0,0,0,0,0,0
"14459",2016,"SUNR",6,"ABLA",7,2,0,0,0,0
"14460",2016,"SUNR",6,"ABPR",0,0,0,0,0,0
"14461",2016,"SUNR",6,"ACGL",0,0,0,0,0,0
"14462",2016,"SUNR",6,"ALRU",0,0,0,0,0,0
"14463",2016,"SUNR",6,"CANO",0,0,0,0,0,0
"14464",2016,"SUNR",6,"PICO",0,0,0,0,0,0
"14465",2016,"SUNR",6,"PIEN",0,0,0,0,0,0
"14466",2016,"SUNR",6,"PIMO",0,0,0,0,0,0
"14467",2016,"SUNR",6,"PISI",0,0,0,0,0,0
"14468",2016,"SUNR",6,"PSME",0,0,0,0,0,0
"14469",2016,"SUNR",6,"TABR",0,0,0,0,0,0
"14470",2016,"SUNR",6,"THPL",0,0,0,0,0,0
"14471",2016,"SUNR",6,"TSHE",0,0,0,0,0,0
"14472",2016,"SUNR",6,"TSME",2,1,0,0,0,0
"14473",2016,"TA01",2,"ABAM",0,0,0,0,0,0
"14474",2016,"TA01",2,"ABGR",0,0,0,0,0,0
"14475",2016,"TA01",2,"ABLA",0,0,0,0,0,0
"14476",2016,"TA01",2,"ABPR",0,0,0,0,0,0
"14477",2016,"TA01",2,"ACGL",0,0,0,0,0,0
"14478",2016,"TA01",2,"ALRU",0,0,0,0,0,0
"14479",2016,"TA01",2,"CANO",0,0,0,0,0,0
"14480",2016,"TA01",2,"PICO",0,0,0,0,0,0
"14481",2016,"TA01",2,"PIEN",0,0,0,0,0,0
"14482",2016,"TA01",2,"PIMO",0,0,0,0,0,0
"14483",2016,"TA01",2,"PISI",0,0,0,0,0,0
"14484",2016,"TA01",2,"PSME",3,3,0,0,0,0
"14485",2016,"TA01",2,"TABR",0,0,0,0,0,0
"14486",2016,"TA01",2,"THPL",0,0,0,0,0,0
"14487",2016,"TA01",2,"TSHE",1,0,0,0,0,0
"14488",2016,"TA01",2,"TSME",0,0,0,0,0,0
"14489",2016,"TA01",3,"ABAM",0,0,0,0,0,0
"14490",2016,"TA01",3,"ABGR",0,0,0,0,0,0
"14491",2016,"TA01",3,"ABLA",0,0,0,0,0,0
"14492",2016,"TA01",3,"ABPR",0,0,0,0,0,0
"14493",2016,"TA01",3,"ACGL",0,0,0,0,0,0
"14494",2016,"TA01",3,"ALRU",0,0,0,0,0,0
"14495",2016,"TA01",3,"CANO",0,0,0,0,0,0
"14496",2016,"TA01",3,"PICO",0,0,0,0,0,0
"14497",2016,"TA01",3,"PIEN",0,0,0,0,0,0
"14498",2016,"TA01",3,"PIMO",0,0,0,0,0,0
"14499",2016,"TA01",3,"PISI",0,0,0,0,0,0
"14500",2016,"TA01",3,"PSME",1,0,0,0,0,0
"14501",2016,"TA01",3,"TABR",0,0,0,0,0,0
"14502",2016,"TA01",3,"THPL",0,0,0,0,0,0
"14503",2016,"TA01",3,"TSHE",0,2,0,0,0,0
"14504",2016,"TA01",3,"TSME",0,0,0,0,0,0
"14505",2016,"TA01",4,"ABAM",0,0,0,0,0,0
"14506",2016,"TA01",4,"ABGR",0,0,0,0,0,0
"14507",2016,"TA01",4,"ABLA",0,0,0,0,0,0
"14508",2016,"TA01",4,"ABPR",0,0,0,0,0,0
"14509",2016,"TA01",4,"ACGL",0,0,0,0,0,0
"14510",2016,"TA01",4,"ALRU",0,0,0,0,0,0
"14511",2016,"TA01",4,"CANO",0,0,0,0,0,0
"14512",2016,"TA01",4,"PICO",0,0,0,0,0,0
"14513",2016,"TA01",4,"PIEN",0,0,0,0,0,0
"14514",2016,"TA01",4,"PIMO",0,0,0,0,0,0
"14515",2016,"TA01",4,"PISI",0,0,0,0,0,0
"14516",2016,"TA01",4,"PSME",0,2,1,0,0,0
"14517",2016,"TA01",4,"TABR",0,0,0,0,0,0
"14518",2016,"TA01",4,"THPL",0,0,0,0,0,0
"14519",2016,"TA01",4,"TSHE",5,2,0,0,0,0
"14520",2016,"TA01",4,"TSME",0,0,0,0,0,0
"14521",2016,"TA01",5,"ABAM",0,0,0,0,0,0
"14522",2016,"TA01",5,"ABGR",0,0,0,0,0,0
"14523",2016,"TA01",5,"ABLA",0,0,0,0,0,0
"14524",2016,"TA01",5,"ABPR",0,0,0,0,0,0
"14525",2016,"TA01",5,"ACGL",0,0,0,0,0,0
"14526",2016,"TA01",5,"ALRU",0,0,0,0,0,0
"14527",2016,"TA01",5,"CANO",0,0,0,0,0,0
"14528",2016,"TA01",5,"PICO",0,0,0,0,0,0
"14529",2016,"TA01",5,"PIEN",0,0,0,0,0,0
"14530",2016,"TA01",5,"PIMO",0,0,0,0,0,0
"14531",2016,"TA01",5,"PISI",0,0,0,0,0,0
"14532",2016,"TA01",5,"PSME",4,3,1,11,4,15
"14533",2016,"TA01",5,"TABR",0,0,0,0,0,0
"14534",2016,"TA01",5,"THPL",0,2,0,0,0,0
"14535",2016,"TA01",5,"TSHE",4,7,0,0,0,0
"14536",2016,"TA01",5,"TSME",0,0,0,0,0,0
"14537",2016,"TA01",6,"ABAM",0,0,0,0,0,0
"14538",2016,"TA01",6,"ABGR",0,0,0,0,0,0
"14539",2016,"TA01",6,"ABLA",0,0,0,0,0,0
"14540",2016,"TA01",6,"ABPR",0,0,0,0,0,0
"14541",2016,"TA01",6,"ACGL",0,0,0,0,0,0
"14542",2016,"TA01",6,"ALRU",0,0,0,0,0,0
"14543",2016,"TA01",6,"CANO",0,0,0,0,0,0
"14544",2016,"TA01",6,"PICO",0,0,0,0,0,0
"14545",2016,"TA01",6,"PIEN",0,0,0,0,0,0
"14546",2016,"TA01",6,"PIMO",0,0,0,0,0,0
"14547",2016,"TA01",6,"PISI",0,0,0,0,0,0
"14548",2016,"TA01",6,"PSME",1,2,0,0,0,0
"14549",2016,"TA01",6,"TABR",0,0,0,0,0,0
"14550",2016,"TA01",6,"THPL",0,0,0,0,0,0
"14551",2016,"TA01",6,"TSHE",0,3,0,0,0,0
"14552",2016,"TA01",6,"TSME",0,0,0,0,0,0
"14553",2016,"TB13",1,"ABAM",0,0,0,0,0,0
"14554",2016,"TB13",1,"ABGR",0,0,0,0,0,0
"14555",2016,"TB13",1,"ABLA",0,0,0,0,0,0
"14556",2016,"TB13",1,"ABPR",0,0,0,0,0,0
"14557",2016,"TB13",1,"ACGL",0,0,0,0,0,0
"14558",2016,"TB13",1,"ALRU",0,0,0,0,0,0
"14559",2016,"TB13",1,"CANO",0,0,0,0,0,0
"14560",2016,"TB13",1,"PICO",0,0,0,0,0,0
"14561",2016,"TB13",1,"PIEN",0,0,0,0,0,0
"14562",2016,"TB13",1,"PIMO",0,0,0,0,0,0
"14563",2016,"TB13",1,"PISI",0,0,0,0,0,0
"14564",2016,"TB13",1,"PSME",0,0,0,0,0,0
"14565",2016,"TB13",1,"TABR",0,0,0,0,0,0
"14566",2016,"TB13",1,"THPL",0,0,2,4,4,8
"14567",2016,"TB13",1,"TSHE",66,30,2,1,1,2
"14568",2016,"TB13",1,"TSME",0,0,0,0,0,0
"14569",2016,"TB13",2,"ABAM",0,0,0,0,0,0
"14570",2016,"TB13",2,"ABGR",0,0,0,0,0,0
"14571",2016,"TB13",2,"ABLA",0,0,0,0,0,0
"14572",2016,"TB13",2,"ABPR",0,0,0,0,0,0
"14573",2016,"TB13",2,"ACGL",0,0,0,0,0,0
"14574",2016,"TB13",2,"ALRU",0,0,0,0,0,0
"14575",2016,"TB13",2,"CANO",0,0,0,0,0,0
"14576",2016,"TB13",2,"PICO",0,0,0,0,0,0
"14577",2016,"TB13",2,"PIEN",0,0,0,0,0,0
"14578",2016,"TB13",2,"PIMO",0,0,0,0,0,0
"14579",2016,"TB13",2,"PISI",0,0,0,0,0,0
"14580",2016,"TB13",2,"PSME",0,0,1,0,3,3
"14581",2016,"TB13",2,"TABR",0,0,0,0,0,0
"14582",2016,"TB13",2,"THPL",0,1,0,0,0,0
"14583",2016,"TB13",2,"TSHE",52,62,4,16,13,29
"14584",2016,"TB13",2,"TSME",0,0,0,0,0,0
"14585",2016,"TB13",3,"ABAM",0,0,0,0,0,0
"14586",2016,"TB13",3,"ABGR",0,0,0,0,0,0
"14587",2016,"TB13",3,"ABLA",0,0,0,0,0,0
"14588",2016,"TB13",3,"ABPR",0,0,0,0,0,0
"14589",2016,"TB13",3,"ACGL",0,0,0,0,0,0
"14590",2016,"TB13",3,"ALRU",0,0,0,0,0,0
"14591",2016,"TB13",3,"CANO",0,0,0,0,0,0
"14592",2016,"TB13",3,"PICO",0,0,0,0,0,0
"14593",2016,"TB13",3,"PIEN",0,0,0,0,0,0
"14594",2016,"TB13",3,"PIMO",0,0,0,0,0,0
"14595",2016,"TB13",3,"PISI",0,0,0,0,0,0
"14596",2016,"TB13",3,"PSME",0,0,0,0,0,0
"14597",2016,"TB13",3,"TABR",0,0,0,0,0,0
"14598",2016,"TB13",3,"THPL",0,0,0,0,0,0
"14599",2016,"TB13",3,"TSHE",37,41,12,35,36,71
"14600",2016,"TB13",3,"TSME",0,0,0,0,0,0
"14601",2016,"TB13",4,"ABAM",0,0,0,0,0,0
"14602",2016,"TB13",4,"ABGR",0,0,0,0,0,0
"14603",2016,"TB13",4,"ABLA",0,0,0,0,0,0
"14604",2016,"TB13",4,"ABPR",0,0,0,0,0,0
"14605",2016,"TB13",4,"ACGL",0,0,0,0,0,0
"14606",2016,"TB13",4,"ALRU",0,0,0,0,0,0
"14607",2016,"TB13",4,"CANO",0,0,0,0,0,0
"14608",2016,"TB13",4,"PICO",0,0,0,0,0,0
"14609",2016,"TB13",4,"PIEN",0,0,0,0,0,0
"14610",2016,"TB13",4,"PIMO",0,0,0,0,0,0
"14611",2016,"TB13",4,"PISI",0,0,0,0,0,0
"14612",2016,"TB13",4,"PSME",0,0,0,0,0,0
"14613",2016,"TB13",4,"TABR",0,0,0,0,0,0
"14614",2016,"TB13",4,"THPL",1,3,5,15,18,33
"14615",2016,"TB13",4,"TSHE",73,43,4,34,7,41
"14616",2016,"TB13",4,"TSME",0,0,0,0,0,0
"14617",2016,"TB13",5,"ABAM",0,0,0,0,0,0
"14618",2016,"TB13",5,"ABGR",0,0,0,0,0,0
"14619",2016,"TB13",5,"ABLA",0,0,0,0,0,0
"14620",2016,"TB13",5,"ABPR",0,0,0,0,0,0
"14621",2016,"TB13",5,"ACGL",0,0,0,0,0,0
"14622",2016,"TB13",5,"ALRU",0,0,0,0,0,0
"14623",2016,"TB13",5,"CANO",0,0,0,0,0,0
"14624",2016,"TB13",5,"PICO",0,0,0,0,0,0
"14625",2016,"TB13",5,"PIEN",0,0,0,0,0,0
"14626",2016,"TB13",5,"PIMO",0,0,0,0,0,0
"14627",2016,"TB13",5,"PISI",0,0,0,0,0,0
"14628",2016,"TB13",5,"PSME",0,0,0,0,0,0
"14629",2016,"TB13",5,"TABR",0,0,0,0,0,0
"14630",2016,"TB13",5,"THPL",2,2,12,34,39,73
"14631",2016,"TB13",5,"TSHE",31,21,12,12,0,12
"14632",2016,"TB13",5,"TSME",0,0,0,0,0,0
"14633",2016,"TB13",6,"ABAM",0,0,0,0,0,0
"14634",2016,"TB13",6,"ABGR",0,0,0,0,0,0
"14635",2016,"TB13",6,"ABLA",0,0,0,0,0,0
"14636",2016,"TB13",6,"ABPR",0,0,0,0,0,0
"14637",2016,"TB13",6,"ACGL",0,0,0,0,0,0
"14638",2016,"TB13",6,"ALRU",0,0,0,0,0,0
"14639",2016,"TB13",6,"CANO",0,0,0,0,0,0
"14640",2016,"TB13",6,"PICO",0,0,0,0,0,0
"14641",2016,"TB13",6,"PIEN",0,0,0,0,0,0
"14642",2016,"TB13",6,"PIMO",0,0,0,0,0,0
"14643",2016,"TB13",6,"PISI",0,0,0,0,0,0
"14644",2016,"TB13",6,"PSME",0,0,0,0,0,0
"14645",2016,"TB13",6,"TABR",0,0,0,0,0,0
"14646",2016,"TB13",6,"THPL",0,6,46,161,242,403
"14647",2016,"TB13",6,"TSHE",60,100,21,83,21,104
"14648",2016,"TB13",6,"TSME",0,0,0,0,0,0
"14649",2016,"TO04",1,"ABAM",0,0,0,0,0,0
"14650",2016,"TO04",1,"ABGR",0,0,0,0,0,0
"14651",2016,"TO04",1,"ABLA",0,0,0,0,0,0
"14652",2016,"TO04",1,"ABPR",0,0,0,0,0,0
"14653",2016,"TO04",1,"ACGL",0,0,0,0,0,0
"14654",2016,"TO04",1,"ALRU",0,0,0,0,0,0
"14655",2016,"TO04",1,"CANO",0,0,0,0,0,0
"14656",2016,"TO04",1,"PICO",0,0,0,0,0,0
"14657",2016,"TO04",1,"PIEN",0,0,0,0,0,0
"14658",2016,"TO04",1,"PIMO",0,0,0,0,0,0
"14659",2016,"TO04",1,"PISI",0,0,0,0,0,0
"14660",2016,"TO04",1,"PSME",3,0,2,0,7,7
"14661",2016,"TO04",1,"TABR",0,0,0,0,0,0
"14662",2016,"TO04",1,"THPL",0,1,0,0,0,0
"14663",2016,"TO04",1,"TSHE",65,116,18,25,0,25
"14664",2016,"TO04",1,"TSME",0,0,0,0,0,0
"14665",2016,"TO04",2,"ABAM",0,0,0,0,0,0
"14666",2016,"TO04",2,"ABGR",0,0,0,0,0,0
"14667",2016,"TO04",2,"ABLA",0,0,0,0,0,0
"14668",2016,"TO04",2,"ABPR",0,0,0,0,0,0
"14669",2016,"TO04",2,"ACGL",0,0,0,0,0,0
"14670",2016,"TO04",2,"ALRU",0,0,0,0,0,0
"14671",2016,"TO04",2,"CANO",0,0,0,0,0,0
"14672",2016,"TO04",2,"PICO",0,0,0,0,0,0
"14673",2016,"TO04",2,"PIEN",0,0,0,0,0,0
"14674",2016,"TO04",2,"PIMO",0,0,0,0,0,0
"14675",2016,"TO04",2,"PISI",0,0,0,0,0,0
"14676",2016,"TO04",2,"PSME",0,0,0,0,0,0
"14677",2016,"TO04",2,"TABR",0,0,0,0,0,0
"14678",2016,"TO04",2,"THPL",0,1,3,1,5,6
"14679",2016,"TO04",2,"TSHE",259,31,77,216,58,274
"14680",2016,"TO04",2,"TSME",0,0,0,0,0,0
"14681",2016,"TO04",3,"ABAM",0,0,0,0,0,0
"14682",2016,"TO04",3,"ABGR",0,0,0,0,0,0
"14683",2016,"TO04",3,"ABLA",0,0,0,0,0,0
"14684",2016,"TO04",3,"ABPR",0,0,0,0,0,0
"14685",2016,"TO04",3,"ACGL",0,0,0,0,0,0
"14686",2016,"TO04",3,"ALRU",0,0,0,0,0,0
"14687",2016,"TO04",3,"CANO",0,0,0,0,0,0
"14688",2016,"TO04",3,"PICO",0,0,0,0,0,0
"14689",2016,"TO04",3,"PIEN",0,0,0,0,0,0
"14690",2016,"TO04",3,"PIMO",0,0,0,0,0,0
"14691",2016,"TO04",3,"PISI",0,0,0,0,0,0
"14692",2016,"TO04",3,"PSME",0,3,1,0,0,0
"14693",2016,"TO04",3,"TABR",0,0,0,0,0,0
"14694",2016,"TO04",3,"THPL",5,4,3,8,1,9
"14695",2016,"TO04",3,"TSHE",95,25,14,46,24,70
"14696",2016,"TO04",3,"TSME",0,0,0,0,0,0
"14697",2016,"TO04",4,"ABAM",0,0,0,0,0,0
"14698",2016,"TO04",4,"ABGR",0,0,0,0,0,0
"14699",2016,"TO04",4,"ABLA",0,0,0,0,0,0
"14700",2016,"TO04",4,"ABPR",0,0,0,0,0,0
"14701",2016,"TO04",4,"ACGL",0,0,0,0,0,0
"14702",2016,"TO04",4,"ALRU",0,0,0,0,0,0
"14703",2016,"TO04",4,"CANO",0,0,0,0,0,0
"14704",2016,"TO04",4,"PICO",0,0,0,0,0,0
"14705",2016,"TO04",4,"PIEN",0,0,0,0,0,0
"14706",2016,"TO04",4,"PIMO",0,0,0,0,0,0
"14707",2016,"TO04",4,"PISI",0,0,0,0,0,0
"14708",2016,"TO04",4,"PSME",0,1,0,0,0,0
"14709",2016,"TO04",4,"TABR",0,0,0,0,0,0
"14710",2016,"TO04",4,"THPL",7,1,1,8,1,9
"14711",2016,"TO04",4,"TSHE",104,50,5,16,2,18
"14712",2016,"TO04",4,"TSME",0,0,0,0,0,0
"14713",2016,"TO04",5,"ABAM",0,0,0,0,0,0
"14714",2016,"TO04",5,"ABGR",0,0,0,0,0,0
"14715",2016,"TO04",5,"ABLA",0,0,0,0,0,0
"14716",2016,"TO04",5,"ABPR",0,0,0,0,0,0
"14717",2016,"TO04",5,"ACGL",0,0,0,0,0,0
"14718",2016,"TO04",5,"ALRU",0,0,0,0,0,0
"14719",2016,"TO04",5,"CANO",0,0,0,0,0,0
"14720",2016,"TO04",5,"PICO",0,0,0,0,0,0
"14721",2016,"TO04",5,"PIEN",0,0,0,0,0,0
"14722",2016,"TO04",5,"PIMO",0,0,0,0,0,0
"14723",2016,"TO04",5,"PISI",0,0,0,0,0,0
"14724",2016,"TO04",5,"PSME",0,2,0,0,0,0
"14725",2016,"TO04",5,"TABR",0,0,0,0,0,0
"14726",2016,"TO04",5,"THPL",3,0,6,14,4,18
"14727",2016,"TO04",5,"TSHE",72,43,5,42,3,45
"14728",2016,"TO04",5,"TSME",0,0,0,0,0,0
"14729",2016,"TO04",6,"ABAM",0,0,0,0,0,0
"14730",2016,"TO04",6,"ABGR",0,0,0,0,0,0
"14731",2016,"TO04",6,"ABLA",0,0,0,0,0,0
"14732",2016,"TO04",6,"ABPR",0,0,0,0,0,0
"14733",2016,"TO04",6,"ACGL",0,0,0,0,0,0
"14734",2016,"TO04",6,"ALRU",0,0,0,0,0,0
"14735",2016,"TO04",6,"CANO",0,0,0,0,0,0
"14736",2016,"TO04",6,"PICO",0,0,0,0,0,0
"14737",2016,"TO04",6,"PIEN",0,0,0,0,0,0
"14738",2016,"TO04",6,"PIMO",0,0,0,0,0,0
"14739",2016,"TO04",6,"PISI",0,0,0,0,0,0
"14740",2016,"TO04",6,"PSME",5,1,0,0,0,0
"14741",2016,"TO04",6,"TABR",0,0,0,0,0,0
"14742",2016,"TO04",6,"THPL",4,8,16,36,103,139
"14743",2016,"TO04",6,"TSHE",74,49,0,0,0,0
"14744",2016,"TO04",6,"TSME",0,0,0,0,0,0
"14745",2016,"TO11",1,"ABAM",0,0,0,0,0,0
"14746",2016,"TO11",1,"ABGR",0,0,0,0,0,0
"14747",2016,"TO11",1,"ABLA",0,0,0,0,0,0
"14748",2016,"TO11",1,"ABPR",0,0,0,0,0,0
"14749",2016,"TO11",1,"ACGL",0,0,0,0,0,0
"14750",2016,"TO11",1,"ALRU",0,0,0,0,0,0
"14751",2016,"TO11",1,"CANO",0,0,0,0,0,0
"14752",2016,"TO11",1,"PICO",0,0,0,0,0,0
"14753",2016,"TO11",1,"PIEN",0,0,0,0,0,0
"14754",2016,"TO11",1,"PIMO",0,0,0,0,0,0
"14755",2016,"TO11",1,"PISI",0,0,0,0,0,0
"14756",2016,"TO11",1,"PSME",3,0,0,0,0,0
"14757",2016,"TO11",1,"TABR",0,0,0,0,0,0
"14758",2016,"TO11",1,"THPL",1,3,0,0,0,0
"14759",2016,"TO11",1,"TSHE",40,101,13,33,12,45
"14760",2016,"TO11",1,"TSME",0,0,0,0,0,0
"14761",2016,"TO11",2,"ABAM",0,0,0,0,0,0
"14762",2016,"TO11",2,"ABGR",0,0,0,0,0,0
"14763",2016,"TO11",2,"ABLA",0,0,0,0,0,0
"14764",2016,"TO11",2,"ABPR",0,0,0,0,0,0
"14765",2016,"TO11",2,"ACGL",0,0,0,0,0,0
"14766",2016,"TO11",2,"ALRU",0,0,0,0,0,0
"14767",2016,"TO11",2,"CANO",0,0,0,0,0,0
"14768",2016,"TO11",2,"PICO",0,0,0,0,0,0
"14769",2016,"TO11",2,"PIEN",0,0,0,0,0,0
"14770",2016,"TO11",2,"PIMO",0,0,0,0,0,0
"14771",2016,"TO11",2,"PISI",0,0,0,0,0,0
"14772",2016,"TO11",2,"PSME",3,0,0,0,0,0
"14773",2016,"TO11",2,"TABR",0,0,0,0,0,0
"14774",2016,"TO11",2,"THPL",0,1,0,0,0,0
"14775",2016,"TO11",2,"TSHE",32,127,0,23,9,32
"14776",2016,"TO11",2,"TSME",0,0,0,0,0,0
"14777",2016,"TO11",3,"ABAM",0,0,0,0,0,0
"14778",2016,"TO11",3,"ABGR",0,0,0,0,0,0
"14779",2016,"TO11",3,"ABLA",0,0,0,0,0,0
"14780",2016,"TO11",3,"ABPR",0,0,0,0,0,0
"14781",2016,"TO11",3,"ACGL",0,0,0,0,0,0
"14782",2016,"TO11",3,"ALRU",0,0,0,0,0,0
"14783",2016,"TO11",3,"CANO",0,0,0,0,0,0
"14784",2016,"TO11",3,"PICO",0,0,0,0,0,0
"14785",2016,"TO11",3,"PIEN",0,0,0,0,0,0
"14786",2016,"TO11",3,"PIMO",0,0,0,0,0,0
"14787",2016,"TO11",3,"PISI",0,0,0,0,0,0
"14788",2016,"TO11",3,"PSME",0,0,2,6,1,7
"14789",2016,"TO11",3,"TABR",0,0,0,0,0,0
"14790",2016,"TO11",3,"THPL",0,1,1,0,0,0
"14791",2016,"TO11",3,"TSHE",24,47,33,72,44,116
"14792",2016,"TO11",3,"TSME",0,0,0,0,0,0
"14793",2016,"TO11",4,"ABAM",0,0,0,0,0,0
"14794",2016,"TO11",4,"ABGR",0,0,0,0,0,0
"14795",2016,"TO11",4,"ABLA",0,0,0,0,0,0
"14796",2016,"TO11",4,"ABPR",0,0,0,0,0,0
"14797",2016,"TO11",4,"ACGL",0,0,0,0,0,0
"14798",2016,"TO11",4,"ALRU",0,0,0,0,0,0
"14799",2016,"TO11",4,"CANO",0,0,0,0,0,0
"14800",2016,"TO11",4,"PICO",0,0,0,0,0,0
"14801",2016,"TO11",4,"PIEN",0,0,0,0,0,0
"14802",2016,"TO11",4,"PIMO",0,0,0,0,0,0
"14803",2016,"TO11",4,"PISI",0,0,0,0,0,0
"14804",2016,"TO11",4,"PSME",2,5,2,8,5,13
"14805",2016,"TO11",4,"TABR",0,0,0,0,0,0
"14806",2016,"TO11",4,"THPL",0,0,0,0,0,0
"14807",2016,"TO11",4,"TSHE",141,196,44,125,70,195
"14808",2016,"TO11",4,"TSME",0,0,0,0,0,0
"14809",2016,"TO11",5,"ABAM",0,0,0,0,0,0
"14810",2016,"TO11",5,"ABGR",0,0,0,0,0,0
"14811",2016,"TO11",5,"ABLA",0,0,0,0,0,0
"14812",2016,"TO11",5,"ABPR",0,0,0,0,0,0
"14813",2016,"TO11",5,"ACGL",0,0,0,0,0,0
"14814",2016,"TO11",5,"ALRU",0,0,0,0,0,0
"14815",2016,"TO11",5,"CANO",0,0,0,0,0,0
"14816",2016,"TO11",5,"PICO",0,0,0,0,0,0
"14817",2016,"TO11",5,"PIEN",0,0,0,0,0,0
"14818",2016,"TO11",5,"PIMO",0,0,0,0,0,0
"14819",2016,"TO11",5,"PISI",0,0,0,0,0,0
"14820",2016,"TO11",5,"PSME",0,0,0,0,0,0
"14821",2016,"TO11",5,"TABR",0,0,0,0,0,0
"14822",2016,"TO11",5,"THPL",0,0,2,2,3,5
"14823",2016,"TO11",5,"TSHE",73,46,115,156,48,204
"14824",2016,"TO11",5,"TSME",0,0,0,0,0,0
"14825",2016,"TO11",6,"ABAM",0,0,0,0,0,0
"14826",2016,"TO11",6,"ABGR",0,0,0,0,0,0
"14827",2016,"TO11",6,"ABLA",0,0,0,0,0,0
"14828",2016,"TO11",6,"ABPR",0,0,0,0,0,0
"14829",2016,"TO11",6,"ACGL",0,0,0,0,0,0
"14830",2016,"TO11",6,"ALRU",0,0,0,0,0,0
"14831",2016,"TO11",6,"CANO",0,0,0,0,0,0
"14832",2016,"TO11",6,"PICO",0,0,0,0,0,0
"14833",2016,"TO11",6,"PIEN",0,0,0,0,0,0
"14834",2016,"TO11",6,"PIMO",0,0,0,0,0,0
"14835",2016,"TO11",6,"PISI",0,0,0,0,0,0
"14836",2016,"TO11",6,"PSME",2,1,3,7,6,13
"14837",2016,"TO11",6,"TABR",0,0,0,0,0,0
"14838",2016,"TO11",6,"THPL",4,3,2,5,4,9
"14839",2016,"TO11",6,"TSHE",50,116,37,24,32,56
"14840",2016,"TO11",6,"TSME",0,0,0,0,0,0
"14841",2017,"AB08",1,"ABAM",0,0,0,0,0,0
"14842",2017,"AB08",1,"ABGR",0,0,0,0,0,0
"14843",2017,"AB08",1,"ABLA",0,0,0,0,0,0
"14844",2017,"AB08",1,"ABPR",0,0,0,0,0,0
"14845",2017,"AB08",1,"ACGL",0,0,0,0,0,0
"14846",2017,"AB08",1,"ALRU",0,0,0,0,0,0
"14847",2017,"AB08",1,"CANO",0,0,0,0,0,0
"14848",2017,"AB08",1,"PICO",0,0,0,0,0,0
"14849",2017,"AB08",1,"PIEN",0,0,0,0,0,0
"14850",2017,"AB08",1,"PIMO",0,0,0,0,0,0
"14851",2017,"AB08",1,"PISI",0,0,0,0,0,0
"14852",2017,"AB08",1,"PSME",0,0,0,0,0,0
"14853",2017,"AB08",1,"TABR",0,0,0,0,0,0
"14854",2017,"AB08",1,"THPL",4,2,0,0,0,0
"14855",2017,"AB08",1,"TSHE",196,84,6,0,0,0
"14856",2017,"AB08",1,"TSME",0,0,0,0,0,0
"14857",2017,"AB08",2,"ABAM",0,0,0,0,0,0
"14858",2017,"AB08",2,"ABGR",0,0,0,0,0,0
"14859",2017,"AB08",2,"ABLA",0,0,0,0,0,0
"14860",2017,"AB08",2,"ABPR",0,0,0,0,0,0
"14861",2017,"AB08",2,"ACGL",0,0,0,0,0,0
"14862",2017,"AB08",2,"ALRU",0,0,0,0,0,0
"14863",2017,"AB08",2,"CANO",0,0,0,0,0,0
"14864",2017,"AB08",2,"PICO",0,0,0,0,0,0
"14865",2017,"AB08",2,"PIEN",0,0,0,0,0,0
"14866",2017,"AB08",2,"PIMO",0,0,0,0,0,0
"14867",2017,"AB08",2,"PISI",0,0,0,0,0,0
"14868",2017,"AB08",2,"PSME",0,1,0,0,0,0
"14869",2017,"AB08",2,"TABR",0,0,0,0,0,0
"14870",2017,"AB08",2,"THPL",4,3,0,0,0,0
"14871",2017,"AB08",2,"TSHE",180,93,10,18,0,18
"14872",2017,"AB08",2,"TSME",0,0,0,0,0,0
"14873",2017,"AB08",3,"ABAM",0,0,0,0,0,0
"14874",2017,"AB08",3,"ABGR",0,0,0,0,0,0
"14875",2017,"AB08",3,"ABLA",0,0,0,0,0,0
"14876",2017,"AB08",3,"ABPR",0,0,0,0,0,0
"14877",2017,"AB08",3,"ACGL",0,0,0,0,0,0
"14878",2017,"AB08",3,"ALRU",0,0,0,0,0,0
"14879",2017,"AB08",3,"CANO",0,0,0,0,0,0
"14880",2017,"AB08",3,"PICO",0,0,0,0,0,0
"14881",2017,"AB08",3,"PIEN",0,0,0,0,0,0
"14882",2017,"AB08",3,"PIMO",0,0,0,0,0,0
"14883",2017,"AB08",3,"PISI",0,0,0,0,0,0
"14884",2017,"AB08",3,"PSME",0,0,0,0,0,0
"14885",2017,"AB08",3,"TABR",0,0,0,0,0,0
"14886",2017,"AB08",3,"THPL",1,0,0,0,0,0
"14887",2017,"AB08",3,"TSHE",133,42,1,0,0,0
"14888",2017,"AB08",3,"TSME",0,0,0,0,0,0
"14889",2017,"AB08",4,"ABAM",0,0,0,0,0,0
"14890",2017,"AB08",4,"ABGR",0,0,0,0,0,0
"14891",2017,"AB08",4,"ABLA",0,0,0,0,0,0
"14892",2017,"AB08",4,"ABPR",0,0,0,0,0,0
"14893",2017,"AB08",4,"ACGL",0,0,0,0,0,0
"14894",2017,"AB08",4,"ALRU",0,0,0,0,0,0
"14895",2017,"AB08",4,"CANO",0,0,0,0,0,0
"14896",2017,"AB08",4,"PICO",0,0,0,0,0,0
"14897",2017,"AB08",4,"PIEN",0,0,0,0,0,0
"14898",2017,"AB08",4,"PIMO",0,0,0,0,0,0
"14899",2017,"AB08",4,"PISI",0,0,0,0,0,0
"14900",2017,"AB08",4,"PSME",2,0,0,0,0,0
"14901",2017,"AB08",4,"TABR",0,0,0,0,0,0
"14902",2017,"AB08",4,"THPL",5,2,0,0,0,0
"14903",2017,"AB08",4,"TSHE",244,61,7,11,8,19
"14904",2017,"AB08",4,"TSME",0,0,0,0,0,0
"14905",2017,"AB08",5,"ABAM",0,0,0,0,0,0
"14906",2017,"AB08",5,"ABGR",0,0,0,0,0,0
"14907",2017,"AB08",5,"ABLA",0,0,0,0,0,0
"14908",2017,"AB08",5,"ABPR",0,0,0,0,0,0
"14909",2017,"AB08",5,"ACGL",0,0,0,0,0,0
"14910",2017,"AB08",5,"ALRU",0,0,0,0,0,0
"14911",2017,"AB08",5,"CANO",0,0,0,0,0,0
"14912",2017,"AB08",5,"PICO",0,0,0,0,0,0
"14913",2017,"AB08",5,"PIEN",0,0,0,0,0,0
"14914",2017,"AB08",5,"PIMO",0,0,0,0,0,0
"14915",2017,"AB08",5,"PISI",0,0,0,0,0,0
"14916",2017,"AB08",5,"PSME",4,3,0,0,0,0
"14917",2017,"AB08",5,"TABR",0,0,0,0,0,0
"14918",2017,"AB08",5,"THPL",6,2,0,0,0,0
"14919",2017,"AB08",5,"TSHE",222,75,16,6,3,9
"14920",2017,"AB08",5,"TSME",0,0,0,0,0,0
"14921",2017,"AB08",6,"ABAM",1,0,0,0,0,0
"14922",2017,"AB08",6,"ABGR",0,0,0,0,0,0
"14923",2017,"AB08",6,"ABLA",0,0,0,0,0,0
"14924",2017,"AB08",6,"ABPR",0,0,0,0,0,0
"14925",2017,"AB08",6,"ACGL",0,0,0,0,0,0
"14926",2017,"AB08",6,"ALRU",0,0,0,0,0,0
"14927",2017,"AB08",6,"CANO",0,0,0,0,0,0
"14928",2017,"AB08",6,"PICO",0,0,0,0,0,0
"14929",2017,"AB08",6,"PIEN",0,0,0,0,0,0
"14930",2017,"AB08",6,"PIMO",0,0,0,0,0,0
"14931",2017,"AB08",6,"PISI",0,0,0,0,0,0
"14932",2017,"AB08",6,"PSME",2,0,0,0,0,0
"14933",2017,"AB08",6,"TABR",0,0,0,0,0,0
"14934",2017,"AB08",6,"THPL",6,3,0,0,0,0
"14935",2017,"AB08",6,"TSHE",259,29,33,13,3,16
"14936",2017,"AB08",6,"TSME",0,0,0,0,0,0
"14937",2017,"AE10",1,"ABAM",5,0,0,0,0,0
"14938",2017,"AE10",1,"ABGR",0,0,0,0,0,0
"14939",2017,"AE10",1,"ABLA",0,0,0,0,0,0
"14940",2017,"AE10",1,"ABPR",0,0,0,0,0,0
"14941",2017,"AE10",1,"ACGL",0,0,0,0,0,0
"14942",2017,"AE10",1,"ALRU",0,0,0,0,0,0
"14943",2017,"AE10",1,"CANO",4,0,0,0,0,0
"14944",2017,"AE10",1,"PICO",0,0,0,0,0,0
"14945",2017,"AE10",1,"PIEN",0,0,0,0,0,0
"14946",2017,"AE10",1,"PIMO",0,0,0,0,0,0
"14947",2017,"AE10",1,"PISI",0,0,0,0,0,0
"14948",2017,"AE10",1,"PSME",0,0,0,0,0,0
"14949",2017,"AE10",1,"TABR",0,0,0,0,0,0
"14950",2017,"AE10",1,"THPL",0,0,0,0,0,0
"14951",2017,"AE10",1,"TSHE",0,0,0,0,0,0
"14952",2017,"AE10",1,"TSME",1,0,0,0,0,0
"14953",2017,"AE10",2,"ABAM",6,0,0,0,0,0
"14954",2017,"AE10",2,"ABGR",0,0,0,0,0,0
"14955",2017,"AE10",2,"ABLA",0,0,0,0,0,0
"14956",2017,"AE10",2,"ABPR",0,0,0,0,0,0
"14957",2017,"AE10",2,"ACGL",0,0,0,0,0,0
"14958",2017,"AE10",2,"ALRU",0,0,0,0,0,0
"14959",2017,"AE10",2,"CANO",2,0,0,0,0,0
"14960",2017,"AE10",2,"PICO",0,0,0,0,0,0
"14961",2017,"AE10",2,"PIEN",0,0,0,0,0,0
"14962",2017,"AE10",2,"PIMO",0,0,0,0,0,0
"14963",2017,"AE10",2,"PISI",0,0,0,0,0,0
"14964",2017,"AE10",2,"PSME",0,0,0,0,0,0
"14965",2017,"AE10",2,"TABR",0,0,0,0,0,0
"14966",2017,"AE10",2,"THPL",0,0,0,0,0,0
"14967",2017,"AE10",2,"TSHE",0,0,0,0,0,0
"14968",2017,"AE10",2,"TSME",2,0,0,0,0,0
"14969",2017,"AE10",3,"ABAM",11,0,0,0,0,0
"14970",2017,"AE10",3,"ABGR",0,0,0,0,0,0
"14971",2017,"AE10",3,"ABLA",0,0,0,0,0,0
"14972",2017,"AE10",3,"ABPR",0,0,0,0,0,0
"14973",2017,"AE10",3,"ACGL",0,0,0,0,0,0
"14974",2017,"AE10",3,"ALRU",0,0,0,0,0,0
"14975",2017,"AE10",3,"CANO",5,0,0,0,0,0
"14976",2017,"AE10",3,"PICO",0,0,0,0,0,0
"14977",2017,"AE10",3,"PIEN",0,0,0,0,0,0
"14978",2017,"AE10",3,"PIMO",0,0,0,0,0,0
"14979",2017,"AE10",3,"PISI",0,0,0,0,0,0
"14980",2017,"AE10",3,"PSME",0,0,0,0,0,0
"14981",2017,"AE10",3,"TABR",0,0,0,0,0,0
"14982",2017,"AE10",3,"THPL",0,0,0,0,0,0
"14983",2017,"AE10",3,"TSHE",0,0,0,0,0,0
"14984",2017,"AE10",3,"TSME",3,0,0,0,0,0
"14985",2017,"AE10",4,"ABAM",2,7,0,0,0,0
"14986",2017,"AE10",4,"ABGR",0,0,0,0,0,0
"14987",2017,"AE10",4,"ABLA",0,0,0,0,0,0
"14988",2017,"AE10",4,"ABPR",0,0,0,0,0,0
"14989",2017,"AE10",4,"ACGL",0,0,0,0,0,0
"14990",2017,"AE10",4,"ALRU",0,0,0,0,0,0
"14991",2017,"AE10",4,"CANO",0,0,0,0,0,0
"14992",2017,"AE10",4,"PICO",0,0,0,0,0,0
"14993",2017,"AE10",4,"PIEN",0,0,0,0,0,0
"14994",2017,"AE10",4,"PIMO",0,0,0,0,0,0
"14995",2017,"AE10",4,"PISI",0,0,0,0,0,0
"14996",2017,"AE10",4,"PSME",0,0,0,0,0,0
"14997",2017,"AE10",4,"TABR",0,0,0,0,0,0
"14998",2017,"AE10",4,"THPL",0,0,0,0,0,0
"14999",2017,"AE10",4,"TSHE",0,0,0,0,0,0
"15000",2017,"AE10",4,"TSME",1,3,0,0,0,0
"15001",2017,"AE10",5,"ABAM",3,0,0,0,0,0
"15002",2017,"AE10",5,"ABGR",0,0,0,0,0,0
"15003",2017,"AE10",5,"ABLA",0,0,0,0,0,0
"15004",2017,"AE10",5,"ABPR",0,0,0,0,0,0
"15005",2017,"AE10",5,"ACGL",0,0,0,0,0,0
"15006",2017,"AE10",5,"ALRU",0,0,0,0,0,0
"15007",2017,"AE10",5,"CANO",4,0,0,0,0,0
"15008",2017,"AE10",5,"PICO",0,0,0,0,0,0
"15009",2017,"AE10",5,"PIEN",0,0,0,0,0,0
"15010",2017,"AE10",5,"PIMO",0,0,0,0,0,0
"15011",2017,"AE10",5,"PISI",0,0,0,0,0,0
"15012",2017,"AE10",5,"PSME",0,0,0,0,0,0
"15013",2017,"AE10",5,"TABR",0,0,0,0,0,0
"15014",2017,"AE10",5,"THPL",0,0,0,0,0,0
"15015",2017,"AE10",5,"TSHE",0,0,0,0,0,0
"15016",2017,"AE10",5,"TSME",1,0,0,0,0,0
"15017",2017,"AE10",6,"ABAM",5,0,0,0,0,0
"15018",2017,"AE10",6,"ABGR",0,0,0,0,0,0
"15019",2017,"AE10",6,"ABLA",0,0,0,0,0,0
"15020",2017,"AE10",6,"ABPR",0,0,0,0,0,0
"15021",2017,"AE10",6,"ACGL",0,0,0,0,0,0
"15022",2017,"AE10",6,"ALRU",0,0,0,0,0,0
"15023",2017,"AE10",6,"CANO",1,0,0,0,0,0
"15024",2017,"AE10",6,"PICO",0,0,0,0,0,0
"15025",2017,"AE10",6,"PIEN",0,0,0,0,0,0
"15026",2017,"AE10",6,"PIMO",0,0,0,0,0,0
"15027",2017,"AE10",6,"PISI",0,0,0,0,0,0
"15028",2017,"AE10",6,"PSME",0,0,0,0,0,0
"15029",2017,"AE10",6,"TABR",0,0,0,0,0,0
"15030",2017,"AE10",6,"THPL",0,0,0,0,0,0
"15031",2017,"AE10",6,"TSHE",0,1,0,0,0,0
"15032",2017,"AE10",6,"TSME",1,1,0,0,0,0
"15033",2017,"AG05",1,"ABAM",9,7,0,0,0,0
"15034",2017,"AG05",1,"ABGR",0,0,0,0,0,0
"15035",2017,"AG05",1,"ABLA",0,0,0,0,0,0
"15036",2017,"AG05",1,"ABPR",4,7,0,0,0,0
"15037",2017,"AG05",1,"ACGL",0,0,0,0,0,0
"15038",2017,"AG05",1,"ALRU",0,0,0,0,0,0
"15039",2017,"AG05",1,"CANO",0,0,0,0,0,0
"15040",2017,"AG05",1,"PICO",0,0,0,0,0,0
"15041",2017,"AG05",1,"PIEN",0,0,0,0,0,0
"15042",2017,"AG05",1,"PIMO",0,0,0,0,0,0
"15043",2017,"AG05",1,"PISI",0,0,0,0,0,0
"15044",2017,"AG05",1,"PSME",8,7,0,0,0,0
"15045",2017,"AG05",1,"TABR",0,0,0,0,0,0
"15046",2017,"AG05",1,"THPL",146,190,2,1,12,13
"15047",2017,"AG05",1,"TSHE",23,16,0,0,0,0
"15048",2017,"AG05",1,"TSME",0,0,0,0,0,0
"15049",2017,"AG05",2,"ABAM",6,3,0,0,0,0
"15050",2017,"AG05",2,"ABGR",0,0,0,0,0,0
"15051",2017,"AG05",2,"ABLA",6,3,0,0,0,0
"15052",2017,"AG05",2,"ABPR",0,0,0,0,0,0
"15053",2017,"AG05",2,"ACGL",0,0,0,0,0,0
"15054",2017,"AG05",2,"ALRU",0,0,0,0,0,0
"15055",2017,"AG05",2,"CANO",0,0,0,0,0,0
"15056",2017,"AG05",2,"PICO",0,0,0,0,0,0
"15057",2017,"AG05",2,"PIEN",0,0,0,0,0,0
"15058",2017,"AG05",2,"PIMO",0,0,0,0,0,0
"15059",2017,"AG05",2,"PISI",0,0,0,0,0,0
"15060",2017,"AG05",2,"PSME",3,29,0,0,0,0
"15061",2017,"AG05",2,"TABR",0,0,0,0,0,0
"15062",2017,"AG05",2,"THPL",159,18,1,0,0,0
"15063",2017,"AG05",2,"TSHE",1,11,0,0,0,0
"15064",2017,"AG05",2,"TSME",0,0,0,0,0,0
"15065",2017,"AG05",3,"ABAM",11,3,0,0,0,0
"15066",2017,"AG05",3,"ABGR",0,0,0,0,0,0
"15067",2017,"AG05",3,"ABLA",0,0,0,0,0,0
"15068",2017,"AG05",3,"ABPR",3,0,0,0,0,0
"15069",2017,"AG05",3,"ACGL",0,0,0,0,0,0
"15070",2017,"AG05",3,"ALRU",0,0,0,0,0,0
"15071",2017,"AG05",3,"CANO",0,0,0,0,0,0
"15072",2017,"AG05",3,"PICO",1,2,0,0,0,0
"15073",2017,"AG05",3,"PIEN",0,0,0,0,0,0
"15074",2017,"AG05",3,"PIMO",0,0,0,0,0,0
"15075",2017,"AG05",3,"PISI",0,0,0,0,0,0
"15076",2017,"AG05",3,"PSME",5,6,0,2,1,3
"15077",2017,"AG05",3,"TABR",0,0,0,0,0,0
"15078",2017,"AG05",3,"THPL",82,61,0,0,0,0
"15079",2017,"AG05",3,"TSHE",10,6,0,0,0,0
"15080",2017,"AG05",3,"TSME",0,0,0,0,0,0
"15081",2017,"AG05",4,"ABAM",11,0,0,0,0,0
"15082",2017,"AG05",4,"ABGR",5,0,0,0,0,0
"15083",2017,"AG05",4,"ABLA",0,0,0,0,0,0
"15084",2017,"AG05",4,"ABPR",11,4,0,0,0,0
"15085",2017,"AG05",4,"ACGL",0,0,0,0,0,0
"15086",2017,"AG05",4,"ALRU",0,0,0,0,0,0
"15087",2017,"AG05",4,"CANO",0,0,0,0,0,0
"15088",2017,"AG05",4,"PICO",0,0,0,0,0,0
"15089",2017,"AG05",4,"PIEN",0,0,0,0,0,0
"15090",2017,"AG05",4,"PIMO",0,0,0,0,0,0
"15091",2017,"AG05",4,"PISI",0,0,0,0,0,0
"15092",2017,"AG05",4,"PSME",10,6,0,0,0,0
"15093",2017,"AG05",4,"TABR",0,0,0,0,0,0
"15094",2017,"AG05",4,"THPL",128,70,0,0,0,0
"15095",2017,"AG05",4,"TSHE",12,8,0,0,0,0
"15096",2017,"AG05",4,"TSME",1,0,0,0,0,0
"15097",2017,"AG05",5,"ABAM",22,2,0,0,0,0
"15098",2017,"AG05",5,"ABGR",0,0,0,0,0,0
"15099",2017,"AG05",5,"ABLA",0,0,0,0,0,0
"15100",2017,"AG05",5,"ABPR",11,6,0,0,0,0
"15101",2017,"AG05",5,"ACGL",0,0,0,0,0,0
"15102",2017,"AG05",5,"ALRU",0,0,0,0,0,0
"15103",2017,"AG05",5,"CANO",0,0,0,0,0,0
"15104",2017,"AG05",5,"PICO",0,0,0,0,0,0
"15105",2017,"AG05",5,"PIEN",0,0,0,0,0,0
"15106",2017,"AG05",5,"PIMO",0,0,0,0,0,0
"15107",2017,"AG05",5,"PISI",0,0,0,0,0,0
"15108",2017,"AG05",5,"PSME",5,1,0,0,0,0
"15109",2017,"AG05",5,"TABR",0,0,0,0,0,0
"15110",2017,"AG05",5,"THPL",112,137,13,25,34,59
"15111",2017,"AG05",5,"TSHE",19,11,0,0,0,0
"15112",2017,"AG05",5,"TSME",0,0,0,0,0,0
"15113",2017,"AG05",6,"ABAM",21,11,0,0,0,0
"15114",2017,"AG05",6,"ABGR",0,0,0,0,0,0
"15115",2017,"AG05",6,"ABLA",0,0,0,0,0,0
"15116",2017,"AG05",6,"ABPR",9,0,0,0,0,0
"15117",2017,"AG05",6,"ACGL",0,0,0,0,0,0
"15118",2017,"AG05",6,"ALRU",0,0,0,0,0,0
"15119",2017,"AG05",6,"CANO",0,0,0,0,0,0
"15120",2017,"AG05",6,"PICO",0,0,0,0,0,0
"15121",2017,"AG05",6,"PIEN",0,0,0,0,0,0
"15122",2017,"AG05",6,"PIMO",0,0,0,0,0,0
"15123",2017,"AG05",6,"PISI",0,0,0,0,0,0
"15124",2017,"AG05",6,"PSME",9,4,0,0,0,0
"15125",2017,"AG05",6,"TABR",0,0,0,0,0,0
"15126",2017,"AG05",6,"THPL",113,83,8,26,25,51
"15127",2017,"AG05",6,"TSHE",27,13,0,0,0,0
"15128",2017,"AG05",6,"TSME",0,0,0,0,0,0
"15129",2017,"AM16",1,"ABAM",5,1,0,0,0,0
"15130",2017,"AM16",1,"ABGR",0,0,0,0,0,0
"15131",2017,"AM16",1,"ABLA",0,0,0,0,0,0
"15132",2017,"AM16",1,"ABPR",1,0,0,0,0,0
"15133",2017,"AM16",1,"ACGL",0,0,0,0,0,0
"15134",2017,"AM16",1,"ALRU",0,0,0,0,0,0
"15135",2017,"AM16",1,"CANO",5,0,0,0,0,0
"15136",2017,"AM16",1,"PICO",0,0,0,0,0,0
"15137",2017,"AM16",1,"PIEN",0,0,0,0,0,0
"15138",2017,"AM16",1,"PIMO",0,0,0,0,0,0
"15139",2017,"AM16",1,"PISI",0,0,0,0,0,0
"15140",2017,"AM16",1,"PSME",0,0,0,0,0,0
"15141",2017,"AM16",1,"TABR",0,0,0,0,0,0
"15142",2017,"AM16",1,"THPL",0,0,0,0,0,0
"15143",2017,"AM16",1,"TSHE",27,21,0,1,1,2
"15144",2017,"AM16",1,"TSME",17,4,0,0,0,0
"15145",2017,"AM16",2,"ABAM",3,4,0,0,0,0
"15146",2017,"AM16",2,"ABGR",0,0,0,0,0,0
"15147",2017,"AM16",2,"ABLA",0,0,0,0,0,0
"15148",2017,"AM16",2,"ABPR",4,0,0,0,0,0
"15149",2017,"AM16",2,"ACGL",0,0,0,0,0,0
"15150",2017,"AM16",2,"ALRU",0,0,0,0,0,0
"15151",2017,"AM16",2,"CANO",8,0,0,0,0,0
"15152",2017,"AM16",2,"PICO",1,1,0,0,0,0
"15153",2017,"AM16",2,"PIEN",0,0,0,0,0,0
"15154",2017,"AM16",2,"PIMO",0,0,0,0,0,0
"15155",2017,"AM16",2,"PISI",0,0,0,0,0,0
"15156",2017,"AM16",2,"PSME",0,0,0,0,0,0
"15157",2017,"AM16",2,"TABR",0,0,0,0,0,0
"15158",2017,"AM16",2,"THPL",0,0,0,0,0,0
"15159",2017,"AM16",2,"TSHE",146,81,0,0,0,0
"15160",2017,"AM16",2,"TSME",46,20,1,2,0,2
"15161",2017,"AM16",3,"ABAM",5,1,0,0,0,0
"15162",2017,"AM16",3,"ABGR",0,0,0,0,0,0
"15163",2017,"AM16",3,"ABLA",0,0,0,0,0,0
"15164",2017,"AM16",3,"ABPR",0,0,0,0,0,0
"15165",2017,"AM16",3,"ACGL",0,0,0,0,0,0
"15166",2017,"AM16",3,"ALRU",0,0,0,0,0,0
"15167",2017,"AM16",3,"CANO",1,0,0,0,0,0
"15168",2017,"AM16",3,"PICO",0,0,0,0,0,0
"15169",2017,"AM16",3,"PIEN",0,0,0,0,0,0
"15170",2017,"AM16",3,"PIMO",0,0,0,0,0,0
"15171",2017,"AM16",3,"PISI",0,0,0,0,0,0
"15172",2017,"AM16",3,"PSME",0,0,0,0,0,0
"15173",2017,"AM16",3,"TABR",0,0,0,0,0,0
"15174",2017,"AM16",3,"THPL",0,0,0,0,0,0
"15175",2017,"AM16",3,"TSHE",22,43,0,0,0,0
"15176",2017,"AM16",3,"TSME",71,45,2,6,3,9
"15177",2017,"AM16",4,"ABAM",1,0,0,0,0,0
"15178",2017,"AM16",4,"ABGR",0,0,0,0,0,0
"15179",2017,"AM16",4,"ABLA",0,0,0,0,0,0
"15180",2017,"AM16",4,"ABPR",4,2,0,0,0,0
"15181",2017,"AM16",4,"ACGL",0,0,0,0,0,0
"15182",2017,"AM16",4,"ALRU",0,0,0,0,0,0
"15183",2017,"AM16",4,"CANO",2,0,0,0,0,0
"15184",2017,"AM16",4,"PICO",0,0,0,0,0,0
"15185",2017,"AM16",4,"PIEN",0,0,0,0,0,0
"15186",2017,"AM16",4,"PIMO",0,0,0,0,0,0
"15187",2017,"AM16",4,"PISI",0,0,0,0,0,0
"15188",2017,"AM16",4,"PSME",0,0,0,0,0,0
"15189",2017,"AM16",4,"TABR",0,0,0,0,0,0
"15190",2017,"AM16",4,"THPL",0,0,0,0,0,0
"15191",2017,"AM16",4,"TSHE",38,21,0,0,0,0
"15192",2017,"AM16",4,"TSME",81,50,3,15,15,30
"15193",2017,"AM16",5,"ABAM",4,0,0,0,0,0
"15194",2017,"AM16",5,"ABGR",0,0,0,0,0,0
"15195",2017,"AM16",5,"ABLA",0,0,0,0,0,0
"15196",2017,"AM16",5,"ABPR",3,0,0,0,0,0
"15197",2017,"AM16",5,"ACGL",0,0,0,0,0,0
"15198",2017,"AM16",5,"ALRU",0,0,0,0,0,0
"15199",2017,"AM16",5,"CANO",5,0,0,0,0,0
"15200",2017,"AM16",5,"PICO",0,0,0,0,0,0
"15201",2017,"AM16",5,"PIEN",0,0,0,0,0,0
"15202",2017,"AM16",5,"PIMO",0,0,0,0,0,0
"15203",2017,"AM16",5,"PISI",0,0,0,0,0,0
"15204",2017,"AM16",5,"PSME",0,0,0,0,0,0
"15205",2017,"AM16",5,"TABR",0,0,0,0,0,0
"15206",2017,"AM16",5,"THPL",0,0,0,0,0,0
"15207",2017,"AM16",5,"TSHE",79,55,0,0,0,0
"15208",2017,"AM16",5,"TSME",140,49,4,13,6,19
"15209",2017,"AM16",6,"ABAM",5,2,0,0,0,0
"15210",2017,"AM16",6,"ABGR",0,0,0,0,0,0
"15211",2017,"AM16",6,"ABLA",0,0,0,0,0,0
"15212",2017,"AM16",6,"ABPR",6,0,0,0,0,0
"15213",2017,"AM16",6,"ACGL",0,0,0,0,0,0
"15214",2017,"AM16",6,"ALRU",0,0,0,0,0,0
"15215",2017,"AM16",6,"CANO",11,0,0,0,0,0
"15216",2017,"AM16",6,"PICO",0,0,0,0,0,0
"15217",2017,"AM16",6,"PIEN",0,0,0,0,0,0
"15218",2017,"AM16",6,"PIMO",0,0,0,0,0,0
"15219",2017,"AM16",6,"PISI",0,0,0,0,0,0
"15220",2017,"AM16",6,"PSME",0,2,0,0,0,0
"15221",2017,"AM16",6,"TABR",0,0,0,0,0,0
"15222",2017,"AM16",6,"THPL",0,0,0,0,0,0
"15223",2017,"AM16",6,"TSHE",34,54,1,0,0,0
"15224",2017,"AM16",6,"TSME",115,79,0,0,0,0
"15225",2017,"AO03",1,"ABAM",9,3,0,0,0,0
"15226",2017,"AO03",1,"ABGR",0,0,0,0,0,0
"15227",2017,"AO03",1,"ABLA",0,0,0,0,0,0
"15228",2017,"AO03",1,"ABPR",0,0,0,0,0,0
"15229",2017,"AO03",1,"ACGL",0,0,0,0,0,0
"15230",2017,"AO03",1,"ALRU",0,0,0,0,0,0
"15231",2017,"AO03",1,"CANO",0,0,0,0,0,0
"15232",2017,"AO03",1,"PICO",0,0,0,0,0,0
"15233",2017,"AO03",1,"PIEN",0,0,0,0,0,0
"15234",2017,"AO03",1,"PIMO",0,0,0,0,0,0
"15235",2017,"AO03",1,"PISI",0,0,0,0,0,0
"15236",2017,"AO03",1,"PSME",4,2,0,0,0,0
"15237",2017,"AO03",1,"TABR",0,0,0,0,0,0
"15238",2017,"AO03",1,"THPL",38,27,7,3,6,9
"15239",2017,"AO03",1,"TSHE",128,195,16,3,21,24
"15240",2017,"AO03",1,"TSME",0,0,0,0,0,0
"15241",2017,"AO03",2,"ABAM",41,11,0,0,0,0
"15242",2017,"AO03",2,"ABGR",0,0,0,0,0,0
"15243",2017,"AO03",2,"ABLA",0,0,0,0,0,0
"15244",2017,"AO03",2,"ABPR",0,0,0,0,0,0
"15245",2017,"AO03",2,"ACGL",0,0,0,0,0,0
"15246",2017,"AO03",2,"ALRU",0,0,0,0,0,0
"15247",2017,"AO03",2,"CANO",0,0,0,0,0,0
"15248",2017,"AO03",2,"PICO",0,0,0,0,0,0
"15249",2017,"AO03",2,"PIEN",0,0,0,0,0,0
"15250",2017,"AO03",2,"PIMO",0,0,0,0,0,0
"15251",2017,"AO03",2,"PISI",0,0,0,0,0,0
"15252",2017,"AO03",2,"PSME",10,3,0,0,0,0
"15253",2017,"AO03",2,"TABR",0,0,0,0,0,0
"15254",2017,"AO03",2,"THPL",44,27,28,6,47,53
"15255",2017,"AO03",2,"TSHE",168,220,29,166,63,229
"15256",2017,"AO03",2,"TSME",0,0,0,0,0,0
"15257",2017,"AO03",3,"ABAM",17,9,0,0,0,0
"15258",2017,"AO03",3,"ABGR",0,0,0,0,0,0
"15259",2017,"AO03",3,"ABLA",0,0,0,0,0,0
"15260",2017,"AO03",3,"ABPR",0,0,0,0,0,0
"15261",2017,"AO03",3,"ACGL",0,0,0,0,0,0
"15262",2017,"AO03",3,"ALRU",0,0,0,0,0,0
"15263",2017,"AO03",3,"CANO",0,0,0,0,0,0
"15264",2017,"AO03",3,"PICO",0,0,0,0,0,0
"15265",2017,"AO03",3,"PIEN",0,0,0,0,0,0
"15266",2017,"AO03",3,"PIMO",0,0,0,0,0,0
"15267",2017,"AO03",3,"PISI",0,0,0,0,0,0
"15268",2017,"AO03",3,"PSME",4,7,0,0,0,0
"15269",2017,"AO03",3,"TABR",0,0,0,0,0,0
"15270",2017,"AO03",3,"THPL",33,25,11,8,32,40
"15271",2017,"AO03",3,"TSHE",230,616,95,278,204,482
"15272",2017,"AO03",3,"TSME",0,0,0,0,0,0
"15273",2017,"AO03",4,"ABAM",7,0,0,0,0,0
"15274",2017,"AO03",4,"ABGR",0,0,0,0,0,0
"15275",2017,"AO03",4,"ABLA",0,0,0,0,0,0
"15276",2017,"AO03",4,"ABPR",0,0,0,0,0,0
"15277",2017,"AO03",4,"ACGL",0,0,0,0,0,0
"15278",2017,"AO03",4,"ALRU",0,0,0,0,0,0
"15279",2017,"AO03",4,"CANO",0,0,0,0,0,0
"15280",2017,"AO03",4,"PICO",0,0,0,0,0,0
"15281",2017,"AO03",4,"PIEN",0,0,0,0,0,0
"15282",2017,"AO03",4,"PIMO",0,0,0,0,0,0
"15283",2017,"AO03",4,"PISI",0,0,0,0,0,0
"15284",2017,"AO03",4,"PSME",8,0,2,7,0,7
"15285",2017,"AO03",4,"TABR",0,0,0,0,0,0
"15286",2017,"AO03",4,"THPL",33,15,0,0,0,0
"15287",2017,"AO03",4,"TSHE",348,30,27,335,5,340
"15288",2017,"AO03",4,"TSME",0,0,0,0,0,0
"15289",2017,"AO03",5,"ABAM",6,0,0,0,0,0
"15290",2017,"AO03",5,"ABGR",0,0,0,0,0,0
"15291",2017,"AO03",5,"ABLA",10,2,0,0,0,0
"15292",2017,"AO03",5,"ABPR",0,0,0,0,0,0
"15293",2017,"AO03",5,"ACGL",0,0,0,0,0,0
"15294",2017,"AO03",5,"ALRU",0,0,0,0,0,0
"15295",2017,"AO03",5,"CANO",0,0,0,0,0,0
"15296",2017,"AO03",5,"PICO",0,0,0,0,0,0
"15297",2017,"AO03",5,"PIEN",0,0,0,0,0,0
"15298",2017,"AO03",5,"PIMO",0,0,0,0,0,0
"15299",2017,"AO03",5,"PISI",0,0,0,0,0,0
"15300",2017,"AO03",5,"PSME",19,3,1,0,0,0
"15301",2017,"AO03",5,"TABR",0,0,0,0,0,0
"15302",2017,"AO03",5,"THPL",50,5,0,0,0,0
"15303",2017,"AO03",5,"TSHE",106,112,2,0,6,6
"15304",2017,"AO03",5,"TSME",0,0,0,0,0,0
"15305",2017,"AO03",6,"ABAM",12,2,0,0,0,0
"15306",2017,"AO03",6,"ABGR",0,0,0,0,0,0
"15307",2017,"AO03",6,"ABLA",10,1,0,0,0,0
"15308",2017,"AO03",6,"ABPR",0,0,0,0,0,0
"15309",2017,"AO03",6,"ACGL",0,0,0,0,0,0
"15310",2017,"AO03",6,"ALRU",0,0,0,0,0,0
"15311",2017,"AO03",6,"CANO",0,0,0,0,0,0
"15312",2017,"AO03",6,"PICO",0,0,0,0,0,0
"15313",2017,"AO03",6,"PIEN",0,0,0,0,0,0
"15314",2017,"AO03",6,"PIMO",0,0,0,0,0,0
"15315",2017,"AO03",6,"PISI",0,0,0,0,0,0
"15316",2017,"AO03",6,"PSME",2,10,6,0,0,0
"15317",2017,"AO03",6,"TABR",0,0,0,0,0,0
"15318",2017,"AO03",6,"THPL",20,11,0,0,0,0
"15319",2017,"AO03",6,"TSHE",88,92,1,0,0,0
"15320",2017,"AO03",6,"TSME",0,0,0,0,0,0
"15321",2017,"AR07",1,"ABAM",0,1,0,0,0,0
"15322",2017,"AR07",1,"ABGR",0,0,0,0,0,0
"15323",2017,"AR07",1,"ABLA",0,0,0,0,0,0
"15324",2017,"AR07",1,"ABPR",0,0,0,0,0,0
"15325",2017,"AR07",1,"ACGL",0,0,0,0,0,0
"15326",2017,"AR07",1,"ALRU",0,0,0,0,0,0
"15327",2017,"AR07",1,"CANO",20,0,0,0,0,0
"15328",2017,"AR07",1,"PICO",0,0,0,0,0,0
"15329",2017,"AR07",1,"PIEN",0,0,0,0,0,0
"15330",2017,"AR07",1,"PIMO",0,0,0,0,0,0
"15331",2017,"AR07",1,"PISI",0,0,0,0,0,0
"15332",2017,"AR07",1,"PSME",0,0,0,0,0,0
"15333",2017,"AR07",1,"TABR",0,0,0,0,0,0
"15334",2017,"AR07",1,"THPL",0,0,0,0,0,0
"15335",2017,"AR07",1,"TSHE",0,0,0,0,0,0
"15336",2017,"AR07",1,"TSME",29,3,5,43,26,69
"15337",2017,"AR07",2,"ABAM",0,0,0,0,0,0
"15338",2017,"AR07",2,"ABGR",0,0,0,0,0,0
"15339",2017,"AR07",2,"ABLA",0,0,0,0,0,0
"15340",2017,"AR07",2,"ABPR",0,0,0,0,0,0
"15341",2017,"AR07",2,"ACGL",0,0,0,0,0,0
"15342",2017,"AR07",2,"ALRU",0,0,0,0,0,0
"15343",2017,"AR07",2,"CANO",10,0,3,16,0,16
"15344",2017,"AR07",2,"PICO",0,0,0,0,0,0
"15345",2017,"AR07",2,"PIEN",0,0,0,0,0,0
"15346",2017,"AR07",2,"PIMO",0,0,0,0,0,0
"15347",2017,"AR07",2,"PISI",0,0,0,0,0,0
"15348",2017,"AR07",2,"PSME",0,0,0,0,0,0
"15349",2017,"AR07",2,"TABR",0,0,0,0,0,0
"15350",2017,"AR07",2,"THPL",0,0,0,0,0,0
"15351",2017,"AR07",2,"TSHE",0,0,0,0,0,0
"15352",2017,"AR07",2,"TSME",38,2,1,19,0,19
"15353",2017,"AR07",3,"ABAM",0,0,0,0,0,0
"15354",2017,"AR07",3,"ABGR",0,0,0,0,0,0
"15355",2017,"AR07",3,"ABLA",0,0,0,0,0,0
"15356",2017,"AR07",3,"ABPR",0,0,0,0,0,0
"15357",2017,"AR07",3,"ACGL",0,0,0,0,0,0
"15358",2017,"AR07",3,"ALRU",0,0,0,0,0,0
"15359",2017,"AR07",3,"CANO",20,0,5,15,5,20
"15360",2017,"AR07",3,"PICO",0,0,0,0,0,0
"15361",2017,"AR07",3,"PIEN",0,0,0,0,0,0
"15362",2017,"AR07",3,"PIMO",0,0,0,0,0,0
"15363",2017,"AR07",3,"PISI",0,0,0,0,0,0
"15364",2017,"AR07",3,"PSME",0,0,0,0,0,0
"15365",2017,"AR07",3,"TABR",0,0,0,0,0,0
"15366",2017,"AR07",3,"THPL",0,0,0,0,0,0
"15367",2017,"AR07",3,"TSHE",0,0,0,0,0,0
"15368",2017,"AR07",3,"TSME",24,15,0,0,0,0
"15369",2017,"AR07",4,"ABAM",0,0,0,0,0,0
"15370",2017,"AR07",4,"ABGR",0,0,0,0,0,0
"15371",2017,"AR07",4,"ABLA",0,0,0,0,0,0
"15372",2017,"AR07",4,"ABPR",0,0,0,0,0,0
"15373",2017,"AR07",4,"ACGL",0,0,0,0,0,0
"15374",2017,"AR07",4,"ALRU",0,0,0,0,0,0
"15375",2017,"AR07",4,"CANO",2,0,0,0,0,0
"15376",2017,"AR07",4,"PICO",0,0,0,0,0,0
"15377",2017,"AR07",4,"PIEN",0,0,0,0,0,0
"15378",2017,"AR07",4,"PIMO",0,0,0,0,0,0
"15379",2017,"AR07",4,"PISI",0,0,0,0,0,0
"15380",2017,"AR07",4,"PSME",0,1,0,0,0,0
"15381",2017,"AR07",4,"TABR",0,0,0,0,0,0
"15382",2017,"AR07",4,"THPL",0,0,0,0,0,0
"15383",2017,"AR07",4,"TSHE",0,0,0,0,0,0
"15384",2017,"AR07",4,"TSME",20,28,0,0,0,0
"15385",2017,"AR07",5,"ABAM",0,0,0,0,0,0
"15386",2017,"AR07",5,"ABGR",0,0,0,0,0,0
"15387",2017,"AR07",5,"ABLA",0,0,0,0,0,0
"15388",2017,"AR07",5,"ABPR",0,0,0,0,0,0
"15389",2017,"AR07",5,"ACGL",0,0,0,0,0,0
"15390",2017,"AR07",5,"ALRU",0,0,0,0,0,0
"15391",2017,"AR07",5,"CANO",7,1,1,3,6,9
"15392",2017,"AR07",5,"PICO",0,0,0,0,0,0
"15393",2017,"AR07",5,"PIEN",0,0,0,0,0,0
"15394",2017,"AR07",5,"PIMO",0,0,0,0,0,0
"15395",2017,"AR07",5,"PISI",0,0,0,0,0,0
"15396",2017,"AR07",5,"PSME",0,0,0,0,0,0
"15397",2017,"AR07",5,"TABR",0,0,0,0,0,0
"15398",2017,"AR07",5,"THPL",0,0,0,0,0,0
"15399",2017,"AR07",5,"TSHE",0,0,0,0,0,0
"15400",2017,"AR07",5,"TSME",12,9,0,0,0,0
"15401",2017,"AR07",6,"ABAM",1,0,0,0,0,0
"15402",2017,"AR07",6,"ABGR",0,0,0,0,0,0
"15403",2017,"AR07",6,"ABLA",0,0,0,0,0,0
"15404",2017,"AR07",6,"ABPR",0,0,0,0,0,0
"15405",2017,"AR07",6,"ACGL",0,0,0,0,0,0
"15406",2017,"AR07",6,"ALRU",0,0,0,0,0,0
"15407",2017,"AR07",6,"CANO",13,0,2,0,0,0
"15408",2017,"AR07",6,"PICO",0,0,0,0,0,0
"15409",2017,"AR07",6,"PIEN",0,0,0,0,0,0
"15410",2017,"AR07",6,"PIMO",0,0,0,0,0,0
"15411",2017,"AR07",6,"PISI",0,0,0,0,0,0
"15412",2017,"AR07",6,"PSME",0,0,0,0,0,0
"15413",2017,"AR07",6,"TABR",0,0,0,0,0,0
"15414",2017,"AR07",6,"THPL",0,0,0,0,0,0
"15415",2017,"AR07",6,"TSHE",0,0,0,0,0,0
"15416",2017,"AR07",6,"TSME",13,18,0,0,0,0
"15417",2017,"AV02",1,"ABAM",1,4,0,0,0,0
"15418",2017,"AV02",1,"ABGR",0,0,0,0,0,0
"15419",2017,"AV02",1,"ABLA",10,1,0,0,0,0
"15420",2017,"AV02",1,"ABPR",0,0,0,0,0,0
"15421",2017,"AV02",1,"ACGL",0,0,0,0,0,0
"15422",2017,"AV02",1,"ALRU",0,0,0,0,0,0
"15423",2017,"AV02",1,"CANO",0,0,0,0,0,0
"15424",2017,"AV02",1,"PICO",0,0,0,0,0,0
"15425",2017,"AV02",1,"PIEN",0,0,0,0,0,0
"15426",2017,"AV02",1,"PIMO",0,0,0,0,0,0
"15427",2017,"AV02",1,"PISI",0,0,0,0,0,0
"15428",2017,"AV02",1,"PSME",3,4,15,25,24,49
"15429",2017,"AV02",1,"TABR",0,0,0,0,0,0
"15430",2017,"AV02",1,"THPL",1,0,0,0,0,0
"15431",2017,"AV02",1,"TSHE",184,297,0,0,0,0
"15432",2017,"AV02",1,"TSME",0,0,0,0,0,0
"15433",2017,"AV02",2,"ABAM",7,26,0,0,0,0
"15434",2017,"AV02",2,"ABGR",0,0,0,0,0,0
"15435",2017,"AV02",2,"ABLA",8,4,0,0,0,0
"15436",2017,"AV02",2,"ABPR",0,0,0,0,0,0
"15437",2017,"AV02",2,"ACGL",0,0,0,0,0,0
"15438",2017,"AV02",2,"ALRU",0,0,0,0,0,0
"15439",2017,"AV02",2,"CANO",0,0,0,0,0,0
"15440",2017,"AV02",2,"PICO",0,0,0,0,0,0
"15441",2017,"AV02",2,"PIEN",0,0,0,0,0,0
"15442",2017,"AV02",2,"PIMO",0,0,0,0,0,0
"15443",2017,"AV02",2,"PISI",0,0,0,0,0,0
"15444",2017,"AV02",2,"PSME",11,10,0,0,0,0
"15445",2017,"AV02",2,"TABR",0,0,0,0,0,0
"15446",2017,"AV02",2,"THPL",1,0,0,0,0,0
"15447",2017,"AV02",2,"TSHE",180,250,11,7,18,25
"15448",2017,"AV02",2,"TSME",0,0,0,0,0,0
"15449",2017,"AV02",3,"ABAM",10,7,0,0,0,0
"15450",2017,"AV02",3,"ABGR",0,0,0,0,0,0
"15451",2017,"AV02",3,"ABLA",11,5,0,0,0,0
"15452",2017,"AV02",3,"ABPR",0,0,0,0,0,0
"15453",2017,"AV02",3,"ACGL",0,0,0,0,0,0
"15454",2017,"AV02",3,"ALRU",0,0,0,0,0,0
"15455",2017,"AV02",3,"CANO",0,0,0,0,0,0
"15456",2017,"AV02",3,"PICO",0,0,0,0,0,0
"15457",2017,"AV02",3,"PIEN",0,0,0,0,0,0
"15458",2017,"AV02",3,"PIMO",0,0,0,0,0,0
"15459",2017,"AV02",3,"PISI",0,0,0,0,0,0
"15460",2017,"AV02",3,"PSME",2,6,0,0,0,0
"15461",2017,"AV02",3,"TABR",0,0,0,0,0,0
"15462",2017,"AV02",3,"THPL",1,0,0,0,0,0
"15463",2017,"AV02",3,"TSHE",219,198,9,8,0,8
"15464",2017,"AV02",3,"TSME",0,0,0,0,0,0
"15465",2017,"AV02",4,"ABAM",12,2,0,0,0,0
"15466",2017,"AV02",4,"ABGR",0,0,0,0,0,0
"15467",2017,"AV02",4,"ABLA",0,0,0,0,0,0
"15468",2017,"AV02",4,"ABPR",12,4,0,0,0,0
"15469",2017,"AV02",4,"ACGL",0,0,0,0,0,0
"15470",2017,"AV02",4,"ALRU",0,0,0,0,0,0
"15471",2017,"AV02",4,"CANO",0,0,0,0,0,0
"15472",2017,"AV02",4,"PICO",0,0,0,0,0,0
"15473",2017,"AV02",4,"PIEN",0,0,0,0,0,0
"15474",2017,"AV02",4,"PIMO",0,0,0,0,0,0
"15475",2017,"AV02",4,"PISI",0,0,0,0,0,0
"15476",2017,"AV02",4,"PSME",1,3,0,0,0,0
"15477",2017,"AV02",4,"TABR",0,0,0,0,0,0
"15478",2017,"AV02",4,"THPL",0,0,0,0,0,0
"15479",2017,"AV02",4,"TSHE",230,230,15,2,42,44
"15480",2017,"AV02",4,"TSME",0,0,0,0,0,0
"15481",2017,"AV02",5,"ABAM",22,9,0,0,0,0
"15482",2017,"AV02",5,"ABGR",0,0,0,0,0,0
"15483",2017,"AV02",5,"ABLA",14,8,0,0,0,0
"15484",2017,"AV02",5,"ABPR",0,0,0,0,0,0
"15485",2017,"AV02",5,"ACGL",0,0,0,0,0,0
"15486",2017,"AV02",5,"ALRU",0,0,0,0,0,0
"15487",2017,"AV02",5,"CANO",0,0,0,0,0,0
"15488",2017,"AV02",5,"PICO",0,0,0,0,0,0
"15489",2017,"AV02",5,"PIEN",0,0,0,0,0,0
"15490",2017,"AV02",5,"PIMO",0,0,0,0,0,0
"15491",2017,"AV02",5,"PISI",0,0,0,0,0,0
"15492",2017,"AV02",5,"PSME",3,5,0,0,0,0
"15493",2017,"AV02",5,"TABR",0,0,0,0,0,0
"15494",2017,"AV02",5,"THPL",1,0,0,0,0,0
"15495",2017,"AV02",5,"TSHE",240,210,6,0,0,0
"15496",2017,"AV02",5,"TSME",0,0,0,0,0,0
"15497",2017,"AV02",6,"ABAM",1,0,0,0,0,0
"15498",2017,"AV02",6,"ABGR",0,0,0,0,0,0
"15499",2017,"AV02",6,"ABLA",11,2,0,0,0,0
"15500",2017,"AV02",6,"ABPR",19,11,0,0,0,0
"15501",2017,"AV02",6,"ACGL",0,0,0,0,0,0
"15502",2017,"AV02",6,"ALRU",0,0,0,0,0,0
"15503",2017,"AV02",6,"CANO",0,0,0,0,0,0
"15504",2017,"AV02",6,"PICO",0,0,0,0,0,0
"15505",2017,"AV02",6,"PIEN",0,0,0,0,0,0
"15506",2017,"AV02",6,"PIMO",0,0,0,0,0,0
"15507",2017,"AV02",6,"PISI",0,0,0,0,0,0
"15508",2017,"AV02",6,"PSME",1,4,0,0,0,0
"15509",2017,"AV02",6,"TABR",0,0,0,0,0,0
"15510",2017,"AV02",6,"THPL",0,0,0,0,0,0
"15511",2017,"AV02",6,"TSHE",135,176,2,0,0,0
"15512",2017,"AV02",6,"TSME",0,0,0,0,0,0
"15513",2017,"AV06",1,"ABAM",18,4,0,0,1,1
"15514",2017,"AV06",1,"ABGR",0,0,0,0,0,0
"15515",2017,"AV06",1,"ABLA",0,0,0,0,0,0
"15516",2017,"AV06",1,"ABPR",0,0,0,0,0,0
"15517",2017,"AV06",1,"ACGL",0,0,0,0,0,0
"15518",2017,"AV06",1,"ALRU",0,0,0,0,0,0
"15519",2017,"AV06",1,"CANO",0,0,0,0,0,0
"15520",2017,"AV06",1,"PICO",0,0,0,0,0,0
"15521",2017,"AV06",1,"PIEN",0,0,0,0,0,0
"15522",2017,"AV06",1,"PIMO",0,0,0,0,0,0
"15523",2017,"AV06",1,"PISI",0,0,0,0,0,0
"15524",2017,"AV06",1,"PSME",4,0,0,0,0,0
"15525",2017,"AV06",1,"TABR",0,0,0,0,0,0
"15526",2017,"AV06",1,"THPL",8,5,0,0,0,0
"15527",2017,"AV06",1,"TSHE",39,33,7,21,14,35
"15528",2017,"AV06",1,"TSME",0,0,0,0,0,0
"15529",2017,"AV06",2,"ABAM",18,7,0,0,1,1
"15530",2017,"AV06",2,"ABGR",0,0,0,0,0,0
"15531",2017,"AV06",2,"ABLA",0,0,0,0,0,0
"15532",2017,"AV06",2,"ABPR",0,0,0,0,0,0
"15533",2017,"AV06",2,"ACGL",0,0,0,0,0,0
"15534",2017,"AV06",2,"ALRU",0,0,0,0,0,0
"15535",2017,"AV06",2,"CANO",0,0,0,0,0,0
"15536",2017,"AV06",2,"PICO",0,0,0,0,0,0
"15537",2017,"AV06",2,"PIEN",0,0,0,0,0,0
"15538",2017,"AV06",2,"PIMO",0,0,0,0,0,0
"15539",2017,"AV06",2,"PISI",0,0,0,0,0,0
"15540",2017,"AV06",2,"PSME",3,3,0,0,0,0
"15541",2017,"AV06",2,"TABR",0,0,0,0,0,0
"15542",2017,"AV06",2,"THPL",16,7,0,0,0,0
"15543",2017,"AV06",2,"TSHE",70,40,50,25,28,53
"15544",2017,"AV06",2,"TSME",0,0,0,0,0,0
"15545",2017,"AV06",3,"ABAM",24,5,0,1,0,1
"15546",2017,"AV06",3,"ABGR",0,0,0,0,0,0
"15547",2017,"AV06",3,"ABLA",0,0,0,0,0,0
"15548",2017,"AV06",3,"ABPR",0,0,0,0,0,0
"15549",2017,"AV06",3,"ACGL",0,0,0,0,0,0
"15550",2017,"AV06",3,"ALRU",0,0,0,0,0,0
"15551",2017,"AV06",3,"CANO",0,0,0,0,0,0
"15552",2017,"AV06",3,"PICO",0,0,0,0,0,0
"15553",2017,"AV06",3,"PIEN",0,0,0,0,0,0
"15554",2017,"AV06",3,"PIMO",0,0,0,0,0,0
"15555",2017,"AV06",3,"PISI",0,0,0,0,0,0
"15556",2017,"AV06",3,"PSME",4,2,0,0,0,0
"15557",2017,"AV06",3,"TABR",0,0,0,0,0,0
"15558",2017,"AV06",3,"THPL",8,6,0,0,0,0
"15559",2017,"AV06",3,"TSHE",59,32,35,51,47,98
"15560",2017,"AV06",3,"TSME",0,0,0,0,0,0
"15561",2017,"AV06",4,"ABAM",30,8,0,2,2,4
"15562",2017,"AV06",4,"ABGR",0,0,0,0,0,0
"15563",2017,"AV06",4,"ABLA",0,0,0,0,0,0
"15564",2017,"AV06",4,"ABPR",0,0,0,0,0,0
"15565",2017,"AV06",4,"ACGL",0,0,0,0,0,0
"15566",2017,"AV06",4,"ALRU",0,0,0,0,0,0
"15567",2017,"AV06",4,"CANO",0,0,0,0,0,0
"15568",2017,"AV06",4,"PICO",0,0,0,0,0,0
"15569",2017,"AV06",4,"PIEN",0,0,0,0,0,0
"15570",2017,"AV06",4,"PIMO",0,0,0,0,0,0
"15571",2017,"AV06",4,"PISI",0,0,0,0,0,0
"15572",2017,"AV06",4,"PSME",3,1,0,0,0,0
"15573",2017,"AV06",4,"TABR",0,0,0,0,0,0
"15574",2017,"AV06",4,"THPL",13,8,0,0,0,0
"15575",2017,"AV06",4,"TSHE",27,18,13,1,3,4
"15576",2017,"AV06",4,"TSME",0,0,0,0,0,0
"15577",2017,"AV06",5,"ABAM",35,14,0,1,2,3
"15578",2017,"AV06",5,"ABGR",0,0,0,0,0,0
"15579",2017,"AV06",5,"ABLA",0,0,0,0,0,0
"15580",2017,"AV06",5,"ABPR",0,0,0,0,0,0
"15581",2017,"AV06",5,"ACGL",0,0,0,0,0,0
"15582",2017,"AV06",5,"ALRU",0,0,0,0,0,0
"15583",2017,"AV06",5,"CANO",0,0,0,0,0,0
"15584",2017,"AV06",5,"PICO",0,0,0,0,0,0
"15585",2017,"AV06",5,"PIEN",0,0,0,0,0,0
"15586",2017,"AV06",5,"PIMO",0,0,0,0,0,0
"15587",2017,"AV06",5,"PISI",0,0,0,0,0,0
"15588",2017,"AV06",5,"PSME",6,2,0,0,0,0
"15589",2017,"AV06",5,"TABR",0,0,0,0,0,0
"15590",2017,"AV06",5,"THPL",12,12,0,0,0,0
"15591",2017,"AV06",5,"TSHE",24,22,0,0,0,0
"15592",2017,"AV06",5,"TSME",0,0,0,0,0,0
"15593",2017,"AV06",6,"ABAM",47,21,0,1,0,1
"15594",2017,"AV06",6,"ABGR",0,0,0,0,0,0
"15595",2017,"AV06",6,"ABLA",0,0,0,0,0,0
"15596",2017,"AV06",6,"ABPR",0,0,0,0,0,0
"15597",2017,"AV06",6,"ACGL",0,0,0,0,0,0
"15598",2017,"AV06",6,"ALRU",0,0,0,0,0,0
"15599",2017,"AV06",6,"CANO",0,0,0,0,0,0
"15600",2017,"AV06",6,"PICO",0,0,0,0,0,0
"15601",2017,"AV06",6,"PIEN",0,0,0,0,0,0
"15602",2017,"AV06",6,"PIMO",0,0,0,0,0,0
"15603",2017,"AV06",6,"PISI",0,0,0,0,0,0
"15604",2017,"AV06",6,"PSME",6,3,0,0,0,0
"15605",2017,"AV06",6,"TABR",0,0,0,0,0,0
"15606",2017,"AV06",6,"THPL",5,5,0,0,0,0
"15607",2017,"AV06",6,"TSHE",17,7,1,0,0,0
"15608",2017,"AV06",6,"TSME",0,0,0,0,0,0
"15609",2017,"AV14",1,"ABAM",12,16,0,0,0,0
"15610",2017,"AV14",1,"ABGR",0,0,0,0,0,0
"15611",2017,"AV14",1,"ABLA",10,7,0,0,0,0
"15612",2017,"AV14",1,"ABPR",0,0,0,0,0,0
"15613",2017,"AV14",1,"ACGL",0,0,0,0,0,0
"15614",2017,"AV14",1,"ALRU",0,0,0,0,0,0
"15615",2017,"AV14",1,"CANO",0,0,0,0,0,0
"15616",2017,"AV14",1,"PICO",0,0,0,0,0,0
"15617",2017,"AV14",1,"PIEN",0,0,0,0,0,0
"15618",2017,"AV14",1,"PIMO",0,0,0,0,0,0
"15619",2017,"AV14",1,"PISI",0,0,0,0,0,0
"15620",2017,"AV14",1,"PSME",1,0,0,0,0,0
"15621",2017,"AV14",1,"TABR",0,0,0,0,0,0
"15622",2017,"AV14",1,"THPL",1,0,0,0,0,0
"15623",2017,"AV14",1,"TSHE",142,194,7,0,5,5
"15624",2017,"AV14",1,"TSME",0,0,0,0,0,0
"15625",2017,"AV14",2,"ABAM",10,7,0,0,0,0
"15626",2017,"AV14",2,"ABGR",0,0,0,0,0,0
"15627",2017,"AV14",2,"ABLA",11,4,0,0,0,0
"15628",2017,"AV14",2,"ABPR",0,0,0,0,0,0
"15629",2017,"AV14",2,"ACGL",0,0,0,0,0,0
"15630",2017,"AV14",2,"ALRU",0,0,0,0,0,0
"15631",2017,"AV14",2,"CANO",0,0,0,0,0,0
"15632",2017,"AV14",2,"PICO",0,0,0,0,0,0
"15633",2017,"AV14",2,"PIEN",0,0,0,0,0,0
"15634",2017,"AV14",2,"PIMO",0,0,0,0,0,0
"15635",2017,"AV14",2,"PISI",0,0,0,0,0,0
"15636",2017,"AV14",2,"PSME",1,0,0,0,0,0
"15637",2017,"AV14",2,"TABR",0,0,0,0,0,0
"15638",2017,"AV14",2,"THPL",0,0,0,0,0,0
"15639",2017,"AV14",2,"TSHE",114,199,10,10,9,19
"15640",2017,"AV14",2,"TSME",0,0,0,0,0,0
"15641",2017,"AV14",3,"ABAM",27,0,0,0,0,0
"15642",2017,"AV14",3,"ABGR",0,0,0,0,0,0
"15643",2017,"AV14",3,"ABLA",0,0,0,0,0,0
"15644",2017,"AV14",3,"ABPR",0,0,0,0,0,0
"15645",2017,"AV14",3,"ACGL",0,0,0,0,0,0
"15646",2017,"AV14",3,"ALRU",0,0,0,0,0,0
"15647",2017,"AV14",3,"CANO",0,0,0,0,0,0
"15648",2017,"AV14",3,"PICO",0,0,0,0,0,0
"15649",2017,"AV14",3,"PIEN",0,0,0,0,0,0
"15650",2017,"AV14",3,"PIMO",0,0,0,0,0,0
"15651",2017,"AV14",3,"PISI",0,0,0,0,0,0
"15652",2017,"AV14",3,"PSME",0,0,0,0,0,0
"15653",2017,"AV14",3,"TABR",0,0,0,0,0,0
"15654",2017,"AV14",3,"THPL",0,0,0,0,0,0
"15655",2017,"AV14",3,"TSHE",298,111,49,180,0,180
"15656",2017,"AV14",3,"TSME",0,0,0,0,0,0
"15657",2017,"AV14",4,"ABAM",6,1,0,0,0,0
"15658",2017,"AV14",4,"ABGR",0,0,0,0,0,0
"15659",2017,"AV14",4,"ABLA",5,7,1,0,8,8
"15660",2017,"AV14",4,"ABPR",0,0,0,0,0,0
"15661",2017,"AV14",4,"ACGL",0,0,0,0,0,0
"15662",2017,"AV14",4,"ALRU",0,0,0,0,0,0
"15663",2017,"AV14",4,"CANO",0,0,0,0,0,0
"15664",2017,"AV14",4,"PICO",0,0,0,0,0,0
"15665",2017,"AV14",4,"PIEN",0,0,0,0,0,0
"15666",2017,"AV14",4,"PIMO",0,0,0,0,0,0
"15667",2017,"AV14",4,"PISI",0,0,0,0,0,0
"15668",2017,"AV14",4,"PSME",1,0,0,0,0,0
"15669",2017,"AV14",4,"TABR",0,0,0,0,0,0
"15670",2017,"AV14",4,"THPL",1,1,0,0,0,0
"15671",2017,"AV14",4,"TSHE",143,197,55,56,51,107
"15672",2017,"AV14",4,"TSME",0,0,0,0,0,0
"15673",2017,"AV14",5,"ABAM",17,1,0,0,0,0
"15674",2017,"AV14",5,"ABGR",0,0,0,0,0,0
"15675",2017,"AV14",5,"ABLA",0,0,0,0,0,0
"15676",2017,"AV14",5,"ABPR",0,0,0,0,0,0
"15677",2017,"AV14",5,"ACGL",0,0,0,0,0,0
"15678",2017,"AV14",5,"ALRU",0,0,0,0,0,0
"15679",2017,"AV14",5,"CANO",0,0,0,0,0,0
"15680",2017,"AV14",5,"PICO",0,0,0,0,0,0
"15681",2017,"AV14",5,"PIEN",0,0,0,0,0,0
"15682",2017,"AV14",5,"PIMO",0,0,0,0,0,0
"15683",2017,"AV14",5,"PISI",0,0,0,0,0,0
"15684",2017,"AV14",5,"PSME",0,0,0,0,0,0
"15685",2017,"AV14",5,"TABR",0,0,0,0,0,0
"15686",2017,"AV14",5,"THPL",0,0,0,0,0,0
"15687",2017,"AV14",5,"TSHE",180,20,34,34,4,38
"15688",2017,"AV14",5,"TSME",0,0,0,0,0,0
"15689",2017,"AV14",6,"ABAM",14,2,0,0,0,0
"15690",2017,"AV14",6,"ABGR",0,0,0,0,0,0
"15691",2017,"AV14",6,"ABLA",0,0,0,0,0,0
"15692",2017,"AV14",6,"ABPR",0,0,0,0,0,0
"15693",2017,"AV14",6,"ACGL",0,0,0,0,0,0
"15694",2017,"AV14",6,"ALRU",0,0,0,0,0,0
"15695",2017,"AV14",6,"CANO",0,0,0,0,0,0
"15696",2017,"AV14",6,"PICO",0,0,0,0,0,0
"15697",2017,"AV14",6,"PIEN",0,0,0,0,0,0
"15698",2017,"AV14",6,"PIMO",0,0,0,0,0,0
"15699",2017,"AV14",6,"PISI",0,0,0,0,0,0
"15700",2017,"AV14",6,"PSME",0,0,0,0,0,0
"15701",2017,"AV14",6,"TABR",0,0,0,0,0,0
"15702",2017,"AV14",6,"THPL",0,0,0,0,0,0
"15703",2017,"AV14",6,"TSHE",227,41,18,43,0,43
"15704",2017,"AV14",6,"TSME",0,0,0,0,0,0
"15705",2017,"AX15",1,"ABAM",1,0,0,0,0,0
"15706",2017,"AX15",1,"ABGR",0,0,0,0,0,0
"15707",2017,"AX15",1,"ABLA",0,0,0,0,0,0
"15708",2017,"AX15",1,"ABPR",0,0,0,0,0,0
"15709",2017,"AX15",1,"ACGL",0,0,0,0,0,0
"15710",2017,"AX15",1,"ALRU",0,0,0,0,0,0
"15711",2017,"AX15",1,"CANO",0,0,0,0,0,0
"15712",2017,"AX15",1,"PICO",0,0,0,0,0,0
"15713",2017,"AX15",1,"PIEN",0,0,0,0,0,0
"15714",2017,"AX15",1,"PIMO",0,0,0,0,0,0
"15715",2017,"AX15",1,"PISI",0,0,0,0,0,0
"15716",2017,"AX15",1,"PSME",2,4,0,0,0,0
"15717",2017,"AX15",1,"TABR",0,0,0,0,0,0
"15718",2017,"AX15",1,"THPL",36,1,3,5,0,5
"15719",2017,"AX15",1,"TSHE",71,97,6,0,0,0
"15720",2017,"AX15",1,"TSME",0,0,0,0,0,0
"15721",2017,"AX15",2,"ABAM",0,0,0,0,0,0
"15722",2017,"AX15",2,"ABGR",0,0,0,0,0,0
"15723",2017,"AX15",2,"ABLA",0,0,0,0,0,0
"15724",2017,"AX15",2,"ABPR",0,0,0,0,0,0
"15725",2017,"AX15",2,"ACGL",0,0,0,0,0,0
"15726",2017,"AX15",2,"ALRU",0,0,0,0,0,0
"15727",2017,"AX15",2,"CANO",0,0,0,0,0,0
"15728",2017,"AX15",2,"PICO",0,0,0,0,0,0
"15729",2017,"AX15",2,"PIEN",0,0,0,0,0,0
"15730",2017,"AX15",2,"PIMO",0,0,0,0,0,0
"15731",2017,"AX15",2,"PISI",0,0,0,0,0,0
"15732",2017,"AX15",2,"PSME",1,1,0,0,0,0
"15733",2017,"AX15",2,"TABR",0,0,0,0,0,0
"15734",2017,"AX15",2,"THPL",18,5,0,0,0,0
"15735",2017,"AX15",2,"TSHE",85,18,6,1,0,1
"15736",2017,"AX15",2,"TSME",0,0,0,0,0,0
"15737",2017,"AX15",3,"ABAM",0,0,0,0,0,0
"15738",2017,"AX15",3,"ABGR",0,0,0,0,0,0
"15739",2017,"AX15",3,"ABLA",0,0,0,0,0,0
"15740",2017,"AX15",3,"ABPR",0,0,0,0,0,0
"15741",2017,"AX15",3,"ACGL",0,0,0,0,0,0
"15742",2017,"AX15",3,"ALRU",0,0,0,0,0,0
"15743",2017,"AX15",3,"CANO",0,0,0,0,0,0
"15744",2017,"AX15",3,"PICO",0,0,0,0,0,0
"15745",2017,"AX15",3,"PIEN",0,0,0,0,0,0
"15746",2017,"AX15",3,"PIMO",0,0,0,0,0,0
"15747",2017,"AX15",3,"PISI",0,0,0,0,0,0
"15748",2017,"AX15",3,"PSME",7,0,0,0,0,0
"15749",2017,"AX15",3,"TABR",0,0,0,0,0,0
"15750",2017,"AX15",3,"THPL",92,75,0,0,0,0
"15751",2017,"AX15",3,"TSHE",72,9,3,NA,1,1
"15752",2017,"AX15",3,"TSME",0,0,0,0,0,0
"15753",2017,"AX15",4,"ABAM",0,0,0,0,0,0
"15754",2017,"AX15",4,"ABGR",0,0,0,0,0,0
"15755",2017,"AX15",4,"ABLA",0,0,0,0,0,0
"15756",2017,"AX15",4,"ABPR",0,0,0,0,0,0
"15757",2017,"AX15",4,"ACGL",0,0,0,0,0,0
"15758",2017,"AX15",4,"ALRU",0,0,0,0,0,0
"15759",2017,"AX15",4,"CANO",0,0,0,0,0,0
"15760",2017,"AX15",4,"PICO",0,0,0,0,0,0
"15761",2017,"AX15",4,"PIEN",0,0,0,0,0,0
"15762",2017,"AX15",4,"PIMO",0,0,0,0,0,0
"15763",2017,"AX15",4,"PISI",0,0,0,0,0,0
"15764",2017,"AX15",4,"PSME",9,4,1,0,15,15
"15765",2017,"AX15",4,"TABR",0,0,0,0,0,0
"15766",2017,"AX15",4,"THPL",11,5,0,0,0,0
"15767",2017,"AX15",4,"TSHE",46,61,13,0,2,2
"15768",2017,"AX15",4,"TSME",0,0,0,0,0,0
"15769",2017,"AX15",5,"ABAM",0,0,0,0,0,0
"15770",2017,"AX15",5,"ABGR",0,0,0,0,0,0
"15771",2017,"AX15",5,"ABLA",0,0,0,0,0,0
"15772",2017,"AX15",5,"ABPR",0,0,0,0,0,0
"15773",2017,"AX15",5,"ACGL",0,0,0,0,0,0
"15774",2017,"AX15",5,"ALRU",0,0,0,0,0,0
"15775",2017,"AX15",5,"CANO",0,0,0,0,0,0
"15776",2017,"AX15",5,"PICO",0,0,0,0,0,0
"15777",2017,"AX15",5,"PIEN",0,0,0,0,0,0
"15778",2017,"AX15",5,"PIMO",0,0,0,0,0,0
"15779",2017,"AX15",5,"PISI",0,0,0,0,0,0
"15780",2017,"AX15",5,"PSME",8,15,2,53,0,53
"15781",2017,"AX15",5,"TABR",0,0,0,0,0,0
"15782",2017,"AX15",5,"THPL",27,5,0,0,0,0
"15783",2017,"AX15",5,"TSHE",82,4,8,4,0,4
"15784",2017,"AX15",5,"TSME",0,0,0,0,0,0
"15785",2017,"AX15",6,"ABAM",0,0,0,0,0,0
"15786",2017,"AX15",6,"ABGR",0,0,0,0,0,0
"15787",2017,"AX15",6,"ABLA",0,0,0,0,0,0
"15788",2017,"AX15",6,"ABPR",0,0,0,0,0,0
"15789",2017,"AX15",6,"ACGL",0,0,0,0,0,0
"15790",2017,"AX15",6,"ALRU",0,0,0,0,0,0
"15791",2017,"AX15",6,"CANO",0,0,0,0,0,0
"15792",2017,"AX15",6,"PICO",0,0,0,0,0,0
"15793",2017,"AX15",6,"PIEN",0,0,0,0,0,0
"15794",2017,"AX15",6,"PIMO",0,0,0,0,0,0
"15795",2017,"AX15",6,"PISI",0,0,0,0,0,0
"15796",2017,"AX15",6,"PSME",0,1,0,0,0,0
"15797",2017,"AX15",6,"TABR",0,0,0,0,0,0
"15798",2017,"AX15",6,"THPL",31,2,0,0,0,0
"15799",2017,"AX15",6,"TSHE",38,26,15,0,0,0
"15800",2017,"AX15",6,"TSME",0,0,0,0,0,0
"15801",2017,"PARA",1,"ABAM",1,2,0,0,0,0
"15802",2017,"PARA",1,"ABGR",0,0,0,0,0,0
"15803",2017,"PARA",1,"ABLA",0,0,0,0,0,0
"15804",2017,"PARA",1,"ABPR",0,0,0,0,0,0
"15805",2017,"PARA",1,"ACGL",0,0,0,0,0,0
"15806",2017,"PARA",1,"ALRU",0,0,0,0,0,0
"15807",2017,"PARA",1,"CANO",0,0,0,0,0,0
"15808",2017,"PARA",1,"PICO",0,0,0,0,0,0
"15809",2017,"PARA",1,"PIEN",0,0,0,0,0,0
"15810",2017,"PARA",1,"PIMO",0,0,0,0,0,0
"15811",2017,"PARA",1,"PISI",0,0,0,0,0,0
"15812",2017,"PARA",1,"PSME",0,2,0,0,0,0
"15813",2017,"PARA",1,"TABR",0,0,0,0,0,0
"15814",2017,"PARA",1,"THPL",0,0,0,0,0,0
"15815",2017,"PARA",1,"TSHE",0,0,0,0,0,0
"15816",2017,"PARA",1,"TSME",0,3,0,0,0,0
"15817",2017,"PARA",2,"ABAM",1,0,0,0,0,0
"15818",2017,"PARA",2,"ABGR",0,0,0,0,0,0
"15819",2017,"PARA",2,"ABLA",1,3,0,0,0,0
"15820",2017,"PARA",2,"ABPR",0,0,0,0,0,0
"15821",2017,"PARA",2,"ACGL",0,0,0,0,0,0
"15822",2017,"PARA",2,"ALRU",0,0,0,0,0,0
"15823",2017,"PARA",2,"CANO",0,0,0,0,0,0
"15824",2017,"PARA",2,"PICO",0,0,0,0,0,0
"15825",2017,"PARA",2,"PIEN",0,0,0,0,0,0
"15826",2017,"PARA",2,"PIMO",0,0,0,0,0,0
"15827",2017,"PARA",2,"PISI",0,0,0,0,0,0
"15828",2017,"PARA",2,"PSME",0,0,0,0,0,0
"15829",2017,"PARA",2,"TABR",0,0,0,0,0,0
"15830",2017,"PARA",2,"THPL",0,0,0,0,0,0
"15831",2017,"PARA",2,"TSHE",0,0,0,0,0,0
"15832",2017,"PARA",2,"TSME",1,3,0,0,0,0
"15833",2017,"PARA",3,"ABAM",0,0,0,0,0,0
"15834",2017,"PARA",3,"ABGR",0,0,0,0,0,0
"15835",2017,"PARA",3,"ABLA",0,0,0,0,0,0
"15836",2017,"PARA",3,"ABPR",0,0,0,0,0,0
"15837",2017,"PARA",3,"ACGL",0,0,0,0,0,0
"15838",2017,"PARA",3,"ALRU",0,0,0,0,0,0
"15839",2017,"PARA",3,"CANO",0,0,0,0,0,0
"15840",2017,"PARA",3,"PICO",0,0,0,0,0,0
"15841",2017,"PARA",3,"PIEN",0,0,0,0,0,0
"15842",2017,"PARA",3,"PIMO",0,0,0,0,0,0
"15843",2017,"PARA",3,"PISI",0,0,0,0,0,0
"15844",2017,"PARA",3,"PSME",0,0,0,0,0,0
"15845",2017,"PARA",3,"TABR",0,0,0,0,0,0
"15846",2017,"PARA",3,"THPL",0,0,0,0,0,0
"15847",2017,"PARA",3,"TSHE",0,0,0,0,0,0
"15848",2017,"PARA",3,"TSME",12,1,0,0,0,0
"15849",2017,"PARA",4,"ABAM",1,0,0,0,0,0
"15850",2017,"PARA",4,"ABGR",0,0,0,0,0,0
"15851",2017,"PARA",4,"ABLA",0,0,0,0,0,0
"15852",2017,"PARA",4,"ABPR",0,0,0,0,0,0
"15853",2017,"PARA",4,"ACGL",0,0,0,0,0,0
"15854",2017,"PARA",4,"ALRU",0,0,0,0,0,0
"15855",2017,"PARA",4,"CANO",0,0,0,0,0,0
"15856",2017,"PARA",4,"PICO",0,0,0,0,0,0
"15857",2017,"PARA",4,"PIEN",0,0,0,0,0,0
"15858",2017,"PARA",4,"PIMO",0,0,0,0,0,0
"15859",2017,"PARA",4,"PISI",0,0,0,0,0,0
"15860",2017,"PARA",4,"PSME",0,0,0,0,0,0
"15861",2017,"PARA",4,"TABR",0,0,0,0,0,0
"15862",2017,"PARA",4,"THPL",0,0,0,0,0,0
"15863",2017,"PARA",4,"TSHE",0,0,0,0,0,0
"15864",2017,"PARA",4,"TSME",13,1,1,1,0,1
"15865",2017,"PARA",5,"ABAM",1,0,0,0,0,0
"15866",2017,"PARA",5,"ABGR",0,0,0,0,0,0
"15867",2017,"PARA",5,"ABLA",0,0,0,0,0,0
"15868",2017,"PARA",5,"ABPR",0,0,0,0,0,0
"15869",2017,"PARA",5,"ACGL",0,0,0,0,0,0
"15870",2017,"PARA",5,"ALRU",0,0,0,0,0,0
"15871",2017,"PARA",5,"CANO",0,0,0,0,0,0
"15872",2017,"PARA",5,"PICO",0,0,0,0,0,0
"15873",2017,"PARA",5,"PIEN",0,0,0,0,0,0
"15874",2017,"PARA",5,"PIMO",0,0,0,0,0,0
"15875",2017,"PARA",5,"PISI",0,0,0,0,0,0
"15876",2017,"PARA",5,"PSME",0,0,0,0,0,0
"15877",2017,"PARA",5,"TABR",0,0,0,0,0,0
"15878",2017,"PARA",5,"THPL",0,0,0,0,0,0
"15879",2017,"PARA",5,"TSHE",0,0,0,0,0,0
"15880",2017,"PARA",5,"TSME",4,0,0,0,0,0
"15881",2017,"PARA",6,"ABAM",0,0,0,0,0,0
"15882",2017,"PARA",6,"ABGR",0,0,0,0,0,0
"15883",2017,"PARA",6,"ABLA",0,0,0,0,0,0
"15884",2017,"PARA",6,"ABPR",0,0,0,0,0,0
"15885",2017,"PARA",6,"ACGL",0,0,0,0,0,0
"15886",2017,"PARA",6,"ALRU",0,0,0,0,0,0
"15887",2017,"PARA",6,"CANO",0,0,0,0,0,0
"15888",2017,"PARA",6,"PICO",0,0,0,0,0,0
"15889",2017,"PARA",6,"PIEN",0,0,0,0,0,0
"15890",2017,"PARA",6,"PIMO",0,0,0,0,0,0
"15891",2017,"PARA",6,"PISI",0,0,0,0,0,0
"15892",2017,"PARA",6,"PSME",0,0,0,0,0,0
"15893",2017,"PARA",6,"TABR",0,0,0,0,0,0
"15894",2017,"PARA",6,"THPL",0,0,0,0,0,0
"15895",2017,"PARA",6,"TSHE",0,0,0,0,0,0
"15896",2017,"PARA",6,"TSME",2,10,1,0,0,0
"15897",2017,"PP17",1,"ABAM",1,0,0,0,0,0
"15898",2017,"PP17",1,"ABGR",0,0,0,0,0,0
"15899",2017,"PP17",1,"ABLA",0,0,0,0,0,0
"15900",2017,"PP17",1,"ABPR",0,0,0,0,0,0
"15901",2017,"PP17",1,"ACGL",0,0,0,0,0,0
"15902",2017,"PP17",1,"ALRU",10,0,0,0,0,0
"15903",2017,"PP17",1,"CANO",0,0,0,0,0,0
"15904",2017,"PP17",1,"PICO",0,0,0,0,0,0
"15905",2017,"PP17",1,"PIEN",0,0,0,0,0,0
"15906",2017,"PP17",1,"PIMO",0,0,0,0,0,0
"15907",2017,"PP17",1,"PISI",0,0,0,0,0,0
"15908",2017,"PP17",1,"PSME",31,30,2,0,0,0
"15909",2017,"PP17",1,"TABR",0,0,0,0,0,0
"15910",2017,"PP17",1,"THPL",1,0,0,0,0,0
"15911",2017,"PP17",1,"TSHE",8,0,0,0,0,0
"15912",2017,"PP17",1,"TSME",0,0,0,0,0,0
"15913",2017,"PP17",2,"ABAM",0,0,0,0,0,0
"15914",2017,"PP17",2,"ABGR",0,0,0,0,0,0
"15915",2017,"PP17",2,"ABLA",0,0,0,0,0,0
"15916",2017,"PP17",2,"ABPR",0,0,0,0,0,0
"15917",2017,"PP17",2,"ACGL",0,0,0,0,0,0
"15918",2017,"PP17",2,"ALRU",50,0,0,0,0,0
"15919",2017,"PP17",2,"CANO",0,0,0,0,0,0
"15920",2017,"PP17",2,"PICO",4,6,0,0,0,0
"15921",2017,"PP17",2,"PIEN",0,0,0,0,0,0
"15922",2017,"PP17",2,"PIMO",0,1,0,0,0,0
"15923",2017,"PP17",2,"PISI",0,0,0,0,0,0
"15924",2017,"PP17",2,"PSME",7,111,0,0,0,0
"15925",2017,"PP17",2,"TABR",0,0,0,0,0,0
"15926",2017,"PP17",2,"THPL",0,0,0,0,0,0
"15927",2017,"PP17",2,"TSHE",7,4,0,0,0,0
"15928",2017,"PP17",2,"TSME",0,0,0,0,0,0
"15929",2017,"PP17",3,"ABAM",0,0,0,0,0,0
"15930",2017,"PP17",3,"ABGR",1,0,0,0,0,0
"15931",2017,"PP17",3,"ABLA",0,0,0,0,0,0
"15932",2017,"PP17",3,"ABPR",0,0,0,0,0,0
"15933",2017,"PP17",3,"ACGL",0,0,0,0,0,0
"15934",2017,"PP17",3,"ALRU",32,0,0,0,0,0
"15935",2017,"PP17",3,"CANO",0,0,0,0,0,0
"15936",2017,"PP17",3,"PICO",0,0,0,0,0,0
"15937",2017,"PP17",3,"PIEN",0,0,0,0,0,0
"15938",2017,"PP17",3,"PIMO",0,0,0,0,0,0
"15939",2017,"PP17",3,"PISI",0,0,0,0,0,0
"15940",2017,"PP17",3,"PSME",13,5,0,0,0,0
"15941",2017,"PP17",3,"TABR",0,0,0,0,0,0
"15942",2017,"PP17",3,"THPL",1,0,0,0,0,0
"15943",2017,"PP17",3,"TSHE",7,0,0,0,0,0
"15944",2017,"PP17",3,"TSME",0,0,0,0,0,0
"15945",2017,"PP17",4,"ABAM",0,0,0,0,0,0
"15946",2017,"PP17",4,"ABGR",0,0,0,0,0,0
"15947",2017,"PP17",4,"ABLA",0,0,0,0,0,0
"15948",2017,"PP17",4,"ABPR",0,0,0,0,0,0
"15949",2017,"PP17",4,"ACGL",0,0,0,0,0,0
"15950",2017,"PP17",4,"ALRU",21,0,0,0,0,0
"15951",2017,"PP17",4,"CANO",0,0,0,0,0,0
"15952",2017,"PP17",4,"PICO",0,0,0,0,0,0
"15953",2017,"PP17",4,"PIEN",0,0,0,0,0,0
"15954",2017,"PP17",4,"PIMO",0,0,0,0,0,0
"15955",2017,"PP17",4,"PISI",0,0,0,0,0,0
"15956",2017,"PP17",4,"PSME",8,6,0,0,0,0
"15957",2017,"PP17",4,"TABR",0,0,0,0,0,0
"15958",2017,"PP17",4,"THPL",0,0,0,0,0,0
"15959",2017,"PP17",4,"TSHE",10,3,0,0,0,0
"15960",2017,"PP17",4,"TSME",0,0,0,0,0,0
"15961",2017,"PP17",5,"ABAM",0,0,0,0,0,0
"15962",2017,"PP17",5,"ABGR",0,0,0,0,0,0
"15963",2017,"PP17",5,"ABLA",1,0,0,0,0,0
"15964",2017,"PP17",5,"ABPR",0,0,0,0,0,0
"15965",2017,"PP17",5,"ACGL",0,0,0,0,0,0
"15966",2017,"PP17",5,"ALRU",4,0,0,0,0,0
"15967",2017,"PP17",5,"CANO",0,0,0,0,0,0
"15968",2017,"PP17",5,"PICO",0,0,0,0,0,0
"15969",2017,"PP17",5,"PIEN",0,0,0,0,0,0
"15970",2017,"PP17",5,"PIMO",0,0,0,0,0,0
"15971",2017,"PP17",5,"PISI",0,0,0,0,0,0
"15972",2017,"PP17",5,"PSME",12,56,4,2,7,9
"15973",2017,"PP17",5,"TABR",0,0,0,0,0,0
"15974",2017,"PP17",5,"THPL",0,0,0,0,0,0
"15975",2017,"PP17",5,"TSHE",5,1,0,0,0,0
"15976",2017,"PP17",5,"TSME",0,0,0,0,0,0
"15977",2017,"PP17",6,"ABAM",0,0,0,0,0,0
"15978",2017,"PP17",6,"ABGR",0,0,0,0,0,0
"15979",2017,"PP17",6,"ABLA",0,0,0,0,0,0
"15980",2017,"PP17",6,"ABPR",0,0,0,0,0,0
"15981",2017,"PP17",6,"ACGL",0,0,0,0,0,0
"15982",2017,"PP17",6,"ALRU",4,0,0,0,0,0
"15983",2017,"PP17",6,"CANO",0,0,0,0,0,0
"15984",2017,"PP17",6,"PICO",3,0,0,0,0,0
"15985",2017,"PP17",6,"PIEN",0,0,0,0,0,0
"15986",2017,"PP17",6,"PIMO",0,0,0,0,0,0
"15987",2017,"PP17",6,"PISI",0,0,0,0,0,0
"15988",2017,"PP17",6,"PSME",8,129,2,0,3,3
"15989",2017,"PP17",6,"TABR",0,0,0,0,0,0
"15990",2017,"PP17",6,"THPL",1,0,0,0,0,0
"15991",2017,"PP17",6,"TSHE",0,2,0,0,0,0
"15992",2017,"PP17",6,"TSME",0,0,0,0,0,0
"15993",2017,"SPRY",1,"ABAM",0,0,0,0,0,0
"15994",2017,"SPRY",1,"ABGR",0,0,0,0,0,0
"15995",2017,"SPRY",1,"ABLA",0,0,0,0,0,0
"15996",2017,"SPRY",1,"ABPR",0,0,0,0,0,0
"15997",2017,"SPRY",1,"ACGL",0,0,0,0,0,0
"15998",2017,"SPRY",1,"ALRU",0,0,0,0,0,0
"15999",2017,"SPRY",1,"CANO",0,0,0,0,0,0
"16000",2017,"SPRY",1,"PICO",0,0,0,0,0,0
"16001",2017,"SPRY",1,"PIEN",0,0,0,0,0,0
"16002",2017,"SPRY",1,"PIMO",0,0,0,0,0,0
"16003",2017,"SPRY",1,"PISI",0,0,0,0,0,0
"16004",2017,"SPRY",1,"PSME",0,0,0,0,0,0
"16005",2017,"SPRY",1,"TABR",0,0,0,0,0,0
"16006",2017,"SPRY",1,"THPL",0,0,0,0,0,0
"16007",2017,"SPRY",1,"TSHE",0,0,0,0,0,0
"16008",2017,"SPRY",1,"TSME",2,0,0,0,0,0
"16009",2017,"SPRY",2,"ABAM",0,0,0,0,0,0
"16010",2017,"SPRY",2,"ABGR",0,0,0,0,0,0
"16011",2017,"SPRY",2,"ABLA",0,0,0,0,0,0
"16012",2017,"SPRY",2,"ABPR",0,0,0,0,0,0
"16013",2017,"SPRY",2,"ACGL",0,0,0,0,0,0
"16014",2017,"SPRY",2,"ALRU",0,0,0,0,0,0
"16015",2017,"SPRY",2,"CANO",0,0,0,0,0,0
"16016",2017,"SPRY",2,"PICO",0,0,0,0,0,0
"16017",2017,"SPRY",2,"PIEN",0,0,0,0,0,0
"16018",2017,"SPRY",2,"PIMO",0,0,0,0,0,0
"16019",2017,"SPRY",2,"PISI",0,0,0,0,0,0
"16020",2017,"SPRY",2,"PSME",0,0,0,0,0,0
"16021",2017,"SPRY",2,"TABR",0,0,0,0,0,0
"16022",2017,"SPRY",2,"THPL",0,0,0,0,0,0
"16023",2017,"SPRY",2,"TSHE",0,0,0,0,0,0
"16024",2017,"SPRY",2,"TSME",0,0,0,0,0,0
"16025",2017,"SPRY",3,"ABAM",0,0,0,0,0,0
"16026",2017,"SPRY",3,"ABGR",0,0,0,0,0,0
"16027",2017,"SPRY",3,"ABLA",0,0,0,0,0,0
"16028",2017,"SPRY",3,"ABPR",0,0,0,0,0,0
"16029",2017,"SPRY",3,"ACGL",0,0,0,0,0,0
"16030",2017,"SPRY",3,"ALRU",0,0,0,0,0,0
"16031",2017,"SPRY",3,"CANO",2,0,4,0,0,0
"16032",2017,"SPRY",3,"PICO",0,0,0,0,0,0
"16033",2017,"SPRY",3,"PIEN",0,0,0,0,0,0
"16034",2017,"SPRY",3,"PIMO",0,0,0,0,0,0
"16035",2017,"SPRY",3,"PISI",0,0,0,0,0,0
"16036",2017,"SPRY",3,"PSME",0,0,0,0,0,0
"16037",2017,"SPRY",3,"TABR",0,0,0,0,0,0
"16038",2017,"SPRY",3,"THPL",0,0,0,0,0,0
"16039",2017,"SPRY",3,"TSHE",0,0,0,0,0,0
"16040",2017,"SPRY",3,"TSME",3,0,2,40,0,40
"16041",2017,"SPRY",4,"ABAM",0,0,0,0,0,0
"16042",2017,"SPRY",4,"ABGR",0,0,0,0,0,0
"16043",2017,"SPRY",4,"ABLA",0,0,0,0,0,0
"16044",2017,"SPRY",4,"ABPR",0,0,0,0,0,0
"16045",2017,"SPRY",4,"ACGL",0,0,0,0,0,0
"16046",2017,"SPRY",4,"ALRU",0,0,0,0,0,0
"16047",2017,"SPRY",4,"CANO",4,0,0,0,0,0
"16048",2017,"SPRY",4,"PICO",0,0,0,0,0,0
"16049",2017,"SPRY",4,"PIEN",0,0,0,0,0,0
"16050",2017,"SPRY",4,"PIMO",0,0,0,0,0,0
"16051",2017,"SPRY",4,"PISI",0,0,0,0,0,0
"16052",2017,"SPRY",4,"PSME",0,0,0,0,0,0
"16053",2017,"SPRY",4,"TABR",0,0,0,0,0,0
"16054",2017,"SPRY",4,"THPL",0,0,0,0,0,0
"16055",2017,"SPRY",4,"TSHE",0,0,0,0,0,0
"16056",2017,"SPRY",4,"TSME",2,1,0,0,0,0
"16057",2017,"SPRY",5,"ABAM",1,0,0,0,0,0
"16058",2017,"SPRY",5,"ABGR",0,0,0,0,0,0
"16059",2017,"SPRY",5,"ABLA",0,0,0,0,0,0
"16060",2017,"SPRY",5,"ABPR",0,0,0,0,0,0
"16061",2017,"SPRY",5,"ACGL",0,0,0,0,0,0
"16062",2017,"SPRY",5,"ALRU",0,0,0,0,0,0
"16063",2017,"SPRY",5,"CANO",1,0,1,1,0,1
"16064",2017,"SPRY",5,"PICO",0,0,0,0,0,0
"16065",2017,"SPRY",5,"PIEN",0,0,0,0,0,0
"16066",2017,"SPRY",5,"PIMO",0,0,0,0,0,0
"16067",2017,"SPRY",5,"PISI",0,0,0,0,0,0
"16068",2017,"SPRY",5,"PSME",0,0,0,0,0,0
"16069",2017,"SPRY",5,"TABR",0,0,0,0,0,0
"16070",2017,"SPRY",5,"THPL",0,0,0,0,0,0
"16071",2017,"SPRY",5,"TSHE",0,0,0,0,0,0
"16072",2017,"SPRY",5,"TSME",5,0,0,0,0,0
"16073",2017,"SPRY",6,"ABAM",2,2,0,0,0,0
"16074",2017,"SPRY",6,"ABGR",0,0,0,0,0,0
"16075",2017,"SPRY",6,"ABLA",0,0,0,0,0,0
"16076",2017,"SPRY",6,"ABPR",0,0,0,0,0,0
"16077",2017,"SPRY",6,"ACGL",0,0,0,0,0,0
"16078",2017,"SPRY",6,"ALRU",0,0,0,0,0,0
"16079",2017,"SPRY",6,"CANO",0,0,1,0,0,0
"16080",2017,"SPRY",6,"PICO",0,0,0,0,0,0
"16081",2017,"SPRY",6,"PIEN",0,0,0,0,0,0
"16082",2017,"SPRY",6,"PIMO",0,0,0,0,0,0
"16083",2017,"SPRY",6,"PISI",0,0,0,0,0,0
"16084",2017,"SPRY",6,"PSME",0,0,0,0,0,0
"16085",2017,"SPRY",6,"TABR",0,0,0,0,0,0
"16086",2017,"SPRY",6,"THPL",0,0,0,0,0,0
"16087",2017,"SPRY",6,"TSHE",0,0,0,0,0,0
"16088",2017,"SPRY",6,"TSME",1,0,0,0,0,0
"16089",2017,"SUNR",1,"ABAM",0,0,0,0,0,0
"16090",2017,"SUNR",1,"ABGR",0,0,0,0,0,0
"16091",2017,"SUNR",1,"ABLA",0,0,0,0,0,0
"16092",2017,"SUNR",1,"ABPR",0,0,0,0,0,0
"16093",2017,"SUNR",1,"ACGL",0,0,0,0,0,0
"16094",2017,"SUNR",1,"ALRU",0,0,0,0,0,0
"16095",2017,"SUNR",1,"CANO",4,1,0,0,0,0
"16096",2017,"SUNR",1,"PICO",0,0,0,0,0,0
"16097",2017,"SUNR",1,"PIEN",0,0,0,0,0,0
"16098",2017,"SUNR",1,"PIMO",0,0,0,0,0,0
"16099",2017,"SUNR",1,"PISI",0,0,0,0,0,0
"16100",2017,"SUNR",1,"PSME",0,0,0,0,0,0
"16101",2017,"SUNR",1,"TABR",0,0,0,0,0,0
"16102",2017,"SUNR",1,"THPL",0,0,0,0,0,0
"16103",2017,"SUNR",1,"TSHE",0,0,0,0,0,0
"16104",2017,"SUNR",1,"TSME",2,0,0,0,0,0
"16105",2017,"SUNR",2,"ABAM",1,0,0,0,0,0
"16106",2017,"SUNR",2,"ABGR",0,0,0,0,0,0
"16107",2017,"SUNR",2,"ABLA",0,0,0,0,0,0
"16108",2017,"SUNR",2,"ABPR",0,0,0,0,0,0
"16109",2017,"SUNR",2,"ACGL",0,0,0,0,0,0
"16110",2017,"SUNR",2,"ALRU",0,0,0,0,0,0
"16111",2017,"SUNR",2,"CANO",4,0,0,0,0,0
"16112",2017,"SUNR",2,"PICO",0,0,0,0,0,0
"16113",2017,"SUNR",2,"PIEN",0,0,0,0,0,0
"16114",2017,"SUNR",2,"PIMO",0,0,0,0,0,0
"16115",2017,"SUNR",2,"PISI",0,0,0,0,0,0
"16116",2017,"SUNR",2,"PSME",0,0,0,0,0,0
"16117",2017,"SUNR",2,"TABR",0,0,0,0,0,0
"16118",2017,"SUNR",2,"THPL",0,0,0,0,0,0
"16119",2017,"SUNR",2,"TSHE",0,0,0,0,0,0
"16120",2017,"SUNR",2,"TSME",1,0,0,0,0,0
"16121",2017,"SUNR",3,"ABAM",0,1,0,0,0,0
"16122",2017,"SUNR",3,"ABGR",0,0,0,0,0,0
"16123",2017,"SUNR",3,"ABLA",0,1,0,0,0,0
"16124",2017,"SUNR",3,"ABPR",0,0,0,0,0,0
"16125",2017,"SUNR",3,"ACGL",0,0,0,0,0,0
"16126",2017,"SUNR",3,"ALRU",0,0,0,0,0,0
"16127",2017,"SUNR",3,"CANO",3,0,0,0,0,0
"16128",2017,"SUNR",3,"PICO",0,0,0,0,0,0
"16129",2017,"SUNR",3,"PIEN",0,0,0,0,0,0
"16130",2017,"SUNR",3,"PIMO",0,0,0,0,0,0
"16131",2017,"SUNR",3,"PISI",0,0,0,0,0,0
"16132",2017,"SUNR",3,"PSME",0,0,0,0,0,0
"16133",2017,"SUNR",3,"TABR",0,0,0,0,0,0
"16134",2017,"SUNR",3,"THPL",0,0,0,0,0,0
"16135",2017,"SUNR",3,"TSHE",0,0,0,0,0,0
"16136",2017,"SUNR",3,"TSME",3,2,2,4,4,8
"16137",2017,"SUNR",4,"ABAM",0,0,0,0,0,0
"16138",2017,"SUNR",4,"ABGR",0,0,0,0,0,0
"16139",2017,"SUNR",4,"ABLA",0,0,0,0,0,0
"16140",2017,"SUNR",4,"ABPR",0,0,0,0,0,0
"16141",2017,"SUNR",4,"ACGL",0,0,0,0,0,0
"16142",2017,"SUNR",4,"ALRU",0,0,0,0,0,0
"16143",2017,"SUNR",4,"CANO",2,2,2,3,0,3
"16144",2017,"SUNR",4,"PICO",0,0,0,0,0,0
"16145",2017,"SUNR",4,"PIEN",0,0,0,0,0,0
"16146",2017,"SUNR",4,"PIMO",0,0,0,0,0,0
"16147",2017,"SUNR",4,"PISI",0,0,0,0,0,0
"16148",2017,"SUNR",4,"PSME",0,0,0,0,0,0
"16149",2017,"SUNR",4,"TABR",0,0,0,0,0,0
"16150",2017,"SUNR",4,"THPL",0,0,0,0,0,0
"16151",2017,"SUNR",4,"TSHE",0,0,0,0,0,0
"16152",2017,"SUNR",4,"TSME",1,0,0,0,0,0
"16153",2017,"SUNR",5,"ABAM",3,3,0,0,0,0
"16154",2017,"SUNR",5,"ABGR",0,0,0,0,0,0
"16155",2017,"SUNR",5,"ABLA",0,0,0,0,0,0
"16156",2017,"SUNR",5,"ABPR",0,0,0,0,0,0
"16157",2017,"SUNR",5,"ACGL",0,0,0,0,0,0
"16158",2017,"SUNR",5,"ALRU",0,0,0,0,0,0
"16159",2017,"SUNR",5,"CANO",2,0,0,0,0,0
"16160",2017,"SUNR",5,"PICO",0,0,0,0,0,0
"16161",2017,"SUNR",5,"PIEN",0,0,0,0,0,0
"16162",2017,"SUNR",5,"PIMO",0,0,0,0,0,0
"16163",2017,"SUNR",5,"PISI",0,0,0,0,0,0
"16164",2017,"SUNR",5,"PSME",0,0,0,0,0,0
"16165",2017,"SUNR",5,"TABR",0,0,0,0,0,0
"16166",2017,"SUNR",5,"THPL",0,0,0,0,0,0
"16167",2017,"SUNR",5,"TSHE",0,0,0,0,0,0
"16168",2017,"SUNR",5,"TSME",0,1,0,0,0,0
"16169",2017,"SUNR",6,"ABAM",3,0,0,0,0,0
"16170",2017,"SUNR",6,"ABGR",0,0,0,0,0,0
"16171",2017,"SUNR",6,"ABLA",1,0,0,0,0,0
"16172",2017,"SUNR",6,"ABPR",0,0,0,0,0,0
"16173",2017,"SUNR",6,"ACGL",0,0,0,0,0,0
"16174",2017,"SUNR",6,"ALRU",0,0,0,0,0,0
"16175",2017,"SUNR",6,"CANO",1,0,0,0,0,0
"16176",2017,"SUNR",6,"PICO",0,0,0,0,0,0
"16177",2017,"SUNR",6,"PIEN",0,0,0,0,0,0
"16178",2017,"SUNR",6,"PIMO",0,0,0,0,0,0
"16179",2017,"SUNR",6,"PISI",0,0,0,0,0,0
"16180",2017,"SUNR",6,"PSME",0,0,0,0,0,0
"16181",2017,"SUNR",6,"TABR",0,0,0,0,0,0
"16182",2017,"SUNR",6,"THPL",0,0,0,0,0,0
"16183",2017,"SUNR",6,"TSHE",0,0,0,0,0,0
"16184",2017,"SUNR",6,"TSME",2,0,0,0,0,0
"16185",2017,"TA01",1,"ABAM",0,0,0,0,0,0
"16186",2017,"TA01",1,"ABGR",0,0,0,0,0,0
"16187",2017,"TA01",1,"ABLA",0,0,0,0,0,0
"16188",2017,"TA01",1,"ABPR",0,1,0,0,0,0
"16189",2017,"TA01",1,"ACGL",1,0,0,0,0,0
"16190",2017,"TA01",1,"ALRU",0,0,0,0,0,0
"16191",2017,"TA01",1,"CANO",0,0,0,0,0,0
"16192",2017,"TA01",1,"PICO",0,0,0,0,0,0
"16193",2017,"TA01",1,"PIEN",0,0,0,0,0,0
"16194",2017,"TA01",1,"PIMO",0,0,0,0,0,0
"16195",2017,"TA01",1,"PISI",0,0,0,0,0,0
"16196",2017,"TA01",1,"PSME",26,29,0,0,0,0
"16197",2017,"TA01",1,"TABR",0,0,0,0,0,0
"16198",2017,"TA01",1,"THPL",2,2,0,0,0,0
"16199",2017,"TA01",1,"TSHE",50,35,0,0,0,0
"16200",2017,"TA01",1,"TSME",2,1,0,0,0,0
"16201",2017,"TA01",2,"ABAM",1,0,0,0,0,0
"16202",2017,"TA01",2,"ABGR",0,0,0,0,0,0
"16203",2017,"TA01",2,"ABLA",0,0,0,0,0,0
"16204",2017,"TA01",2,"ABPR",0,0,0,0,0,0
"16205",2017,"TA01",2,"ACGL",0,0,0,0,0,0
"16206",2017,"TA01",2,"ALRU",0,0,0,0,0,0
"16207",2017,"TA01",2,"CANO",0,0,0,0,0,0
"16208",2017,"TA01",2,"PICO",0,0,0,0,0,0
"16209",2017,"TA01",2,"PIEN",0,0,0,0,0,0
"16210",2017,"TA01",2,"PIMO",0,0,0,0,0,0
"16211",2017,"TA01",2,"PISI",0,0,0,0,0,0
"16212",2017,"TA01",2,"PSME",21,20,0,0,0,0
"16213",2017,"TA01",2,"TABR",0,0,0,0,0,0
"16214",2017,"TA01",2,"THPL",0,0,0,0,0,0
"16215",2017,"TA01",2,"TSHE",22,3,0,0,0,0
"16216",2017,"TA01",2,"TSME",2,2,0,0,0,0
"16217",2017,"TA01",3,"ABAM",0,0,0,0,0,0
"16218",2017,"TA01",3,"ABGR",0,0,0,0,0,0
"16219",2017,"TA01",3,"ABLA",0,0,0,0,0,0
"16220",2017,"TA01",3,"ABPR",0,0,0,0,0,0
"16221",2017,"TA01",3,"ACGL",0,0,0,0,0,0
"16222",2017,"TA01",3,"ALRU",0,0,0,0,0,0
"16223",2017,"TA01",3,"CANO",0,0,0,0,0,0
"16224",2017,"TA01",3,"PICO",0,0,0,0,0,0
"16225",2017,"TA01",3,"PIEN",0,0,0,0,0,0
"16226",2017,"TA01",3,"PIMO",0,0,0,0,0,0
"16227",2017,"TA01",3,"PISI",0,0,0,0,0,0
"16228",2017,"TA01",3,"PSME",25,38,0,0,0,0
"16229",2017,"TA01",3,"TABR",0,0,0,0,0,0
"16230",2017,"TA01",3,"THPL",3,1,0,0,0,0
"16231",2017,"TA01",3,"TSHE",20,38,0,0,0,0
"16232",2017,"TA01",3,"TSME",3,2,0,0,0,0
"16233",2017,"TA01",4,"ABAM",0,0,0,0,0,0
"16234",2017,"TA01",4,"ABGR",0,0,0,0,0,0
"16235",2017,"TA01",4,"ABLA",0,0,0,0,0,0
"16236",2017,"TA01",4,"ABPR",0,0,0,0,0,0
"16237",2017,"TA01",4,"ACGL",0,0,0,0,0,0
"16238",2017,"TA01",4,"ALRU",0,0,0,0,0,0
"16239",2017,"TA01",4,"CANO",0,0,0,0,0,0
"16240",2017,"TA01",4,"PICO",0,0,0,0,0,0
"16241",2017,"TA01",4,"PIEN",0,0,0,0,0,0
"16242",2017,"TA01",4,"PIMO",0,0,0,0,0,0
"16243",2017,"TA01",4,"PISI",0,0,0,0,0,0
"16244",2017,"TA01",4,"PSME",18,16,1,1,4,5
"16245",2017,"TA01",4,"TABR",0,0,0,0,0,0
"16246",2017,"TA01",4,"THPL",1,0,0,0,0,0
"16247",2017,"TA01",4,"TSHE",21,25,0,0,0,0
"16248",2017,"TA01",4,"TSME",0,0,0,0,0,0
"16249",2017,"TA01",5,"ABAM",0,0,0,0,0,0
"16250",2017,"TA01",5,"ABGR",0,0,0,0,0,0
"16251",2017,"TA01",5,"ABLA",0,0,0,0,0,0
"16252",2017,"TA01",5,"ABPR",0,0,0,0,0,0
"16253",2017,"TA01",5,"ACGL",0,0,0,0,0,0
"16254",2017,"TA01",5,"ALRU",0,0,0,0,0,0
"16255",2017,"TA01",5,"CANO",0,0,0,0,0,0
"16256",2017,"TA01",5,"PICO",0,0,0,0,0,0
"16257",2017,"TA01",5,"PIEN",0,0,0,0,0,0
"16258",2017,"TA01",5,"PIMO",0,0,0,0,0,0
"16259",2017,"TA01",5,"PISI",0,0,0,0,0,0
"16260",2017,"TA01",5,"PSME",26,21,0,0,0,0
"16261",2017,"TA01",5,"TABR",0,0,0,0,0,0
"16262",2017,"TA01",5,"THPL",3,0,0,0,0,0
"16263",2017,"TA01",5,"TSHE",28,64,0,0,0,0
"16264",2017,"TA01",5,"TSME",0,0,0,0,0,0
"16265",2017,"TB13",1,"ABAM",0,0,0,0,0,0
"16266",2017,"TB13",1,"ABGR",0,0,0,0,0,0
"16267",2017,"TB13",1,"ABLA",0,0,0,0,0,0
"16268",2017,"TB13",1,"ABPR",0,0,0,0,0,0
"16269",2017,"TB13",1,"ACGL",0,0,0,0,0,0
"16270",2017,"TB13",1,"ALRU",0,0,0,0,0,0
"16271",2017,"TB13",1,"CANO",0,0,0,0,0,0
"16272",2017,"TB13",1,"PICO",0,0,0,0,0,0
"16273",2017,"TB13",1,"PIEN",0,0,0,0,0,0
"16274",2017,"TB13",1,"PIMO",0,0,0,0,0,0
"16275",2017,"TB13",1,"PISI",0,0,0,0,0,0
"16276",2017,"TB13",1,"PSME",19,29,0,0,1,1
"16277",2017,"TB13",1,"TABR",0,0,0,0,0,0
"16278",2017,"TB13",1,"THPL",26,22,2,0,2,2
"16279",2017,"TB13",1,"TSHE",204,54,5,14,12,26
"16280",2017,"TB13",1,"TSME",0,0,0,0,0,0
"16281",2017,"TB13",2,"ABAM",0,0,0,0,0,0
"16282",2017,"TB13",2,"ABGR",0,0,0,0,0,0
"16283",2017,"TB13",2,"ABLA",0,0,0,0,0,0
"16284",2017,"TB13",2,"ABPR",0,0,0,0,0,0
"16285",2017,"TB13",2,"ACGL",0,0,0,0,0,0
"16286",2017,"TB13",2,"ALRU",0,0,0,0,0,0
"16287",2017,"TB13",2,"CANO",0,0,0,0,0,0
"16288",2017,"TB13",2,"PICO",0,0,0,0,0,0
"16289",2017,"TB13",2,"PIEN",0,0,0,0,0,0
"16290",2017,"TB13",2,"PIMO",0,0,0,0,0,0
"16291",2017,"TB13",2,"PISI",0,0,0,0,0,0
"16292",2017,"TB13",2,"PSME",26,12,0,0,0,0
"16293",2017,"TB13",2,"TABR",0,0,0,0,0,0
"16294",2017,"TB13",2,"THPL",31,13,2,0,0,0
"16295",2017,"TB13",2,"TSHE",90,27,2,2,2,4
"16296",2017,"TB13",2,"TSME",0,0,0,0,0,0
"16297",2017,"TB13",3,"ABAM",0,0,0,0,0,0
"16298",2017,"TB13",3,"ABGR",0,0,0,0,0,0
"16299",2017,"TB13",3,"ABLA",0,0,0,0,0,0
"16300",2017,"TB13",3,"ABPR",0,0,0,0,0,0
"16301",2017,"TB13",3,"ACGL",0,0,0,0,0,0
"16302",2017,"TB13",3,"ALRU",0,0,0,0,0,0
"16303",2017,"TB13",3,"CANO",0,0,0,0,0,0
"16304",2017,"TB13",3,"PICO",0,0,0,0,0,0
"16305",2017,"TB13",3,"PIEN",0,0,0,0,0,0
"16306",2017,"TB13",3,"PIMO",0,0,0,0,0,0
"16307",2017,"TB13",3,"PISI",0,0,0,0,0,0
"16308",2017,"TB13",3,"PSME",15,29,0,0,1,1
"16309",2017,"TB13",3,"TABR",0,0,0,0,0,0
"16310",2017,"TB13",3,"THPL",42,35,2,0,0,0
"16311",2017,"TB13",3,"TSHE",83,164,3,0,2,2
"16312",2017,"TB13",3,"TSME",0,0,0,0,0,0
"16313",2017,"TB13",4,"ABAM",0,1,0,0,0,0
"16314",2017,"TB13",4,"ABGR",0,0,0,0,0,0
"16315",2017,"TB13",4,"ABLA",0,0,0,0,0,0
"16316",2017,"TB13",4,"ABPR",0,0,0,0,0,0
"16317",2017,"TB13",4,"ACGL",0,0,0,0,0,0
"16318",2017,"TB13",4,"ALRU",0,0,0,0,0,0
"16319",2017,"TB13",4,"CANO",0,0,0,0,0,0
"16320",2017,"TB13",4,"PICO",0,0,0,0,0,0
"16321",2017,"TB13",4,"PIEN",0,0,0,0,0,0
"16322",2017,"TB13",4,"PIMO",0,0,0,0,0,0
"16323",2017,"TB13",4,"PISI",0,0,0,0,0,0
"16324",2017,"TB13",4,"PSME",33,24,1,19,13,32
"16325",2017,"TB13",4,"TABR",0,0,0,0,0,0
"16326",2017,"TB13",4,"THPL",46,44,2,4,4,8
"16327",2017,"TB13",4,"TSHE",178,49,6,15,2,17
"16328",2017,"TB13",4,"TSME",0,0,0,0,0,0
"16329",2017,"TB13",5,"ABAM",0,0,0,0,0,0
"16330",2017,"TB13",5,"ABGR",0,0,0,0,0,0
"16331",2017,"TB13",5,"ABLA",0,0,0,0,0,0
"16332",2017,"TB13",5,"ABPR",0,0,0,0,0,0
"16333",2017,"TB13",5,"ACGL",0,0,0,0,0,0
"16334",2017,"TB13",5,"ALRU",0,0,0,0,0,0
"16335",2017,"TB13",5,"CANO",0,0,0,0,0,0
"16336",2017,"TB13",5,"PICO",0,0,0,0,0,0
"16337",2017,"TB13",5,"PIEN",0,0,0,0,0,0
"16338",2017,"TB13",5,"PIMO",0,0,0,0,0,0
"16339",2017,"TB13",5,"PISI",0,0,0,0,0,0
"16340",2017,"TB13",5,"PSME",23,29,2,0,1,1
"16341",2017,"TB13",5,"TABR",0,0,0,0,0,0
"16342",2017,"TB13",5,"THPL",47,58,2,7,13,20
"16343",2017,"TB13",5,"TSHE",226,141,5,31,8,39
"16344",2017,"TB13",5,"TSME",0,0,0,0,0,0
"16345",2017,"TB13",6,"ABAM",0,0,0,0,0,0
"16346",2017,"TB13",6,"ABGR",0,0,0,0,0,0
"16347",2017,"TB13",6,"ABLA",0,0,0,0,0,0
"16348",2017,"TB13",6,"ABPR",0,0,0,0,0,0
"16349",2017,"TB13",6,"ACGL",0,0,0,0,0,0
"16350",2017,"TB13",6,"ALRU",0,0,0,0,0,0
"16351",2017,"TB13",6,"CANO",0,0,0,0,0,0
"16352",2017,"TB13",6,"PICO",0,0,0,0,0,0
"16353",2017,"TB13",6,"PIEN",0,0,0,0,0,0
"16354",2017,"TB13",6,"PIMO",0,0,0,0,0,0
"16355",2017,"TB13",6,"PISI",0,0,0,0,0,0
"16356",2017,"TB13",6,"PSME",7,18,0,0,0,0
"16357",2017,"TB13",6,"TABR",0,0,0,0,0,0
"16358",2017,"TB13",6,"THPL",121,58,22,161,35,196
"16359",2017,"TB13",6,"TSHE",220,59,15,4,27,31
"16360",2017,"TB13",6,"TSME",0,0,0,0,0,0
"16361",2017,"TO04",1,"ABAM",0,0,0,0,0,0
"16362",2017,"TO04",1,"ABGR",0,0,0,0,0,0
"16363",2017,"TO04",1,"ABLA",0,0,0,0,0,0
"16364",2017,"TO04",1,"ABPR",0,0,0,0,0,0
"16365",2017,"TO04",1,"ACGL",0,0,0,0,0,0
"16366",2017,"TO04",1,"ALRU",0,0,0,0,0,0
"16367",2017,"TO04",1,"CANO",0,0,0,0,0,0
"16368",2017,"TO04",1,"PICO",0,0,0,0,0,0
"16369",2017,"TO04",1,"PIEN",0,0,0,0,0,0
"16370",2017,"TO04",1,"PIMO",0,0,0,0,0,0
"16371",2017,"TO04",1,"PISI",0,0,0,0,0,0
"16372",2017,"TO04",1,"PSME",5,2,0,0,0,0
"16373",2017,"TO04",1,"TABR",0,0,0,0,0,0
"16374",2017,"TO04",1,"THPL",232,138,1,3,2,5
"16375",2017,"TO04",1,"TSHE",29,156,30,23,93,116
"16376",2017,"TO04",1,"TSME",0,0,0,0,0,0
"16377",2017,"TO04",2,"ABAM",2,1,0,0,0,0
"16378",2017,"TO04",2,"ABGR",0,0,0,0,0,0
"16379",2017,"TO04",2,"ABLA",0,0,0,0,0,0
"16380",2017,"TO04",2,"ABPR",0,0,0,0,0,0
"16381",2017,"TO04",2,"ACGL",0,0,0,0,0,0
"16382",2017,"TO04",2,"ALRU",0,0,0,0,0,0
"16383",2017,"TO04",2,"CANO",0,0,0,0,0,0
"16384",2017,"TO04",2,"PICO",0,0,0,0,0,0
"16385",2017,"TO04",2,"PIEN",0,0,0,0,0,0
"16386",2017,"TO04",2,"PIMO",0,0,0,0,0,0
"16387",2017,"TO04",2,"PISI",0,0,0,0,0,0
"16388",2017,"TO04",2,"PSME",5,2,0,0,0,0
"16389",2017,"TO04",2,"TABR",0,0,0,0,0,0
"16390",2017,"TO04",2,"THPL",141,156,1,3,3,6
"16391",2017,"TO04",2,"TSHE",147,151,29,39,212,251
"16392",2017,"TO04",2,"TSME",0,0,0,0,0,0
"16393",2017,"TO04",3,"ABAM",1,0,0,0,0,0
"16394",2017,"TO04",3,"ABGR",0,0,0,0,0,0
"16395",2017,"TO04",3,"ABLA",0,0,0,0,0,0
"16396",2017,"TO04",3,"ABPR",0,0,0,0,0,0
"16397",2017,"TO04",3,"ACGL",0,0,0,0,0,0
"16398",2017,"TO04",3,"ALRU",0,0,0,0,0,0
"16399",2017,"TO04",3,"CANO",0,0,0,0,0,0
"16400",2017,"TO04",3,"PICO",0,0,0,0,0,0
"16401",2017,"TO04",3,"PIEN",0,0,0,0,0,0
"16402",2017,"TO04",3,"PIMO",0,0,0,0,0,0
"16403",2017,"TO04",3,"PISI",0,0,0,0,0,0
"16404",2017,"TO04",3,"PSME",1,0,0,0,0,0
"16405",2017,"TO04",3,"TABR",0,0,0,0,0,0
"16406",2017,"TO04",3,"THPL",341,394,2,1,1,2
"16407",2017,"TO04",3,"TSHE",188,123,18,129,7,136
"16408",2017,"TO04",3,"TSME",0,0,0,0,0,0
"16409",2017,"TO04",4,"ABAM",0,0,0,0,0,0
"16410",2017,"TO04",4,"ABGR",0,0,0,0,0,0
"16411",2017,"TO04",4,"ABLA",0,0,0,0,0,0
"16412",2017,"TO04",4,"ABPR",0,0,0,0,0,0
"16413",2017,"TO04",4,"ACGL",0,0,0,0,0,0
"16414",2017,"TO04",4,"ALRU",0,0,0,0,0,0
"16415",2017,"TO04",4,"CANO",0,0,0,0,0,0
"16416",2017,"TO04",4,"PICO",0,0,0,0,0,0
"16417",2017,"TO04",4,"PIEN",0,0,0,0,0,0
"16418",2017,"TO04",4,"PIMO",0,0,0,0,0,0
"16419",2017,"TO04",4,"PISI",0,0,0,0,0,0
"16420",2017,"TO04",4,"PSME",7,1,0,0,0,0
"16421",2017,"TO04",4,"TABR",0,0,0,0,0,0
"16422",2017,"TO04",4,"THPL",227,390,2,2,3,5
"16423",2017,"TO04",4,"TSHE",113,120,5,19,9,28
"16424",2017,"TO04",4,"TSME",0,0,0,0,0,0
"16425",2017,"TO04",5,"ABAM",0,0,0,0,0,0
"16426",2017,"TO04",5,"ABGR",0,0,0,0,0,0
"16427",2017,"TO04",5,"ABLA",0,0,0,0,0,0
"16428",2017,"TO04",5,"ABPR",0,0,0,0,0,0
"16429",2017,"TO04",5,"ACGL",0,0,0,0,0,0
"16430",2017,"TO04",5,"ALRU",0,0,0,0,0,0
"16431",2017,"TO04",5,"CANO",0,0,0,0,0,0
"16432",2017,"TO04",5,"PICO",0,0,0,0,0,0
"16433",2017,"TO04",5,"PIEN",0,0,0,0,0,0
"16434",2017,"TO04",5,"PIMO",0,0,0,0,0,0
"16435",2017,"TO04",5,"PISI",0,0,0,0,0,0
"16436",2017,"TO04",5,"PSME",5,5,0,0,0,0
"16437",2017,"TO04",5,"TABR",0,0,0,0,0,0
"16438",2017,"TO04",5,"THPL",547,171,4,5,2,7
"16439",2017,"TO04",5,"TSHE",35,151,8,0,19,19
"16440",2017,"TO04",5,"TSME",0,0,0,0,0,0
"16441",2017,"TO04",6,"ABAM",0,0,0,0,0,0
"16442",2017,"TO04",6,"ABGR",0,0,0,0,0,0
"16443",2017,"TO04",6,"ABLA",0,0,0,0,0,0
"16444",2017,"TO04",6,"ABPR",0,0,0,0,0,0
"16445",2017,"TO04",6,"ACGL",0,0,0,0,0,0
"16446",2017,"TO04",6,"ALRU",0,0,0,0,0,0
"16447",2017,"TO04",6,"CANO",0,0,0,0,0,0
"16448",2017,"TO04",6,"PICO",0,0,0,0,0,0
"16449",2017,"TO04",6,"PIEN",0,0,0,0,0,0
"16450",2017,"TO04",6,"PIMO",0,0,0,0,0,0
"16451",2017,"TO04",6,"PISI",0,0,0,0,0,0
"16452",2017,"TO04",6,"PSME",4,1,0,0,0,0
"16453",2017,"TO04",6,"TABR",0,0,0,0,0,0
"16454",2017,"TO04",6,"THPL",4,1,0,0,0,0
"16455",2017,"TO04",6,"TSHE",36,36,1,0,0,0
"16456",2017,"TO04",6,"TSME",0,0,0,0,0,0
"16457",2017,"TO11",1,"ABAM",2,0,0,0,0,0
"16458",2017,"TO11",1,"ABGR",0,0,0,0,0,0
"16459",2017,"TO11",1,"ABLA",0,0,0,0,0,0
"16460",2017,"TO11",1,"ABPR",0,0,0,0,0,0
"16461",2017,"TO11",1,"ACGL",0,0,0,0,0,0
"16462",2017,"TO11",1,"ALRU",0,0,0,0,0,0
"16463",2017,"TO11",1,"CANO",0,0,0,0,0,0
"16464",2017,"TO11",1,"PICO",0,0,0,0,0,0
"16465",2017,"TO11",1,"PIEN",0,0,0,0,0,0
"16466",2017,"TO11",1,"PIMO",0,0,0,0,0,0
"16467",2017,"TO11",1,"PISI",0,0,0,0,0,0
"16468",2017,"TO11",1,"PSME",11,14,1,0,8,8
"16469",2017,"TO11",1,"TABR",0,0,0,0,0,0
"16470",2017,"TO11",1,"THPL",57,211,0,1,1,2
"16471",2017,"TO11",1,"TSHE",147,402,23,5,18,23
"16472",2017,"TO11",1,"TSME",0,0,0,0,0,0
"16473",2017,"TO11",2,"ABAM",0,0,0,0,0,0
"16474",2017,"TO11",2,"ABGR",0,0,0,0,0,0
"16475",2017,"TO11",2,"ABLA",0,0,0,0,0,0
"16476",2017,"TO11",2,"ABPR",0,0,0,0,0,0
"16477",2017,"TO11",2,"ACGL",0,0,0,0,0,0
"16478",2017,"TO11",2,"ALRU",0,0,0,0,0,0
"16479",2017,"TO11",2,"CANO",0,0,0,0,0,0
"16480",2017,"TO11",2,"PICO",0,0,0,0,0,0
"16481",2017,"TO11",2,"PIEN",0,0,0,0,0,0
"16482",2017,"TO11",2,"PIMO",0,0,0,0,0,0
"16483",2017,"TO11",2,"PISI",0,0,0,0,0,0
"16484",2017,"TO11",2,"PSME",5,15,0,0,0,0
"16485",2017,"TO11",2,"TABR",0,0,0,0,0,0
"16486",2017,"TO11",2,"THPL",69,105,0,0,0,0
"16487",2017,"TO11",2,"TSHE",78,294,34,7,38,45
"16488",2017,"TO11",2,"TSME",0,0,0,0,0,0
"16489",2017,"TO11",3,"ABAM",0,0,0,0,0,0
"16490",2017,"TO11",3,"ABGR",0,0,0,0,0,0
"16491",2017,"TO11",3,"ABLA",0,0,0,0,0,0
"16492",2017,"TO11",3,"ABPR",0,0,0,0,0,0
"16493",2017,"TO11",3,"ACGL",0,0,0,0,0,0
"16494",2017,"TO11",3,"ALRU",0,0,0,0,0,0
"16495",2017,"TO11",3,"CANO",0,0,0,0,0,0
"16496",2017,"TO11",3,"PICO",0,0,0,0,0,0
"16497",2017,"TO11",3,"PIEN",0,0,0,0,0,0
"16498",2017,"TO11",3,"PIMO",0,0,0,0,0,0
"16499",2017,"TO11",3,"PISI",0,0,0,0,0,0
"16500",2017,"TO11",3,"PSME",5,3,0,0,0,0
"16501",2017,"TO11",3,"TABR",0,0,0,0,0,0
"16502",2017,"TO11",3,"THPL",94,75,0,0,0,0
"16503",2017,"TO11",3,"TSHE",335,161,30,75,7,82
"16504",2017,"TO11",3,"TSME",0,0,0,0,0,0
"16505",2017,"TO11",4,"ABAM",0,0,0,0,0,0
"16506",2017,"TO11",4,"ABGR",0,0,0,0,0,0
"16507",2017,"TO11",4,"ABLA",0,0,0,0,0,0
"16508",2017,"TO11",4,"ABPR",0,0,0,0,0,0
"16509",2017,"TO11",4,"ACGL",0,0,0,0,0,0
"16510",2017,"TO11",4,"ALRU",0,0,0,0,0,0
"16511",2017,"TO11",4,"CANO",0,0,0,0,0,0
"16512",2017,"TO11",4,"PICO",0,0,0,0,0,0
"16513",2017,"TO11",4,"PIEN",0,0,0,0,0,0
"16514",2017,"TO11",4,"PIMO",0,0,0,0,0,0
"16515",2017,"TO11",4,"PISI",0,0,0,0,0,0
"16516",2017,"TO11",4,"PSME",11,0,1,0,0,0
"16517",2017,"TO11",4,"TABR",0,0,0,0,0,0
"16518",2017,"TO11",4,"THPL",89,61,0,0,0,0
"16519",2017,"TO11",4,"TSHE",462,80,53,128,21,149
"16520",2017,"TO11",4,"TSME",0,0,0,0,0,0
"16521",2017,"TO11",5,"ABAM",0,0,0,0,0,0
"16522",2017,"TO11",5,"ABGR",0,0,0,0,0,0
"16523",2017,"TO11",5,"ABLA",0,0,0,0,0,0
"16524",2017,"TO11",5,"ABPR",0,0,0,0,0,0
"16525",2017,"TO11",5,"ACGL",0,0,0,0,0,0
"16526",2017,"TO11",5,"ALRU",0,0,0,0,0,0
"16527",2017,"TO11",5,"CANO",0,0,0,0,0,0
"16528",2017,"TO11",5,"PICO",0,0,0,0,0,0
"16529",2017,"TO11",5,"PIEN",0,0,0,0,0,0
"16530",2017,"TO11",5,"PIMO",0,0,0,0,0,0
"16531",2017,"TO11",5,"PISI",0,0,0,0,0,0
"16532",2017,"TO11",5,"PSME",1,0,0,0,0,0
"16533",2017,"TO11",5,"TABR",0,0,0,0,0,0
"16534",2017,"TO11",5,"THPL",80,45,0,0,0,0
"16535",2017,"TO11",5,"TSHE",217,80,47,95,19,114
"16536",2017,"TO11",5,"TSME",0,0,0,0,0,0
"16537",2017,"TO11",6,"ABAM",0,0,0,0,0,0
"16538",2017,"TO11",6,"ABGR",0,0,0,0,0,0
"16539",2017,"TO11",6,"ABLA",0,0,0,0,0,0
"16540",2017,"TO11",6,"ABPR",0,0,0,0,0,0
"16541",2017,"TO11",6,"ACGL",0,0,0,0,0,0
"16542",2017,"TO11",6,"ALRU",0,0,0,0,0,0
"16543",2017,"TO11",6,"CANO",0,0,0,0,0,0
"16544",2017,"TO11",6,"PICO",0,0,0,0,0,0
"16545",2017,"TO11",6,"PIEN",0,0,0,0,0,0
"16546",2017,"TO11",6,"PIMO",0,0,0,0,0,0
"16547",2017,"TO11",6,"PISI",0,0,0,0,0,0
"16548",2017,"TO11",6,"PSME",11,1,1,3,0,3
"16549",2017,"TO11",6,"TABR",0,0,0,0,0,0
"16550",2017,"TO11",6,"THPL",70,37,0,0,0,0
"16551",2017,"TO11",6,"TSHE",163,44,9,22,0,22
"16552",2017,"TO11",6,"TSME",0,0,0,0,0,0
